scheme,step,E2_over_E2_0
uw1,0,1.0
uw1,200,0.7085763931751062
uw1,400,0.5561645134383254
uw1,600,0.4370232481233165
uw1,800,0.34341235606613396
uw1,1000,0.26985315775474317
uw1,1200,0.21205040005169093
uw1,1400,0.1666290383469371
uw1,1600,0.13093696788017714
uw1,1800,0.10289016685050836
uw1,2000,0.0808510125590602
uw1,2200,0.06353266237115655
uw1,2400,0.04992391635193012
uw1,2600,0.039230174384224284
uw1,2800,0.030827040318064852
uw1,3000,0.024223864147637955
uw1,3200,0.0190350934825019
uw1,3400,0.014957761556094145
uw1,3600,0.011753797320440641
uw1,3800,0.009236124732427716
uw1,4000,0.0072577395838373075
uw1,4200,0.005703126082940352
uw1,4400,0.004481512011032723
uw1,4600,0.003521568629721741
uw1,4800,0.00276724587222125
uw1,5000,0.002174499639931942
uw1,5200,0.0017087201146563273
uw1,5400,0.0013427109283506323
uw1,5600,0.0010551011962979242
uw1,5800,0.0008290976940187701
uw1,6000,0.0006515043188645412
uw1,6200,0.0005119515837050929
uw1,6400,0.00040229115367176345
uw1,6600,0.00031612007360403923
uw1,6800,0.000248406906349622
uw1,7000,0.00019519795253331683
uw1,7200,0.00015338639828142204
uw1,7400,0.00012053091168428786
uw1,7600,9.471309603861518e-05
uw1,7800,7.442547671685227e-05
uw1,8000,5.8483481336861444e-05
uw1,8200,4.59562738481533e-05
uw1,8400,3.611240401099898e-05
uw1,8600,2.8377098799667367e-05
uw1,8800,2.2298702020525136e-05
uw1,9000,1.7522302590214054e-05
uw1,9200,1.3769011657288909e-05
uw1,9400,1.0819678580624362e-05
uw1,9600,8.502094957995813e-06
uw1,9800,6.680939561756045e-06
uw1,10000,5.249877077162029e-06
uw1,10200,4.125349297137934e-06
uw1,10400,3.2416962479807806e-06
uw1,10600,2.547322373759544e-06
uw1,10800,2.001683927017467e-06
uw1,11000,1.572921662744476e-06
uw1,11200,1.2360006111540595e-06
uw1,11400,9.712483125876984e-07
uw1,11600,7.632061636471736e-07
uw1,11800,5.997268058846084e-07
uw1,12000,4.7126485454175325e-07
uw1,12200,3.703195537485972e-07
uw1,12400,2.909968154147811e-07
uw1,12600,2.2866506973334503e-07
uw1,12800,1.7968483277600713e-07
uw1,13000,1.4119620092125265e-07
uw1,13200,1.1095186414229614e-07
uw1,13400,8.718588797949462e-08
uw1,13600,6.851060251699951e-08
uw1,13800,5.383557782133525e-08
uw1,14000,4.230395490446745e-08
uw1,14200,3.3242414644428344e-08
uw1,14400,2.612186340231292e-08
uw1,14600,2.0526539810893722e-08
uw1,14800,1.6129738913300426e-08
uw1,15000,1.2674736210199577e-08
uw1,15200,9.959797791002978e-09
uw1,15400,7.826401306706632e-09
uw1,15600,6.14998001956935e-09
uw1,15800,4.832649484596633e-09
uw1,16000,3.7974921815449245e-09
uw1,16200,2.9840663832250813e-09
uw1,16400,2.344877027731328e-09
uw1,16600,1.842602532601692e-09
uw1,16800,1.4479156275563913e-09
uw1,17000,1.1377709665697073e-09
uw1,17200,8.940595347766896e-10
uw1,17400,7.025512824738949e-10
uw1,17600,5.520642477449739e-10
uw1,17800,4.3381165367034786e-10
uw1,18000,3.4088885782572426e-10
uw1,18200,2.678701975996956e-10
uw1,18400,2.1049219155993543e-10
uw1,18600,1.6540459933477467e-10
uw1,18800,1.2997480466303786e-10
uw1,19000,1.0213409974775206e-10
uw1,19200,8.025689562163453e-11
uw1,19400,6.306580574685791e-11
uw1,19600,4.955706078205537e-11
uw1,19800,3.894189956462562e-11
uw1,20000,3.060051419051278e-11
uw1,20200,2.4045860093953437e-11
uw1,20400,1.8895218036474874e-11
uw1,20600,1.4847847540113727e-11
uw1,20800,1.1667426972734225e-11
uw1,21000,9.16825498081882e-12
uw1,21200,7.204407586157844e-12
uw1,21400,5.661217840917113e-12
uw1,21600,4.4485805472605656e-12
uw1,21800,3.495691111271416e-12
uw1,22000,2.7469113384823327e-12
uw1,22200,2.15852077923968e-12
uw1,22400,1.6961639384340987e-12
uw1,22600,1.3328442949053565e-12
uw1,22800,1.0473480034611521e-12
uw1,23000,8.230052411575606e-13
uw1,23200,6.467168741759463e-13
uw1,23400,5.081896134168554e-13
uw1,23600,3.9933500036448947e-13
uw1,23800,3.137971306495372e-13
uw1,24000,2.4658153959459183e-13
uw1,24200,1.9376358076628233e-13
uw1,24400,1.5225927006984705e-13
uw1,24600,1.1964521521805386e-13
uw1,24800,9.401711644885466e-14
uw1,25000,7.387857650009653e-14
uw1,25200,5.805372757469959e-14
uw1,25400,4.5618573678298083e-14
uw1,25600,3.5847039481910094e-14
uw1,25800,2.8168575560461555e-14
uw1,26000,2.213484462240874e-14
uw1,26200,1.739354357505713e-14
uw1,26400,1.366783292398322e-14
uw1,26600,1.0740172411204951e-14
uw1,26800,8.439619072310926e-15
uw1,27000,6.631846059696846e-15
uw1,27200,5.211299441678904e-15
uw1,27400,4.095035021377485e-15
uw1,27600,3.217875313821075e-15
uw1,27800,2.528603902346107e-15
uw1,28000,1.986974966835363e-15
uw1,28200,1.5613633733489317e-15
uw1,28400,1.2269181163959534e-15
uw1,28600,9.64111295317407e-16
uw1,28800,7.575979010637047e-16
uw1,29000,5.953198375371924e-16
uw1,29200,4.678018622645416e-16
uw1,29400,3.6759833712831956e-16
uw1,29600,2.888584855249904e-16
uw1,29800,2.2698477178003256e-16
uw1,30000,1.783644559597889e-16
uw1,30200,1.4015864985278314e-16
uw1,30400,1.1013655732498514e-16
uw1,30600,8.65452205207502e-17
uw1,30800,6.80071665294927e-17
uw1,31000,5.3439978216489287e-17
uw1,31200,4.1993093044691954e-17
uw1,31400,3.299813963838857e-17
uw1,31600,2.5929912293808246e-17
uw1,31800,2.0375704780108077e-17
uw1,32000,1.6011212864196866e-17
uw1,32200,1.2581598533607307e-17
uw1,32400,9.88661027765368e-18
uw1,32600,7.768890616014801e-18
uw1,32800,6.104788163848471e-18
uw1,33000,4.797137759751589e-18
uw1,33200,3.769587095963595e-18
uw1,33400,2.962138588821991e-18
uw1,33600,2.3276461840565123e-18
uw1,33800,1.829062549131942e-18
uw1,34000,1.4372759191462298e-18
uw1,34200,1.1294102920307642e-18
uw1,34400,8.87489723269508e-19
uw1,34600,6.97388729735016e-19
uw1,34800,5.480075178444932e-19
uw1,35000,4.3062387849053857e-19
uw1,35200,3.3838390658511954e-19
uw1,35400,2.659018088759391e-19
uw1,35600,2.0894543324184698e-19
uw1,35800,1.641891578593682e-19
uw1,36000,1.2901971170322492e-19
uw1,36200,1.0138358844766733e-19
uw1,36400,7.966714442959856e-20
uw1,36600,6.260237972186856e-20
uw1,36800,4.919290097443208e-20
uw1,37000,3.8655743072893686e-20
uw1,37200,3.0375652643339944e-20
uw1,37400,2.3869164066227725e-20
uw1,37600,1.8756370436222216e-20
uw1,37800,1.4738741204538112e-20
uw1,38000,1.1581691299657578e-20
uw1,38200,9.100883956037114e-21
uw1,38400,7.151467487628733e-21
uw1,38600,5.619617552939412e-21
uw1,38800,4.415891073536293e-21
uw1,39000,3.4700037484112686e-21
uw1,39200,2.7267262288573047e-21
uw1,39400,2.1426593358991293e-21
uw1,39600,1.6837000286749202e-21
uw1,39800,1.3230501643745116e-21
uw1,40000,1.0396517833577772e-21
uw1,40200,8.169575574256514e-22
uw1,40400,6.419646090341057e-22
uw1,40600,5.044552871889158e-22
uw1,40800,3.964005697381552e-22
uw1,41000,3.1149125736071115e-22
uw1,41200,2.4476958616948627e-22
uw1,41400,1.9233974918340157e-22
uw1,41600,1.511404243267282e-22
uw1,41800,1.1876602710904844e-22
uw1,42000,9.332625112110913e-23
uw1,42200,7.333569506642823e-23
uw1,42400,5.76271317691415e-23
uw1,42600,4.528335502826969e-23
uw1,42800,3.5583624929158395e-23
uw1,43000,2.796158461113488e-23
uw1,43200,2.1972191296479762e-23
uw1,43400,1.7265730718882407e-23
uw1,43600,1.3567397681665014e-23
uw1,43800,1.0661250476421428e-23
uw1,44000,8.37760227774552e-24
uw1,44200,6.583113311079911e-24
uw1,44400,5.173005285968284e-24
uw1,44600,4.064943503800337e-24
uw1,44800,3.1942294228674144e-24
uw1,45000,2.510022979746942e-24
uw1,45200,1.972374092403827e-24
uw1,45400,1.5498900176515644e-24
uw1,45600,1.2179023624713811e-24
uw1,45800,9.570267229418556e-25
uw1,46000,7.520308496374636e-25
uw1,46200,5.909452528848619e-25
uw1,46400,4.6436431706957545e-25
uw1,46600,3.648971168053479e-25
uw1,46800,2.8673586870996783e-25
uw1,47000,2.253168211485714e-25
uw1,47200,1.7705378165941498e-25
uw1,47400,1.3912872301366803e-25
uw1,47600,1.0932724162113172e-25
uw1,47800,8.590926087427038e-26
uw1,48000,6.75074299371777e-26
uw1,48200,5.304728559348882e-26
uw1,48400,4.168451548897481e-26
uw1,48600,3.2755659636689463e-26
uw1,48800,2.5739371698309156e-26
uw1,49000,2.0225978129337927e-26
uw1,49200,1.5893557779241747e-26
uw1,49400,1.248914525996101e-26
uw1,49600,9.813960567603514e-27
uw1,49800,7.711802530734387e-27
uw1,50000,6.0599283911290246e-27
uw1,50200,4.761886985469086e-27
uw1,50400,3.7418870651300174e-27
uw1,50600,2.9403719262791463e-27
uw1,50800,2.3105419576713306e-27
uw1,51000,1.815622061429258e-27
uw1,51200,1.426714394431935e-27
uw1,51400,1.1211110541788224e-27
uw1,51600,8.809681886628737e-28
uw1,51800,6.922641129467914e-28
uw1,52000,5.439805979843367e-28
uw1,52200,4.274595280170778e-28
uw1,52400,3.35897362460424e-28
uw1,52600,2.6394788444945315e-28
uw1,52800,2.074100409572295e-28
uw1,53000,1.6298264780416488e-28
uw1,53200,1.2807163704641538e-28
uw1,53400,1.0063859212458814e-28
uw1,53600,7.908172690217595e-29
uw1,53800,6.214235908713959e-29
uw1,54000,4.883141711980934e-29
uw1,54200,3.8371689342934585e-29
uw1,54400,3.015244344472198e-29
uw1,54600,2.3693766452702815e-29
uw1,54800,1.8618543128832048e-29
uw1,55000,1.4630436614295046e-29
uw1,55200,1.1496585637435566e-29
uw1,55400,9.034007993291752e-30
uw1,55600,7.098916408460204e-30
uw1,55800,5.578322956070692e-30
uw1,56000,4.3834418116461336e-30
uw1,56200,3.4445051438223055e-30
uw1,56400,2.7066894453339963e-30
uw1,56600,2.126914447093186e-30
uw1,56800,1.671327707377784e-30
uw1,57000,1.3133280039854355e-30
uw1,57200,1.0320121173354608e-30
uw1,57400,8.109543138463616e-31
uw1,57600,6.372472649294019e-31
uw1,57800,5.007484018846188e-31
uw1,58000,3.9348770216813593e-31
uw1,58200,3.0920232830465583e-31
uw1,58400,2.4297094750922626e-31
uw1,58600,1.9092638033231208e-31
uw1,58800,1.5002980019005965e-31
uw1,59000,1.1789329953195499e-31
uw1,59200,9.26404624742821e-32
uw1,59400,7.279680288465121e-32
uw1,59600,5.720367071459644e-32
uw1,59800,4.4950599663133227e-32
uw1,60000,3.532214602374623e-32
uw1,60200,2.7756114691972213e-32
uw1,60400,2.181073319486286e-32
uw1,60600,1.713885706903639e-32
uw1,60800,1.3467700466944595e-32
uw1,61000,1.0582908483146453e-32
uw1,61200,8.316041200763503e-33
uw1,61400,6.534738664983226e-33
uw1,61600,5.1349925269377156e-33
uw1,61800,4.035073107514067e-33
uw1,62000,3.1707572888510094e-33
uw1,62200,2.4915785952130387e-33
uw1,62400,1.9578805094770794e-33
uw1,62600,1.5385009715346617e-33
uw1,62800,1.2089528589491325e-33
uw1,63000,9.499942100805831e-34
uw1,63200,7.465047065367864e-34
uw1,63400,5.866028139627326e-34
uw1,63600,4.6095203196423455e-34
uw1,63800,3.6221574584102767e-34
uw1,64000,2.846288495054336e-34
uw1,64200,2.2366112710722053e-34
uw1,64400,1.7575273857795389e-34
uw1,64600,1.3810636437883437e-34
uw1,64800,1.085238730062776e-34
uw1,65000,8.527797444567035e-35
uw1,65200,6.701136555581402e-35
uw1,65400,5.265747859097896e-35
uw1,65600,4.137820545158002e-35
uw1,65800,3.2514961449112876e-35
uw1,66000,2.5550231250952574e-35
uw1,66200,2.0077351713882008e-35
uw1,66400,1.577676725833518e-35
uw1,66600,1.2397371360067196e-35
uw1,66800,9.741844708916167e-36
uw1,67000,7.655133945436923e-36
uw1,67200,6.015398261167762e-36
uw1,67400,4.726895244207883e-36
uw1,67600,3.7143905822417796e-36
uw1,67800,2.9187652115523944e-36
uw1,68000,2.29356341815481e-36
uw1,68200,1.80228033836957e-36
uw1,68400,1.4162304788967834e-36
uw1,68600,1.112872801559092e-36
uw1,68800,8.74494576203966e-37
uw1,69000,6.871771533447326e-37
uw1,69200,5.39983269111588e-37
uw1,69400,4.2431843011835586e-37
uw1,69600,3.3342909019075413e-37
uw1,69800,2.620083180323417e-37
uw1,70000,2.0588593118513768e-37
uw1,70200,1.6178500353847101e-37
uw1,70400,1.2713052912006138e-37
uw1,70600,9.98990702528467e-38
uw1,70800,7.850061119432849e-38
uw1,71000,6.168571881886492e-38
uw1,71200,4.847258955449991e-38
uw1,71400,3.8089722923038294e-38
uw1,71600,2.993087445271721e-38
uw1,71800,2.351965771225045e-38
uw1,72000,1.8481728616893223e-38
uw1,72200,1.452292787792475e-38
uw1,72400,1.1412105356563703e-38
uw1,72600,8.967623454721726e-39
uw1,72800,7.046751490023916e-39
uw1,73000,5.5373318040030466e-39
uw1,73200,4.3512309964430954e-39
uw1,73400,3.4191939104534034e-39
uw1,73600,2.686799897968719e-39
uw1,73800,2.1112852563449546e-39
uw1,74000,1.6590463015238203e-39
uw1,74200,1.3036772848804264e-39
uw1,74400,1.0244285898182323e-39
uw1,74600,8.049951838604197e-40
uw1,74800,6.325645852518139e-40
uw1,75000,4.970687558600111e-40
uw1,75200,3.9059623920277115e-40
uw1,75400,3.0693021897018052e-40
uw1,75600,2.411855257730156e-40
uw1,75800,1.8952339732979332e-40
uw1,76000,1.4892733724506709e-40
uw1,76200,1.1702698501289118e-40
uw1,76400,9.1959713203434e-41
uw1,76600,7.226187064057309e-41
uw1,76800,5.678332137599497e-41
uw1,77000,4.4620289481949064e-41
uw1,77200,3.506258854196952e-41
uw1,77400,2.755215462599799e-41
uw1,77600,2.165046153469938e-41
uw1,77800,1.7012915723955617e-41
uw1,78000,1.336873585657882e-41
uw1,78200,1.0505142169799802e-41
uw1,78400,8.254932492618465e-42
uw1,78600,6.48671948996448e-42
uw1,78800,5.097259096801898e-42
uw1,79000,4.00542220765461e-42
uw1,79200,3.147457634954955e-42
uw1,79400,2.4732697454226716e-42
uw1,79600,1.943493429645692e-42
uw1,79800,1.5271956154667127e-42
uw1,80000,1.2000691190018304e-42
uw1,80200,9.430133741850174e-43
uw1,80400,7.410191711553034e-43
uw1,80600,5.822922845545548e-43
uw1,80800,4.57564821329975e-43
uw1,81000,3.595540783764526e-43
uw1,81200,2.825373132955733e-43
uw1,81400,2.2201759959096287e-43
uw1,81600,1.7446125594238597e-43
uw1,81800,1.3709151833489888e-43
uw1,82000,1.0772640777946976e-43
uw1,82200,8.465132689477525e-44
uw1,82400,6.651894640091906e-44
uw1,82600,5.227053600457436e-44
uw1,82800,4.107414627011822e-44
uw1,83000,3.227603198236622e-44
uw1,83200,2.536248066303944e-44
uw1,83400,1.9929817448888636e-44
uw1,83600,1.5660834948407036e-44
uw1,83800,1.2306271841688343e-44
uw1,84000,9.670258778695304e-45
uw1,84200,7.598881777513548e-45
uw1,84400,5.971195351653044e-45
uw1,84600,4.692160632517399e-45
uw1,84800,3.6870961515689095e-45
uw1,85000,2.8973172692982916e-45
uw1,85200,2.276709641922996e-45
uw1,85400,1.7890366542013255e-45
uw1,85600,1.4058236022457745e-45
uw1,85800,1.1046950860342087e-45
uw1,86000,8.680685337467951e-46
uw1,86200,6.821275742127962e-46
uw1,86400,5.360153137829961e-46
uw1,86600,4.212004139276358e-46
uw1,86800,3.3097895550916187e-46
uw1,87000,2.6008300411774146e-46
uw1,87200,2.0437302101836105e-46
uw1,87400,1.6059615991386594e-46
uw1,87600,1.2619633673058495e-46
uw1,87800,9.916498260456953e-47
uw1,88000,7.792376569502497e-47
uw1,88200,6.123243407712096e-47
uw1,88400,4.811639875931132e-47
uw1,88600,3.7809828475038637e-47
uw1,88800,2.9710933614606713e-47
uw1,89000,2.334682837385352e-47
uw1,89200,1.8345919458087916e-47
uw1,89400,1.4416209147259682e-47
uw1,89600,1.1328245861556526e-47
uw1,89800,8.901726729198159e-48
uw1,90000,6.994969894697636e-48
uw1,90200,5.496641866935143e-48
uw1,90400,4.3192568757510366e-48
uw1,90600,3.3940686714459246e-48
uw1,90800,2.6670565048270358e-48
uw1,91000,2.095770913471198e-48
uw1,91200,1.6468551430397036e-48
uw1,91400,1.2940974820879893e-48
uw1,91600,1.0169007882839027e-48
uw1,91800,7.990798433082124e-49
uw1,92000,6.2791631527697304e-49
uw1,92200,4.934161489528827e-49
uw1,92400,3.877260235547529e-49
uw1,92600,3.0467480576104167e-49
uw1,92800,2.3941322383902328e-49
uw1,93000,1.8813072385758624e-49
uw1,93200,1.4783297552092222e-49
uw1,93400,1.161670364268271e-49
uw1,93600,9.128396627775319e-50
uw1,93800,7.173086923541119e-50
uw1,94000,5.636606088753645e-50
uw1,94200,4.4292406516789e-50
uw1,94400,3.480493836464426e-50
uw1,94600,2.734969331836852e-50
uw1,94800,2.1491367597669836e-50
uw1,95000,1.6887899832791437e-50
uw1,95200,1.327049846717617e-50
uw1,95400,1.042794730611664e-50
uw1,95600,8.194272829171615e-51
uw1,95800,6.439053173918017e-51
uw1,96000,5.0598029429702507e-51
uw1,96200,3.9759891912978886e-51
uw1,96400,3.124329193744766e-51
uw1,96600,2.4550954344268176e-51
uw1,96800,1.929212070293705e-51
uw1,97000,1.515973334468708e-51
uw1,97200,1.1912506593794525e-51
uw1,97400,9.3608383551767e-52
uw1,97600,7.355739450955946e-52
uw1,97800,5.78013430179869e-52
uw1,98000,4.5420250091223524e-52
uw1,98200,3.569119696245322e-52
uw1,98400,2.8046114630680476e-52
uw1,98600,2.2038614919660683e-52
uw1,98800,1.731792634997534e-52
uw1,99000,1.3608412967714204e-52
uw1,99200,1.0693480256088271e-52
uw1,99400,8.402928413375232e-53
uw1,99600,6.603014568630067e-53
uw1,99800,5.188643678570625e-53
uw1,100000,4.0772321404640548e-53
uw1,100200,3.2038858239370684e-53
uw1,100400,2.51761097214754e-53
uw1,100600,1.9783367308916254e-53
uw1,100800,1.5545754543071638e-53
uw1,101000,1.2215841749271525e-53
uw1,101200,9.599198882871327e-54
uw1,101400,7.543042967007414e-54
uw1,101600,5.92731725807318e-54
uw1,101800,4.65768126093423e-54
uw1,102000,3.6600022883725375e-54
uw1,102200,2.8760269328102006e-54
uw1,102400,2.259979712178725e-54
uw1,102600,1.7758902885060357e-54
uw1,102800,1.395493198374623e-54
uw1,103000,1.0965774627598663e-54
uw1,103200,8.616897117330536e-55
uw1,103400,6.771151008683382e-55
uw1,103600,5.320765161531552e-55
uw1,103800,4.1810530983376676e-55
uw1,104000,3.2854682513533724e-55
uw1,104200,2.5817183797408985e-55
uw1,104400,2.0287122815891974e-55
uw1,104600,1.5941605226066114e-55
uw1,104800,1.2526900906059553e-55
uw1,105000,9.843628924749087e-56
uw1,105200,7.735115902552206e-56
uw1,105400,6.078248020451575e-56
uw1,105600,4.776282535848422e-56
uw1,105800,3.7531990773479137e-56
uw1,106000,2.9492608966238667e-56
uw1,106200,2.317526903609093e-56
uw1,106400,1.8211108264786813e-56
uw1,106600,1.4310274617106513e-56
uw1,106800,1.1245002590697644e-56
uw1,107000,8.836314232127888e-57
uw1,107200,6.943568805710851e-57
uw1,107400,5.456250931450919e-57
uw1,107600,4.2875177102693413e-57
uw1,107800,3.369128060058802e-57
uw1,108000,2.647458191924882e-57
uw1,108200,2.080370574536083e-57
uw1,108400,1.63475356876132e-57
uw1,108600,1.2845880744942822e-57
uw1,108800,1.0094283032416242e-57
uw1,109000,7.93207970412152e-58
uw1,109200,6.233022021523011e-58
uw1,109400,4.897903824718759e-58
uw1,109600,3.848768990925676e-58
uw1,109800,3.024359659892182e-58
uw1,110000,2.3765394529909803e-58
uw1,110200,1.8674828415824124e-58
uw1,110400,1.4674665548748024e-58
uw1,110600,1.1531340699502156e-58
uw1,110800,9.061318493854154e-59
uw1,111000,7.12037697842092e-59
uw1,111200,5.5951866551444775e-59
uw1,111400,4.396693293175831e-59
uw1,111600,3.4549181476338377e-59
uw1,111800,2.7148719755768216e-59
uw1,112000,2.1333442729519463e-59
uw1,112200,1.6763802595037277e-59
uw1,112400,1.31729829549039e-59
uw1,112600,1.0351319692917375e-59
uw1,112800,8.134058910710913e-60
uw1,113000,6.391737123932697e-60
uw1,113200,5.022622027935223e-60
uw1,113400,3.9467724573720705e-60
uw1,113600,3.101370707099457e-60
uw1,113800,2.4370546735949888e-60
uw1,114000,1.9150356545560537e-60
uw1,114200,1.504833518080689e-60
uw1,114400,1.1824970003830392e-60
uw1,114600,9.292052171314733e-61
uw1,114800,7.301687321529484e-61
uw1,115000,5.7376601808124505e-61
uw1,115200,4.508648878104088e-61
uw1,115400,3.542892758621136e-61
uw1,115600,2.7840023560158677e-61
uw1,115800,2.187666871779206e-61
uw1,116000,1.7190669151333648e-61
uw1,116200,1.350841436065043e-61
uw1,116400,1.0614901428945846e-61
uw1,116600,8.341181232525588e-62
uw1,116800,6.5544936822598994e-62
uw1,117000,5.1505160040476464e-62
uw1,117200,4.047271443673817e-62
uw1,117400,3.1803427318553417e-62
uw1,117600,2.4991108288214584e-62
uw1,117800,1.963799332749637e-62
uw1,118000,1.5431519782284286e-62
uw1,118200,1.2126076163678496e-62
uw1,118400,9.52866115598924e-63
uw1,118600,7.487614476447018e-63
uw1,118800,5.883761593585442e-63
uw1,119000,4.6234552538792244e-63
uw1,119200,3.6331075188240423e-63
uw1,119400,2.8548930439547404e-63
uw1,119600,2.2433727188616946e-63
uw1,119800,1.762840526159024e-63
uw1,120000,1.385238705338919e-63
uw1,120200,1.0885194901605884e-63
uw1,120400,8.553577631730777e-64
uw1,120600,6.721394606471518e-64
uw1,120800,5.2816666196274446e-64
uw1,121000,4.1503294947194265e-64
uw1,121200,3.261325667683476e-64
uw1,121400,2.5627471563941715e-64
uw1,121600,2.013804709135791e-64
uw1,121800,1.582446163843771e-64
uw1,122000,1.2434849566612134e-64
uw1,122200,9.771295054277724e-65
uw1,122400,7.678276003765543e-65
uw1,122600,6.033583272484619e-65
uw1,122800,4.741185011863741e-65
uw1,123000,3.7256194704783825e-65
uw1,123200,2.9275888631376894e-65
uw1,123400,2.300497036662553e-65
uw1,123600,1.8077287703646674e-65
uw1,123800,1.4205118524929883e-65
uw1,124000,1.1162371015791298e-65
uw1,124200,8.771382405258226e-66
uw1,124400,6.892545426991389e-66
uw1,124600,5.416156800399051e-66
uw1,124800,4.2560117734782314e-66
uw1,125000,3.344370719594148e-66
uw1,125200,2.628003893170125e-66
uw1,125400,2.0650834018052435e-66
uw1,125600,1.622740920397658e-66
uw1,125800,1.275148544814744e-66
uw1,126000,1.0020107282095911e-66
uw1,126200,7.873792457591537e-67
uw1,126400,6.187219948832472e-67
uw1,126600,4.8619125918566894e-67
uw1,126800,3.820487108319973e-67
uw1,127000,3.0021357786823305e-67
uw1,127200,2.3590759445352175e-67
uw1,127400,1.8537600303099467e-67
uw1,127600,1.4566831805204017e-67
uw1,127800,1.144660502824764e-67
uw1,128000,8.994733269721383e-68
uw1,128200,7.068054361426543e-68
uw1,128400,5.554071583673344e-68
uw1,128600,4.364385102202547e-68
uw1,128800,3.429530396460913e-68
uw1,129000,2.6949223005810508e-68
uw1,129200,2.1176678339587455e-68
uw1,129400,1.6640617260158566e-68
uw1,129600,1.3076184015197248e-68
uw1,129800,1.0275255161879172e-68
uw1,130000,8.074287461771543e-69
uw1,130200,6.344768766150834e-69
uw1,130400,4.985714329161471e-69
uw1,130600,3.917770416570462e-69
uw1,130800,3.0785809261430696e-69
uw1,131000,2.4191464815614375e-69
uw1,131200,1.900963411276301e-69
uw1,131400,1.4937755603285307e-69
uw1,131600,1.1738076658385998e-69
uw1,131800,9.223771448492781e-70
uw1,132000,7.24803238299255e-70
uw1,132200,5.695498172116243e-70
uw1,132400,4.475518004678983e-70
uw1,132600,3.51685854422164e-70
uw1,132800,2.7635446907227678e-70
uw1,133000,2.1715912544080662e-70
uw1,133200,1.7064347075886234e-70
uw1,133400,1.3409150572660608e-70
uw1,133600,1.0536900022056446e-70
uw1,133800,8.279887788058712e-71
uw1,134000,6.506329341584081e-71
uw1,134200,5.112668502852151e-71
uw1,134400,4.017530906864969e-71
uw1,134600,3.1569726413146298e-71
uw1,134800,2.480746629970865e-71
uw1,135000,1.949368759670057e-71
uw1,135200,1.5318124452000996e-71
uw1,135400,1.2036970201918389e-71
uw1,135600,9.45864176099865e-72
uw1,135800,7.432593290681161e-72
uw1,136000,5.840525988886372e-72
uw1,136200,4.589480749555578e-72
uw1,136400,3.606410379924949e-72
uw1,136600,2.8339144531088544e-72
uw1,136800,2.2268877585990056e-72
uw1,137000,1.7498866572905751e-72
uw1,137200,1.3750595653235946e-72
uw1,137400,1.080520729905732e-72
uw1,137600,8.490723436269908e-73
uw1,137800,6.672003828886525e-73
uw1,138000,5.242855385268889e-73
uw1,138200,4.1198316571455474e-73
uw1,138400,3.237360490794488e-73
uw1,138600,2.5439153391569927e-73
uw1,138800,1.9990066818941283e-73
uw1,139000,1.5708178856225555e-73
uw1,139200,1.2343474647386888e-73
uw1,139400,9.699492714287379e-74
uw1,139600,7.621853781214732e-74
uw1,139800,5.9892467341767974e-74
uw1,140000,4.706345394772254e-74
uw1,140200,3.698242526643611e-74
uw1,140400,2.906076082105565e-74
uw1,140600,2.283592310169732e-74
uw1,140800,1.7944450495212127e-74
uw1,141000,1.4100735150539427e-74
uw1,141200,1.108034664191637e-74
uw1,141400,8.706927716483677e-75
uw1,141600,6.841896983013526e-75
uw1,141800,5.376357292773597e-75
uw1,142000,4.224737351544934e-75
uw1,142200,3.3197953033235136e-75
uw1,142400,2.608692550304601e-75
uw1,142600,2.049908563700245e-75
uw1,142800,1.6108165444950363e-75
uw1,143000,1.2657783795659838e-75
uw1,143200,9.94647659692959e-76
uw1,143400,7.815933522832847e-76
uw1,143600,6.141754443196495e-76
uw1,143800,4.826185833122597e-76
uw1,144000,3.792413049276981e-76
uw1,144200,2.980075205065351e-76
uw1,144400,2.341740763058081e-76
uw1,144600,1.8401380582768172e-76
uw1,144800,1.4459790455613255e-76
uw1,145000,1.1362492019541228e-76
uw1,145200,8.928637333331433e-77
uw1,145400,7.016116226357418e-77
uw1,145600,5.513258637798067e-77
uw1,145800,4.332314321285954e-77
uw1,146000,3.4043292019246696e-77
uw1,146200,2.6751192216443267e-77
uw1,146400,2.1021065900339747e-77
uw1,146600,1.651833712722572e-77
uw1,146800,1.2980096382470963e-77
uw1,147000,1.0199749575309264e-77
uw1,147200,8.014955230957762e-78
uw1,147400,6.298145545628201e-78
uw1,147600,4.9490778389758145e-78
uw1,147800,3.8889814912650533e-78
uw1,148000,3.0559586111767495e-78
uw1,148200,2.4013698841717724e-78
uw1,148400,1.886994574964689e-78
uw1,148600,1.482798859690981e-78
uw1,148800,1.1651821830712033e-78
uw1,149000,9.155992472434953e-79
uw1,149200,7.194771716670042e-79
uw1,149400,5.653645982217464e-79
uw1,149600,4.442630586622342e-79
uw1,149800,3.4910156368600854e-79
uw1,150000,2.743237354350309e-79
uw1,150200,2.155633765385075e-79
uw1,150400,1.6938953252073757e-79
uw1,150600,1.3310616204078819e-79
uw1,150800,1.0459471792366818e-79
uw1,151000,8.219044745786679e-80
uw1,151200,6.458518926600355e-80
uw1,151400,5.0750991161884166e-80
uw1,151600,3.9880089122374445e-80
uw1,151800,3.1337742810489056e-80
uw1,152000,2.4625173766359115e-80
uw1,152200,1.9350442266710192e-80
uw1,152400,1.5205562383840425e-80
uw1,152600,1.1948519016881947e-80
uw1,152800,9.389136889044899e-81
uw1,153000,7.3779764167148295e-81
uw1,153200,5.797608092082843e-81
uw1,153400,4.555755899847518e-81
uw1,153600,3.5799094194273273e-81
uw1,153800,2.8130900190972597e-81
uw1,154000,2.210523934656014e-81
uw1,154200,1.7370279772473092e-81
uw1,154400,1.364955224612577e-81
uw1,154600,1.0725807468856397e-81
uw1,154800,8.428331111859649e-82
uw1,155000,6.622975989211506e-82
uw1,155200,5.204329347235848e-82
uw1,155400,4.0895579266209754e-82
uw1,155600,3.213571417049394e-82
uw1,155800,2.5252219036324152e-82
uw1,156000,1.9843173948938896e-82
uw1,156200,1.5592750553979187e-82
uw1,156400,1.2252771177849789e-82
uw1,156600,9.628217998936309e-83
uw1,156800,7.565846165692392e-83
uw1,157000,5.945235993747355e-83
uw1,157200,4.671761789398531e-83
uw1,157400,3.671066756616227e-83
uw1,157600,2.8847213832937883e-83
uw1,157800,2.2668118045618976e-83
uw1,158000,1.7812589413519293e-83
uw1,158200,1.399711881577842e-83
uw1,158400,1.0998925007181755e-83
uw1,158600,8.642946659653704e-84
uw1,158800,6.791620718646904e-84
uw1,159000,5.33685024359528e-84
uw1,159200,4.193692743230434e-84
uw1,159400,3.2954004744146086e-84
uw1,159600,2.5895231128465424e-84
uw1,159800,2.0348452347533352e-84
uw1,160000,1.5989797924015403e-84
uw1,160200,1.2564770690378338e-84
uw1,160400,9.873386971618771e-85
uw1,160600,7.758499752485011e-85
uw1,160800,6.096623031421706e-85
uw1,161000,4.790721605083069e-85
uw1,161200,3.764545286648243e-85
uw1,161400,2.958176739009189e-85
uw1,161600,2.3245329655753204e-85
uw1,161800,1.8266161844867414e-85
uw1,162000,1.435353567723274e-85
uw1,162200,1.1278997097876018e-85
uw1,162400,8.863027089254566e-86
uw1,162600,6.964559747927663e-86
uw1,162800,5.472745597411214e-86
uw1,163000,4.300479205867372e-86
uw1,163200,3.37931319315226e-86
uw1,163400,2.6554616615358443e-86
uw1,163600,2.0866596946905107e-86
uw1,163800,1.6396955544549557e-86
uw1,164000,1.2884714829832916e-86
uw1,164200,1.0124798825919908e-86
uw1,164400,7.956058990766078e-87
uw1,164600,6.251864926195071e-87
uw1,164800,4.912710564458068e-87
uw1,165000,3.8604041154207223e-87
uw1,165200,3.0335025316113234e-87
uw1,165400,2.383723914429986e-87
uw1,165600,1.8731283857565122e-87
uw1,165800,1.4719028190669486e-87
uw1,166000,1.1566200828792807e-87
uw1,166200,9.088711556158972e-88
uw1,166400,7.141902425334192e-88
uw1,166600,5.61210133447679e-88
uw1,166800,4.409984834952766e-88
uw1,167000,3.465362630756291e-88
uw1,167200,2.723079242237525e-88
uw1,167400,2.13979353666851e-88
uw1,167600,1.6814480858831143e-88
uw1,167800,1.3212805894917428e-88
uw1,168000,1.0382612528002871e-88
uw1,168200,8.158648796022132e-89
uw1,168400,6.411059836558987e-89
uw1,168600,5.037805800389331e-89
uw1,168800,3.958703853879229e-89
uw1,169000,3.110746389133767e-89
uw1,169200,2.4444220771973865e-89
uw1,169400,1.9208249545389244e-89
uw1,169600,1.5093827454748226e-89
uw1,169800,1.1860717797077882e-89
uw1,170000,9.320142759261889e-90
uw1,170200,7.323760883546414e-90
uw1,170400,5.755005568564103e-90
uw1,170600,4.5222788702197435e-90
uw1,170800,3.553603195754781e-90
uw1,171000,2.7924186091303512e-90
uw1,171200,2.1942803568875347e-90
uw1,171400,1.7242637865538332e-90
uw1,171600,1.3549251335586487e-90
uw1,171800,1.0646991091879583e-90
uw1,172000,8.366397264536124e-91
uw1,172200,6.574308420472304e-91
uw1,172400,5.166086409822121e-91
uw1,172600,4.059506656341426e-91
uw1,172800,3.189957152390677e-91
uw1,173000,2.5066658329510563e-91
uw1,173200,1.9697360490799097e-91
uw1,173400,1.547817045272938e-91
uw1,173600,1.2162734223991736e-91
uw1,173800,9.557467031084016e-92
uw1,174000,7.510250110544554e-92
uw1,174200,5.9015486571379874e-92
uw1,174400,4.637432314493432e-92
uw1,174600,3.6440906821121314e-92
uw1,174800,2.8635236050678697e-92
uw1,175000,2.2501546070275795e-92
uw1,175200,1.7681697285702785e-92
uw1,175400,1.3894263884214838e-92
uw1,175600,1.091810168248357e-92
uw1,175800,8.579435754381947e-93
uw1,176000,6.741713899006648e-93
uw1,176200,5.297633503793703e-93
uw1,176400,4.162876259796896e-93
uw1,176600,3.2711849058585677e-93
uw1,176800,2.5704945380334223e-93
uw1,177000,2.0198925955625385e-93
uw1,177200,1.587230020231741e-93
uw1,177400,1.247244107265629e-93
uw1,177600,9.800834430297067e-94
uw1,177800,7.701488022315352e-94
uw1,178000,6.051823258488513e-94
uw1,178200,4.7555179785856283e-94
uw1,178400,3.736882304507252e-94
uw1,178600,2.9364391892999726e-94
uw1,178800,2.3074516160320104e-94
uw1,179000,1.8131936733884893e-94
uw1,179200,1.4248061690106683e-94
uw1,179400,1.1196115721367286e-94
uw1,179600,8.797898968481315e-95
uw1,179800,6.913382121612445e-95
uw1,180000,5.4325302587193564e-95
uw1,180200,4.2688780242076465e-95
uw1,180400,3.354481009344416e-95
uw1,180600,2.635948550940603e-95
uw1,180800,2.0713263076614617e-95
uw1,181000,1.6276465909319428e-95
uw1,181200,1.2790034168799667e-95
uw1,181400,1.0050398836604886e-95
uw1,181600,7.897595537409617e-96
uw1,181800,6.205924390318239e-96
uw1,182000,4.876610527332613e-96
uw1,182200,3.832036734510033e-96
uw1,182400,3.011211465900349e-96
uw1,182600,2.3662076124458382e-96
uw1,182800,1.859364089370773e-96
uw1,183000,1.461086845743016e-96
uw1,183200,1.1481208995090925e-96
uw1,183400,9.021925039775612e-97
uw1,183600,7.089421633046893e-97
uw1,183800,5.570861968984317e-97
uw1,184000,4.377578973834821e-97
uw1,184200,3.439898130460155e-97
uw1,184400,2.70306925784082e-97
uw1,184600,2.1240697065952708e-97
uw1,184800,1.6690923125216518e-97
uw1,185000,1.3115714324575634e-97
uw1,185200,1.0306318048040672e-97
uw1,185400,8.098696653398309e-98
uw1,185600,6.363949489821347e-98
uw1,185800,5.000786526805292e-98
uw1,186000,3.929614137679048e-98
uw1,186200,3.087887712917822e-98
uw1,186400,2.4264597473228115e-98
uw1,186600,1.906710169786078e-98
uw1,186800,1.4982913586664122e-98
uw1,187000,1.1773561766371161e-98
uw1,187200,9.251655618566458e-99
uw1,187400,7.269943742006099e-99
uw1,187600,5.712716100874827e-99
uw1,187800,4.48904783961767e-99
uw1,188000,3.527490277924039e-99
uw1,188200,2.7718990987425938e-99
uw1,188400,2.178156141689432e-99
uw1,188600,1.7115933908747118e-99
uw1,188800,1.3449687465535696e-99
uw1,189000,1.0568753880741604e-99
uw1,189200,8.304918525275325e-100
uw1,189400,6.525998475292489e-100
uw1,189600,5.128124492721374e-100
uw1,189800,4.0296762116038077e-100
uw1,190000,3.166516412269925e-100
uw1,190200,2.488246117715778e-100
uw1,190400,1.9552618512687072e-100
uw1,190600,1.5364432319646543e-100
uw1,190800,1.2073358888060115e-100
uw1,191000,9.487235962080345e-101
uw1,191200,7.455062591504935e-101
uw1,191400,5.858182347882622e-101
uw1,191600,4.6033551026317796e-101
uw1,191800,3.6173128357100824e-101
uw1,192000,2.842481594329349e-101
uw1,192200,2.2336198114629085e-101
uw1,192400,1.7551766991605484e-101
uw1,192600,1.3792164760834799e-101
uw1,192800,1.0837872271264304e-101
uw1,193000,8.516391545856952e-102
uw1,193200,6.692173809304621e-102
uw1,193400,5.258704940090478e-102
uw1,193600,4.132286224915832e-102
uw1,193800,3.2471472803977737e-102
uw1,194000,2.551605790765238e-102
uw1,194200,2.005049832747081e-102
uw1,194400,1.5755665888316604e-102
uw1,194600,1.2380789920026733e-102
uw1,194800,9.728815026313874e-103
uw1,195000,7.644895231048896e-103
uw1,195200,6.007352687417475e-103
uw1,195400,4.720573038653739e-103
uw1,195600,3.7094225980669474e-103
uw1,195800,2.9148613734772147e-103
uw1,196000,2.2904957852516254e-103
uw1,196200,1.7998697948358777e-103
uw1,196400,1.4143362756752076e-103
uw1,196600,1.1113843381505383e-103
uw1,196800,8.733249428228332e-104
uw1,197000,6.862580563495372e-104
uw1,197200,5.3926104341231844e-104
uw1,197400,4.2375090572929575e-104
uw1,197600,3.329831299701423e-104
uw1,197800,2.616578828401242e-104
uw1,198000,2.056105594854467e-104
uw1,198200,1.6156861667244064e-104
uw1,198400,1.2696049249014257e-104
uw1,198600,9.976545560217714e-105
uw1,198800,7.839561690643851e-105
uw1,199000,6.160321438964034e-105
uw1,199200,4.840775763860743e-105
uw1,199400,3.8038778054286504e-105
uw1,199600,2.9890842014736472e-105
uw1,199800,2.3488200253826316e-105
uw1,200000,1.8457009370691397e-105
lw,0,1.0
lw,200,0.9577437306864605
lw,400,0.9490598321684003
lw,600,0.9432240955787569
lw,800,0.9387090756698667
lw,1000,0.9349816097050407
lw,1200,0.931772163800157
lw,1400,0.9289239414448012
lw,1600,0.9263412170186688
lw,1800,0.9239639620798168
lw,2000,0.9217534731658422
lw,2200,0.9196839031987533
lw,2400,0.9177372227737717
lw,2600,0.9159002137244697
lw,2800,0.9141626718461702
lw,3000,0.9125163295042713
lw,3200,0.910954206870534
lw,3400,0.9094702184349762
lw,3600,0.908058931655753
lw,3800,0.906715416403196
lw,4000,0.9054351487185957
lw,4200,0.9042139471948872
lw,4400,0.9030479290768789
lw,4600,0.9019334784031111
lw,4800,0.9008672216157658
lw,5000,0.8998460079092852
lw,5200,0.8988668926838519
lw,5400,0.8979271231205855
lw,5600,0.8970241252818736
lw,5800,0.8961554923699852
lw,6000,0.8953189739137689
lw,6200,0.8945124657346576
lw,6400,0.8937340005918938
lw,6600,0.8929817394361522
lw,6800,0.8922539632184971
lw,7000,0.8915490652125655
lw,7200,0.8908655438148172
lw,7400,0.8902019957921828
lw,7600,0.8895571099496141
lw,7800,0.8889296611922779
lw,8000,0.8883185049589407
lw,8200,0.8877225720045429
lw,8400,0.8871408635112393
lw,8600,0.886572446508348
lw,8800,0.8860164495826994
lw,9000,0.8854720588618922
lw,9200,0.8849385142539116
lw,9400,0.8844151059274659
lw,9600,0.8839011710182754
lw,9800,0.8833960905473587
lw,10000,0.8828992865381733
lw,10200,0.8824102193201968
lw,10400,0.8819283850072721
lw,10600,0.88145331313972
lw,10800,0.8809845644798638
lw,11000,0.8805217289512427
lw,11200,0.880064423712354
lw,11400,0.8796122913563496
lw,11600,0.8791649982286034
lw,11800,0.8787222328545816
lw,12000,0.8782837044709136
lw,12200,0.8778491416529965
lw,12400,0.8774182910328865
lw,12600,0.8769909161016206
lw,12800,0.8765667960904826
lw,13000,0.8761457249260752
lw,13200,0.8757275102543816
lw,13400,0.8753119725293104
lw,13600,0.8748989441615092
lw,13800,0.8744882687234962
lw,14000,0.8740798002074136
lw,14200,0.8736734023319509
lw,14400,0.8732689478952027
lw,14600,0.8728663181704419
lw,14800,0.872465402341973
lw,15000,0.8720660969784321
lw,15200,0.8716683055410576
lw,15400,0.87127193792462
lw,15600,0.8708769100288563
lw,15800,0.8704831433583913
lw,16000,0.8700905646492565
lw,16200,0.8696991055202495
lw,16400,0.8693087021474869
lw,16600,0.8689192949606088
lw,16800,0.8685308283592105
lw,17000,0.8681432504481413
lw,17200,0.8677565127904373
lw,17400,0.8673705701767023
lw,17600,0.8669853804098534
lw,17800,0.8666009041042041
lw,18000,0.8662171044979345
lw,18200,0.8658339472780631
lw,18400,0.865451400417074
lw,18600,0.8650694340204462
lw,18800,0.8646880201843372
lw,19000,0.8643071328627595
lw,19200,0.8639267477436136
lw,19400,0.8635468421329869
lw,19600,0.8631673948471674
lw,19800,0.8627883861118628
lw,20000,0.8624097974681398
lw,20200,0.8620316116846369
lw,20400,0.8616538126756368
lw,20600,0.861276385424599
lw,20800,0.8608993159128006
lw,21000,0.8605225910527351
lw,21200,0.8601461986259535
lw,21400,0.8597701272250577
lw,21600,0.8593943661995602
lw,21800,0.8590189056053601
lw,22000,0.8586437361575886
lw,22200,0.8582688491866034
lw,22400,0.8578942365969201
lw,22600,0.8575198908288821
lw,22800,0.8571458048228919
lw,23000,0.8567719719860283
lw,23200,0.8563983861608917
lw,23400,0.8560250415965317
lw,23600,0.8556519329213114
lw,23800,0.8552790551175843
lw,24000,0.8549064034980637
lw,24200,0.8545339736837686
lw,24400,0.8541617615834397
lw,24600,0.8537897633743323
lw,24800,0.8534179754842898
lw,25000,0.8530463945750171
lw,25200,0.8526750175264652
lw,25400,0.8523038414222612
lw,25600,0.8519328635361156
lw,25800,0.8515620813191256
lw,26000,0.8511914923879419
lw,26200,0.8508210945137086
lw,26400,0.850450885611754
lw,26600,0.8500808637319653
lw,26800,0.8497110270498048
lw,27000,0.8493413738579286
lw,27200,0.8489719025583626
lw,27400,0.8486026116552013
lw,27600,0.8482334997477969
lw,27800,0.847864565524398
lw,28000,0.8474958077562175
lw,28200,0.8471272252918941
lw,28400,0.8467588170523261
lw,28600,0.8463905820258473
lw,28800,0.8460225192637253
lw,29000,0.8456546278759628
lw,29200,0.8452869070273775
lw,29400,0.8449193559339437
lw,29600,0.8445519738593785
lw,29800,0.8441847601119559
lw,30000,0.8438177140415336
lw,30200,0.8434508350367781
lw,30400,0.8430841225225761
lw,30600,0.8427175759576176
lw,30800,0.8423511948321402
lw,31000,0.8419849786658259
lw,31200,0.841618927005835
lw,31400,0.8412530394249749
lw,31600,0.8408873155199904
lw,31800,0.8405217549099643
lw,32000,0.8401563572348301
lw,32200,0.8397911221539814
lw,32400,0.8394260493449751
lw,32600,0.8390611385023177
lw,32800,0.8386963893363392
lw,33000,0.8383318015721373
lw,33200,0.8379673749485913
lw,33400,0.8376031092174463
lw,33600,0.8372390041424552
lw,33800,0.8368750594985782
lw,34000,0.8365112750712385
lw,34200,0.8361476506556231
lw,34400,0.8357841860560353
lw,34600,0.8354208810852846
lw,34800,0.8350577355641257
lw,35000,0.8346947493207238
lw,35200,0.8343319221901669
lw,35400,0.8339692540140036
lw,35600,0.8336067446398121
lw,35800,0.8332443939208032
lw,36000,0.8328822017154426
lw,36200,0.8325201678871047
lw,36400,0.8321582923037443
lw,36600,0.831796574837595
lw,36800,0.8314350153648835
lw,37000,0.8310736137655673
lw,37200,0.830712369923085
lw,37400,0.8303512837241275
lw,37600,0.8299903550584221
lw,37800,0.829629583818532
lw,38000,0.8292689698996686
lw,38200,0.8289085131995176
lw,38400,0.8285482136180747
lw,38600,0.8281880710574927
lw,38800,0.8278280854219416
lw,39000,0.8274682566174738
lw,39200,0.8271085845519014
lw,39400,0.8267490691346806
lw,39600,0.8263897102768036
lw,39800,0.8260305078906989
lw,40000,0.8256714618901344
lw,40200,0.8253125721901343
lw,40400,0.8249538387068948
lw,40600,0.8245952613577071
lw,40800,0.824236840060887
lw,41000,0.8238785747357095
lw,41200,0.8235204653023447
lw,41400,0.8231625116818019
lw,41600,0.8228047137958742
lw,41800,0.8224470715670886
lw,42000,0.8220895849186588
lw,42200,0.8217322537744421
lw,42400,0.821375078058897
lw,42600,0.8210180576970447
lw,42800,0.8206611926144374
lw,43000,0.8203044827371193
lw,43200,0.8199479279915991
lw,43400,0.8195915283048196
lw,43600,0.8192352836041313
lw,43800,0.818879193817268
lw,44000,0.8185232588723208
lw,44200,0.8181674786977181
lw,44400,0.817811853222204
lw,44600,0.81745638237482
lw,44800,0.817101066084886
lw,45000,0.8167459042819852
lw,45200,0.816390896895947
lw,45400,0.816036043856833
lw,45600,0.8156813450949238
lw,45800,0.8153268005407058
lw,46000,0.814972410124859
lw,46200,0.8146181737782472
lw,46400,0.8142640914319076
lw,46600,0.8139101630170396
lw,46800,0.813556388464997
lw,47000,0.81320276770728
lw,47200,0.8128493006755262
lw,47400,0.8124959873015055
lw,47600,0.8121428275171098
lw,47800,0.8117898212543495
lw,48000,0.8114369684453472
lw,48200,0.8110842690223308
lw,48400,0.8107317229176301
lw,48600,0.8103793300636701
lw,48800,0.8100270903929685
lw,49000,0.8096750038381293
lw,49200,0.8093230703318407
lw,49400,0.8089712898068717
lw,49600,0.8086196621960664
lw,49800,0.8082681874323417
lw,50000,0.8079168654486871
lw,50200,0.8075656961781584
lw,50400,0.8072146795538758
lw,50600,0.806863815509023
lw,50800,0.806513103976843
lw,51000,0.8061625448906372
lw,51200,0.8058121381837641
lw,51400,0.8054618837896357
lw,51600,0.8051117816417165
lw,51800,0.8047618316735226
lw,52000,0.8044120338186194
lw,52200,0.8040623880106201
lw,52400,0.803712894183185
lw,52600,0.8033635522700199
lw,52800,0.8030143622048754
lw,53000,0.802665323921545
lw,53200,0.8023164373538646
lw,53400,0.8019677024357119
lw,53600,0.8016191191010059
lw,53800,0.8012706872837037
lw,54000,0.8009224069178024
lw,54200,0.800574277937338
lw,54400,0.8002263002763829
lw,54600,0.799878473869047
lw,54800,0.7995307986494772
lw,55000,0.7991832745518559
lw,55200,0.7988359015104016
lw,55400,0.7984886794593662
lw,55600,0.7981416083330375
lw,55800,0.7977946880657375
lw,56000,0.7974479185918212
lw,56200,0.7971012998456771
lw,56400,0.7967548317617266
lw,56600,0.7964085142744243
lw,56800,0.7960623473182571
lw,57000,0.795716330827744
lw,57200,0.795370464737436
lw,57400,0.795024748981915
lw,57600,0.7946791834957947
lw,57800,0.7943337682137208
lw,58000,0.793988503070369
lw,58200,0.7936433880004456
lw,58400,0.7932984229386891
lw,58600,0.7929536078198667
lw,58800,0.7926089425787777
lw,59000,0.7922644271502495
lw,59200,0.7919200614691411
lw,59400,0.7915758454703414
lw,59600,0.7912317790887679
lw,59800,0.7908878622593689
lw,60000,0.7905440949171222
lw,60200,0.7902004769970338
lw,60400,0.7898570084341409
lw,60600,0.7895136891635085
lw,60800,0.789170519120232
lw,61000,0.7888274982394343
lw,61200,0.78848462645627
lw,61400,0.7881419037059197
lw,61600,0.7877993299235955
lw,61800,0.7874569050445367
lw,62000,0.7871146290040119
lw,62200,0.7867725017373178
lw,62400,0.7864305231797819
lw,62600,0.7860886932667578
lw,62800,0.785747011933629
lw,63000,0.7854054791158072
lw,63200,0.7850640947487331
lw,63400,0.7847228587678751
lw,63600,0.7843817711087304
lw,63800,0.7840408317068247
lw,64000,0.7837000404977124
lw,64200,0.783359397416975
lw,64400,0.7830189024002235
lw,64600,0.7826785553830964
lw,64800,0.7823383563012611
lw,65000,0.7819983050904126
lw,65200,0.7816584016862744
lw,65400,0.7813186460245981
lw,65600,0.7809790380411632
lw,65800,0.7806395776717773
lw,66000,0.7803002648522763
lw,66200,0.779961099518524
lw,66400,0.7796220816064121
lw,66600,0.7792832110518606
lw,66800,0.7789444877908172
lw,67000,0.7786059117592582
lw,67200,0.7782674828931868
lw,67400,0.777929201128635
lw,67600,0.7775910664016618
lw,67800,0.777253078648355
lw,68000,0.7769152378048299
lw,68200,0.7765775438072292
lw,68400,0.7762399965917248
lw,68600,0.7759025960945144
lw,68800,0.775565342251825
lw,69000,0.7752282349999108
lw,69200,0.7748912742750541
lw,69400,0.7745544600135646
lw,69600,0.77421779215178
lw,69800,0.7738812706260654
lw,70000,0.7735448953728143
lw,70200,0.7732086663284465
lw,70400,0.7728725834294117
lw,70600,0.772536646612184
lw,70800,0.7722008558132686
lw,71000,0.7718652109691962
lw,71200,0.7715297120165252
lw,71400,0.7711943588918436
lw,71600,0.7708591515317638
lw,71800,0.7705240898729282
lw,72000,0.7701891738520058
lw,72200,0.769854403405694
lw,72400,0.769519778470716
lw,72600,0.7691852989838245
lw,72800,0.7688509648817982
lw,73000,0.7685167761014441
lw,73200,0.7681827325795968
lw,73400,0.7678488342531177
lw,73600,0.7675150810588965
lw,73800,0.767181472933849
lw,74000,0.7668480098149202
lw,74200,0.7665146916390813
lw,74400,0.7661815183433305
lw,74600,0.7658484898646949
lw,74800,0.7655156061402281
lw,75000,0.7651828671070108
lw,75200,0.7648502727021519
lw,75400,0.764517822862787
lw,75600,0.7641855175260786
lw,75800,0.7638533566292179
lw,76000,0.7635213401094224
lw,76200,0.7631894679039369
lw,76400,0.7628577399500333
lw,76600,0.7625261561850116
lw,76800,0.7621947165461989
lw,77000,0.7618634209709494
lw,77200,0.7615322693966431
lw,77400,0.7612012617606893
lw,77600,0.7608703980005233
lw,77800,0.7605396780536089
lw,78000,0.7602091018574358
lw,78200,0.7598786693495212
lw,78400,0.7595483804674096
lw,78600,0.7592182351486718
lw,78800,0.7588882333309077
lw,79000,0.7585583749517428
lw,79200,0.7582286599488296
lw,79400,0.7578990882598484
lw,79600,0.7575696598225062
lw,79800,0.7572403745745375
lw,80000,0.7569112324537041
lw,80200,0.7565822333977927
lw,80400,0.7562533773446202
lw,80600,0.7559246642320286
lw,80800,0.7555960939978867
lw,81000,0.7552676665800924
lw,81200,0.7549393819165676
lw,81400,0.7546112399452632
lw,81600,0.7542832406041566
lw,81800,0.7539553838312524
lw,82000,0.7536276695645816
lw,82200,0.7533000977422027
lw,82400,0.7529726683022008
lw,82600,0.7526453811826879
lw,82800,0.7523182363218032
lw,83000,0.7519912336577116
lw,83200,0.7516643731286069
lw,83400,0.7513376546727086
lw,83600,0.7510110782282624
lw,83800,0.7506846437335419
lw,84000,0.7503583511268478
lw,84200,0.7500322003465069
lw,84400,0.7497061913308724
lw,84600,0.749380324018325
lw,84800,0.7490545983472726
lw,85000,0.7487290142561484
lw,85200,0.7484035716834138
lw,85400,0.748078270567556
lw,85600,0.7477531108470901
lw,85800,0.7474280924605572
lw,86000,0.7471032153465241
lw,86200,0.7467784794435859
lw,86400,0.7464538846903638
lw,86600,0.7461294310255057
lw,86800,0.7458051183876856
lw,87000,0.7454809467156052
lw,87200,0.745156915947992
lw,87400,0.7448330260236011
lw,87600,0.7445092768812128
lw,87800,0.7441856684596354
lw,88000,0.7438622006977026
lw,88200,0.7435388735342758
lw,88400,0.7432156869082425
lw,88600,0.7428926407585164
lw,88800,0.7425697350240376
lw,89000,0.7422469696437742
lw,89200,0.7419243445567196
lw,89400,0.7416018597018933
lw,89600,0.7412795150183425
lw,89800,0.7409573104451407
lw,90000,0.7406352459213863
lw,90200,0.7403133213862064
lw,90400,0.7399915367787531
lw,90600,0.7396698920382059
lw,90800,0.7393483871037699
lw,91000,0.739027021914677
lw,91200,0.7387057964101863
lw,91400,0.7383847105295811
lw,91600,0.7380637642121732
lw,91800,0.7377429573972996
lw,92000,0.7374222900243242
lw,92200,0.737101762032638
lw,92400,0.7367813733616572
lw,92600,0.7364611239508241
lw,92800,0.7361410137396079
lw,93000,0.7358210426675047
lw,93200,0.7355012106740356
lw,93400,0.7351815176987492
lw,93600,0.7348619636812197
lw,93800,0.7345425485610481
lw,94000,0.7342232722778604
lw,94200,0.7339041347713108
lw,94400,0.7335851359810777
lw,94600,0.733266275846867
lw,94800,0.7329475543084106
lw,95000,0.732628971305466
lw,95200,0.7323105267778183
lw,95400,0.7319922206652767
lw,95600,0.7316740529076784
lw,95800,0.731356023444886
lw,96000,0.7310381322167883
lw,96200,0.7307203791633
lw,96400,0.7304027642243621
lw,96600,0.7300852873399416
lw,96800,0.729767948450032
lw,97000,0.7294507474946526
lw,97200,0.7291336844138488
lw,97400,0.7288167591476918
lw,97600,0.7284999716362792
lw,97800,0.7281833218197347
lw,98000,0.7278668096382078
lw,98200,0.7275504350318736
lw,98400,0.7272341979409342
lw,98600,0.7269180983056165
lw,98800,0.726602136066175
lw,99000,0.7262863111628881
lw,99200,0.725970623536062
lw,99400,0.725655073126028
lw,99600,0.7253396598731435
lw,99800,0.7250243837177913
lw,100000,0.7247092446003813
lw,100200,0.7243942424613483
lw,100400,0.7240793772411533
lw,100600,0.7237646488802831
lw,100800,0.7234500573192505
lw,101000,0.7231356024985941
lw,101200,0.7228212843588777
lw,101400,0.7225071028406919
lw,101600,0.7221930578846533
lw,101800,0.721879149431403
lw,102000,0.7215653774216094
lw,102200,0.721251741795966
lw,102400,0.7209382424951918
lw,102600,0.7206248794600314
lw,102800,0.7203116526312558
lw,103000,0.7199985619496623
lw,103200,0.7196856073560725
lw,103400,0.7193727887913338
lw,103600,0.7190601061963211
lw,103800,0.7187475595119328
lw,104000,0.7184351486790947
lw,104200,0.718122873638757
lw,104400,0.7178107343318968
lw,104600,0.7174987306995161
lw,104800,0.7171868626826422
lw,105000,0.7168751302223283
lw,105200,0.7165635332596542
lw,105400,0.7162520717357234
lw,105600,0.7159407455916671
lw,105800,0.7156295547686404
lw,106000,0.7153184992078246
lw,106200,0.715007578850427
lw,106400,0.71469679363768
lw,106600,0.7143861435108421
lw,106800,0.7140756284111958
lw,107000,0.7137652482800512
lw,107200,0.7134550030587419
lw,107400,0.7131448926886291
lw,107600,0.7128349171110978
lw,107800,0.7125250762675589
lw,108000,0.712215370099449
lw,108200,0.7119057985482302
lw,108400,0.7115963615553902
lw,108600,0.7112870590624409
lw,108800,0.7109778910109219
lw,109000,0.7106688573423958
lw,109200,0.7103599579984523
lw,109400,0.7100511929207053
lw,109600,0.7097425620507954
lw,109800,0.7094340653303868
lw,110000,0.709125702701171
lw,110200,0.7088174741048637
lw,110400,0.708509379483206
lw,110600,0.7082014187779646
lw,110800,0.7078935919309314
lw,111000,0.7075858988839233
lw,111200,0.7072783395787827
lw,111400,0.7069709139573782
lw,111600,0.7066636219616019
lw,111800,0.7063564635333724
lw,112000,0.7060494386146335
lw,112200,0.705742547147354
lw,112400,0.7054357890735272
lw,112600,0.7051291643351731
lw,112800,0.7048226728743358
lw,113000,0.7045163146330845
lw,113200,0.704210089553514
lw,113400,0.703903997577745
lw,113600,0.703598038647922
lw,113800,0.7032922127062151
lw,114000,0.7029865196948202
lw,114200,0.7026809595559571
lw,114400,0.7023755322318722
lw,114600,0.7020702376648359
lw,114800,0.7017650757971439
lw,115000,0.7014600465711173
lw,115200,0.7011551499291021
lw,115400,0.7008503858134694
lw,115600,0.7005457541666147
lw,115800,0.70024125493096
lw,116000,0.6999368880489509
lw,116200,0.6996326534630583
lw,116400,0.6993285511157785
lw,116600,0.699024580949633
lw,116800,0.6987207429071678
lw,117000,0.698417036930954
lw,117200,0.6981134629635873
lw,117400,0.6978100209476897
lw,117600,0.6975067108259061
lw,117800,0.697203532540908
lw,118000,0.6969004860353911
lw,118200,0.6965975712520762
lw,118400,0.6962947881337092
lw,118600,0.6959921366230603
lw,118800,0.6956896166629246
lw,119000,0.6953872281961231
lw,119200,0.6950849711655002
lw,119400,0.6947828455139259
lw,119600,0.6944808511842949
lw,119800,0.6941789881195272
lw,120000,0.6938772562625669
lw,120200,0.6935756555563833
lw,120400,0.693274185943971
lw,120600,0.6929728473683484
lw,120800,0.6926716397725584
lw,121000,0.6923705630996697
lw,121200,0.6920696172927753
lw,121400,0.6917688022949933
lw,121600,0.6914681180494664
lw,121800,0.6911675644993608
lw,122000,0.6908671415878695
lw,122200,0.690566849258209
lw,122400,0.6902666874536196
lw,122600,0.6899666561173683
lw,122800,0.6896667551927456
lw,123000,0.6893669846230664
lw,123200,0.6890673443516708
lw,123400,0.688767834321923
lw,123600,0.6884684544772127
lw,123800,0.6881692047609538
lw,124000,0.6878700851165837
lw,124200,0.6875710954875665
lw,124400,0.6872722358173889
lw,124600,0.6869735060495636
lw,124800,0.6866749061276267
lw,125000,0.6863764359951396
lw,125200,0.6860780955956883
lw,125400,0.6857798848728828
lw,125600,0.6854818037703573
lw,125800,0.6851838522317718
lw,126000,0.6848860302008094
lw,126200,0.6845883376211789
lw,126400,0.6842907744366125
lw,126600,0.6839933405908677
lw,126800,0.6836960360277263
lw,127000,0.6833988606909939
lw,127200,0.6831018145245017
lw,127400,0.6828048974721029
lw,127600,0.6825081094776785
lw,127800,0.6822114504851314
lw,128000,0.6819149204383893
lw,128200,0.6816185192814052
lw,128400,0.6813222469581555
lw,128600,0.6810261034126415
lw,128800,0.6807300885888888
lw,129000,0.6804342024309474
lw,129200,0.6801384448828907
lw,129400,0.6798428158888175
lw,129600,0.6795473153928506
lw,129800,0.6792519433391369
lw,130000,0.6789566996718481
lw,130200,0.678661584335179
lw,130400,0.6783665972733496
lw,130600,0.6780717384306045
lw,130800,0.6777770077512113
lw,131000,0.6774824051794627
lw,131200,0.6771879306596758
lw,131400,0.6768935841361913
lw,131600,0.6765993655533749
lw,131800,0.6763052748556149
lw,132000,0.6760113119873249
lw,132200,0.6757174768929431
lw,132400,0.675423769516931
lw,132600,0.6751301898037748
lw,132800,0.674836737697984
lw,133000,0.6745434131440933
lw,133200,0.6742502160866609
lw,133400,0.673957146470269
lw,133600,0.673664204239524
lw,133800,0.6733713893390569
lw,134000,0.6730787017135219
lw,134200,0.6727861413075977
lw,134400,0.672493708065987
lw,134600,0.6722014019334166
lw,134800,0.6719092228546376
lw,135000,0.6716171707744244
lw,135200,0.6713252456375765
lw,135400,0.6710334473889157
lw,135600,0.6707417759732894
lw,135800,0.6704502313355682
lw,136000,0.6701588134206468
lw,136200,0.6698675221734439
lw,136400,0.6695763575389014
lw,136600,0.6692853194619868
lw,136800,0.6689944078876905
lw,137000,0.6687036227610268
lw,137200,0.6684129640270334
lw,137400,0.668122431630773
lw,137600,0.6678320255173317
lw,137800,0.6675417456318188
lw,138000,0.6672515919193688
lw,138200,0.6669615643251386
lw,138400,0.6666716627943103
lw,138600,0.6663818872720885
lw,138800,0.6660922377037025
lw,139000,0.6658027140344056
lw,139200,0.6655133162094746
lw,139400,0.6652240441742097
lw,139600,0.664934897873935
lw,139800,0.6646458772539986
lw,140000,0.6643569822597727
lw,140200,0.664068212836652
lw,140400,0.6637795689300567
lw,140600,0.663491050485429
lw,140800,0.6632026574482363
lw,141000,0.6629143897639682
lw,141200,0.6626262473781388
lw,141400,0.6623382302362865
lw,141600,0.6620503382839731
lw,141800,0.6617625714667827
lw,142000,0.6614749297303244
lw,142200,0.6611874130202312
lw,142400,0.660900021282158
lw,142600,0.6606127544617856
lw,142800,0.6603256125048167
lw,143000,0.6600385953569784
lw,143200,0.659751702964021
lw,143400,0.6594649352717183
lw,143600,0.6591782922258684
lw,143800,0.6588917737722921
lw,144000,0.6586053798568343
lw,144200,0.6583191104253632
lw,144400,0.6580329654237705
lw,144600,0.657746944797972
lw,144800,0.657461048493906
lw,145000,0.6571752764575346
lw,145200,0.6568896286348443
lw,145400,0.6566041049718441
lw,145600,0.6563187054145665
lw,145800,0.6560334299090674
lw,146000,0.6557482784014271
lw,146200,0.6554632508377488
lw,146400,0.6551783471641583
lw,146600,0.6548935673268067
lw,146800,0.6546089112718662
lw,147000,0.6543243789455336
lw,147200,0.6540399702940297
lw,147400,0.6537556852635975
lw,147600,0.6534715238005037
lw,147800,0.653187485851039
lw,148000,0.6529035713615168
lw,148200,0.652619780278274
lw,148400,0.6523361125476705
lw,148600,0.6520525681160904
lw,148800,0.6517691469299405
lw,149000,0.6514858489356505
lw,149200,0.6512026740796739
lw,149400,0.6509196223084875
lw,149600,0.6506366935685917
lw,149800,0.6503538878065093
lw,150000,0.6500712049687867
lw,150200,0.6497886450019935
lw,150400,0.6495062078527228
lw,150600,0.6492238934675909
lw,150800,0.6489417017932366
lw,151000,0.648659632776323
lw,151200,0.6483776863635358
lw,151400,0.6480958625015829
lw,151600,0.6478141611371976
lw,151800,0.6475325822171346
lw,152000,0.6472511256881724
lw,152200,0.6469697914971124
lw,152400,0.6466885795907795
lw,152600,0.6464074899160208
lw,152800,0.6461265224197071
lw,153000,0.6458456770487331
lw,153200,0.6455649537500152
lw,153400,0.6452843524704938
lw,153600,0.6450038731571315
lw,153800,0.6447235157569149
lw,154000,0.6444432802168534
lw,154200,0.6441631664839792
lw,154400,0.6438831745053469
lw,154600,0.6436033042280354
lw,154800,0.6433235555991456
lw,155000,0.6430439285658022
lw,155200,0.6427644230751524
lw,155400,0.6424850390743665
lw,155600,0.6422057765106377
lw,155800,0.6419266353311817
lw,156000,0.6416476154832385
lw,156200,0.6413687169140693
lw,156400,0.6410899395709594
lw,156600,0.6408112834012168
lw,156800,0.6405327483521723
lw,157000,0.6402543343711793
lw,157200,0.6399760414056145
lw,157400,0.6396978694028773
lw,157600,0.6394198183103902
lw,157800,0.6391418880755982
lw,158000,0.6388640786459687
lw,158200,0.6385863899689934
lw,158400,0.6383088219921854
lw,158600,0.6380313746630818
lw,158800,0.637754047929241
lw,159000,0.6374768417382456
lw,159200,0.6371997560377007
lw,159400,0.6369227907752335
lw,159600,0.6366459458984943
lw,159800,0.6363692213551567
lw,160000,0.6360926170929159
lw,160200,0.6358161330594909
lw,160400,0.635539769202623
lw,160600,0.6352635254700766
lw,160800,0.634987401809638
lw,161000,0.6347113981691167
lw,161200,0.6344355144963453
lw,161400,0.6341597507391783
lw,161600,0.633884106845493
lw,161800,0.6336085827631892
lw,162000,0.6333331784401907
lw,162200,0.6330578938244426
lw,162400,0.6327827288639121
lw,162600,0.6325076835065908
lw,162800,0.6322327577004917
lw,163000,0.6319579513936503
lw,163200,0.6316832645341252
lw,163400,0.631408697069998
lw,163600,0.6311342489493718
lw,163800,0.6308599201203724
lw,164000,0.6305857105311491
lw,164200,0.630311620129873
lw,164400,0.630037648864738
lw,164600,0.6297637966839601
lw,164800,0.6294900635357779
lw,165000,0.6292164493684533
lw,165200,0.6289429541302698
lw,165400,0.6286695777695338
lw,165600,0.6283963202345736
lw,165800,0.6281231814737407
lw,166000,0.6278501614354083
lw,166200,0.6275772600679732
lw,166400,0.6273044773198535
lw,166600,0.6270318131394903
lw,166800,0.6267592674753469
lw,167000,0.6264868402759087
lw,167200,0.6262145314896839
lw,167400,0.6259423410652032
lw,167600,0.6256702689510196
lw,167800,0.6253983150957081
lw,168000,0.6251264794478663
lw,168200,0.6248547619561143
lw,168400,0.6245831625690941
lw,168600,0.6243116812354708
lw,168800,0.624040317903931
lw,169000,0.6237690725231833
lw,169200,0.6234979450419603
lw,169400,0.6232269354090155
lw,169600,0.6229560435731248
lw,169800,0.6226852694830863
lw,170000,0.622414613087721
lw,170200,0.6221440743358712
lw,170400,0.6218736531764024
lw,170600,0.6216033495582018
lw,170800,0.621333163430179
lw,171000,0.6210630947412652
lw,171200,0.620793143440415
lw,171400,0.6205233094766044
lw,171600,0.6202535927988314
lw,171800,0.6199839933561169
lw,172000,0.619714511097503
lw,172200,0.6194451459720546
lw,172400,0.6191758979288584
lw,172600,0.6189067669170236
lw,172800,0.6186377528856816
lw,173000,0.6183688557839854
lw,173200,0.6181000755611099
lw,173400,0.6178314121662535
lw,173600,0.6175628655486353
lw,173800,0.6172944356574969
lw,174000,0.6170261224421018
lw,174200,0.6167579258517357
lw,174400,0.6164898458357068
lw,174600,0.6162218823433447
lw,174800,0.615954035324001
lw,175000,0.6156863047270495
lw,175200,0.6154186905018866
lw,175400,0.6151511925979294
lw,175600,0.6148838109646179
lw,175800,0.6146165455514141
lw,176000,0.6143493963078015
lw,176200,0.6140823631832862
lw,176400,0.613815446127396
lw,176600,0.6135486450896805
lw,176800,0.6132819600197109
lw,177000,0.6130153908670805
lw,177200,0.6127489375814049
lw,177400,0.6124826001123215
lw,177600,0.612216378409489
lw,177800,0.6119502724225885
lw,178000,0.6116842821013234
lw,178200,0.6114184073954183
lw,178400,0.6111526482546195
lw,178600,0.6108870046286958
lw,178800,0.6106214764674377
lw,179000,0.6103560637206572
lw,179200,0.6100907663381878
lw,179400,0.6098255842698855
lw,179600,0.6095605174656276
lw,179800,0.6092955658753144
lw,180000,0.6090307294488658
lw,180200,0.6087660081362255
lw,180400,0.6085014018873576
lw,180600,0.6082369106522492
lw,180800,0.6079725343809075
lw,181000,0.607708273023363
lw,181200,0.6074441265296668
lw,181400,0.6071800948498921
lw,181600,0.6069161779341348
lw,181800,0.6066523757325104
lw,182000,0.6063886881951582
lw,182200,0.6061251152722379
lw,182400,0.6058616569139306
lw,182600,0.6055983130704402
lw,182800,0.6053350836919918
lw,183000,0.605071968728832
lw,183200,0.6048089681312284
lw,183400,0.6045460818494717
lw,183600,0.6042833098338732
lw,183800,0.6040206520347658
lw,184000,0.6037581084025041
lw,184200,0.6034956788874644
lw,184400,0.603233363440044
lw,184600,0.6029711620106629
lw,184800,0.6027090745497623
lw,185000,0.602447101007804
lw,185200,0.6021852413352725
lw,185400,0.6019234954826729
lw,185600,0.6016618634005326
lw,185800,0.6014003450394002
lw,186000,0.6011389403498446
lw,186200,0.6008776492824587
lw,186400,0.6006164717878543
lw,186600,0.6003554078166669
lw,186800,0.6000944573195518
lw,187000,0.5998336202471867
lw,187200,0.59957289655027
lw,187400,0.5993122861795224
lw,187600,0.5990517890856849
lw,187800,0.5987914052195215
lw,188000,0.598531134531816
lw,188200,0.5982709769733742
lw,188400,0.5980109324950236
lw,188600,0.5977510010476126
lw,188800,0.5974911825820114
lw,189000,0.5972314770491113
lw,189200,0.5969718843998247
lw,189400,0.5967124045850861
lw,189600,0.5964530375558502
lw,189800,0.5961937832630938
lw,190000,0.5959346416578151
lw,190200,0.5956756126910328
lw,190400,0.5954166963137882
lw,190600,0.5951578924771433
lw,190800,0.5948992011321808
lw,191000,0.5946406222300048
lw,191200,0.5943821557217408
lw,191400,0.5941238015585358
lw,191600,0.5938655596915585
lw,191800,0.5936074300719977
lw,192000,0.593349412651064
lw,192200,0.5930915073799892
lw,192400,0.5928337142100264
lw,192600,0.5925760330924488
lw,192800,0.5923184639785527
lw,193000,0.5920610068196547
lw,193200,0.5918036615670919
lw,193400,0.5915464281722231
lw,193600,0.5912893065864286
lw,193800,0.591032296761109
lw,194000,0.5907753986476869
lw,194200,0.5905186121976056
lw,194400,0.5902619373623291
lw,194600,0.5900053740933433
lw,194800,0.5897489223421547
lw,195000,0.5894925820602911
lw,195200,0.5892363531993008
lw,195400,0.5889802357107541
lw,195600,0.588724229546241
lw,195800,0.5884683346573746
lw,196000,0.588212550995787
lw,196200,0.5879568785131323
lw,196400,0.5877013171610854
lw,196600,0.5874458668913428
lw,196800,0.587190527655621
lw,197000,0.5869352994056579
lw,197200,0.5866801820932128
lw,197400,0.586425175670065
lw,197600,0.5861702800880157
lw,197800,0.5859154952988866
lw,198000,0.5856608212545205
lw,198200,0.5854062579067814
lw,198400,0.5851518052075533
lw,198600,0.584897463108742
lw,198800,0.584643231562274
lw,199000,0.5843891105200969
lw,199200,0.5841350999341787
lw,199400,0.5838811997565084
lw,199600,0.5836274099390958
lw,199800,0.5833737304339717
lw,200000,0.583120161193188
bw,0,1.0
bw,200,0.9577437306864603
bw,400,0.9490598321684005
bw,600,0.9432240955787572
bw,800,0.9387090756698669
bw,1000,0.9349816097050416
bw,1200,0.9317721638001579
bw,1400,0.9289239414448017
bw,1600,0.9263412170186691
bw,1800,0.9239639620798171
bw,2000,0.921753473165842
bw,2200,0.9196839031987535
bw,2400,0.9177372227737712
bw,2600,0.915900213724469
bw,2800,0.9141626718461695
bw,3000,0.912516329504271
bw,3200,0.9109542068705339
bw,3400,0.9094702184349759
bw,3600,0.9080589316557529
bw,3800,0.9067154164031959
bw,4000,0.9054351487185955
bw,4200,0.9042139471948871
bw,4400,0.9030479290768794
bw,4600,0.9019334784031118
bw,4800,0.9008672216157666
bw,5000,0.8998460079092858
bw,5200,0.8988668926838528
bw,5400,0.8979271231205856
bw,5600,0.8970241252818735
bw,5800,0.8961554923699853
bw,6000,0.8953189739137692
bw,6200,0.8945124657346573
bw,6400,0.8937340005918931
bw,6600,0.8929817394361522
bw,6800,0.8922539632184964
bw,7000,0.8915490652125647
bw,7200,0.8908655438148165
bw,7400,0.8902019957921823
bw,7600,0.8895571099496132
bw,7800,0.8889296611922772
bw,8000,0.8883185049589403
bw,8200,0.8877225720045426
bw,8400,0.8871408635112391
bw,8600,0.8865724465083483
bw,8800,0.8860164495826991
bw,9000,0.8854720588618915
bw,9200,0.8849385142539108
bw,9400,0.8844151059274646
bw,9600,0.8839011710182735
bw,9800,0.8833960905473569
bw,10000,0.8828992865381718
bw,10200,0.8824102193201953
bw,10400,0.8819283850072706
bw,10600,0.8814533131397185
bw,10800,0.8809845644798631
bw,11000,0.8805217289512416
bw,11200,0.8800644237123532
bw,11400,0.8796122913563493
bw,11600,0.8791649982286034
bw,11800,0.8787222328545813
bw,12000,0.8782837044709131
bw,12200,0.8778491416529959
bw,12400,0.8774182910328854
bw,12600,0.8769909161016194
bw,12800,0.8765667960904813
bw,13000,0.8761457249260742
bw,13200,0.8757275102543807
bw,13400,0.8753119725293094
bw,13600,0.8748989441615083
bw,13800,0.8744882687234955
bw,14000,0.8740798002074133
bw,14200,0.87367340233195
bw,14400,0.8732689478952024
bw,14600,0.8728663181704416
bw,14800,0.8724654023419729
bw,15000,0.8720660969784321
bw,15200,0.871668305541058
bw,15400,0.8712719379246201
bw,15600,0.8708769100288564
bw,15800,0.8704831433583912
bw,16000,0.8700905646492562
bw,16200,0.8696991055202493
bw,16400,0.8693087021474865
bw,16600,0.8689192949606095
bw,16800,0.8685308283592108
bw,17000,0.8681432504481418
bw,17200,0.8677565127904375
bw,17400,0.8673705701767024
bw,17600,0.8669853804098533
bw,17800,0.866600904104203
bw,18000,0.8662171044979333
bw,18200,0.8658339472780611
bw,18400,0.8654514004170724
bw,18600,0.8650694340204448
bw,18800,0.8646880201843359
bw,19000,0.8643071328627578
bw,19200,0.863926747743612
bw,19400,0.8635468421329854
bw,19600,0.8631673948471655
bw,19800,0.8627883861118615
bw,20000,0.8624097974681387
bw,20200,0.8620316116846369
bw,20400,0.8616538126756362
bw,20600,0.861276385424598
bw,20800,0.8608993159127994
bw,21000,0.8605225910527338
bw,21200,0.8601461986259527
bw,21400,0.8597701272250565
bw,21600,0.8593943661995596
bw,21800,0.8590189056053593
bw,22000,0.8586437361575882
bw,22200,0.8582688491866032
bw,22400,0.8578942365969201
bw,22600,0.8575198908288821
bw,22800,0.8571458048228916
bw,23000,0.856771971986028
bw,23200,0.8563983861608915
bw,23400,0.8560250415965319
bw,23600,0.8556519329213109
bw,23800,0.8552790551175833
bw,24000,0.8549064034980628
bw,24200,0.8545339736837673
bw,24400,0.8541617615834382
bw,24600,0.8537897633743301
bw,24800,0.8534179754842878
bw,25000,0.8530463945750151
bw,25200,0.8526750175264627
bw,25400,0.8523038414222589
bw,25600,0.8519328635361127
bw,25800,0.8515620813191236
bw,26000,0.8511914923879393
bw,26200,0.8508210945137064
bw,26400,0.8504508856117515
bw,26600,0.8500808637319625
bw,26800,0.8497110270498023
bw,27000,0.8493413738579259
bw,27200,0.8489719025583597
bw,27400,0.8486026116551986
bw,27600,0.8482334997477939
bw,27800,0.847864565524395
bw,28000,0.8474958077562142
bw,28200,0.8471272252918909
bw,28400,0.8467588170523233
bw,28600,0.8463905820258442
bw,28800,0.8460225192637219
bw,29000,0.8456546278759592
bw,29200,0.8452869070273737
bw,29400,0.8449193559339402
bw,29600,0.8445519738593749
bw,29800,0.8441847601119524
bw,30000,0.84381771404153
bw,30200,0.8434508350367749
bw,30400,0.8430841225225726
bw,30600,0.842717575957614
bw,30800,0.8423511948321367
bw,31000,0.8419849786658224
bw,31200,0.8416189270058315
bw,31400,0.8412530394249719
bw,31600,0.8408873155199872
bw,31800,0.8405217549099604
bw,32000,0.8401563572348264
bw,32200,0.8397911221539777
bw,32400,0.8394260493449707
bw,32600,0.8390611385023133
bw,32800,0.8386963893363347
bw,33000,0.8383318015721327
bw,33200,0.8379673749485866
bw,33400,0.8376031092174409
bw,33600,0.8372390041424495
bw,33800,0.8368750594985728
bw,34000,0.8365112750712334
bw,34200,0.8361476506556182
bw,34400,0.8357841860560302
bw,34600,0.83542088108528
bw,34800,0.8350577355641201
bw,35000,0.8346947493207181
bw,35200,0.834331922190161
bw,35400,0.8339692540139971
bw,35600,0.8336067446398061
bw,35800,0.8332443939207976
bw,36000,0.8328822017154369
bw,36200,0.8325201678870986
bw,36400,0.8321582923037382
bw,36600,0.8317965748375884
bw,36800,0.8314350153648774
bw,37000,0.8310736137655608
bw,37200,0.8307123699230781
bw,37400,0.8303512837241203
bw,37600,0.8299903550584146
bw,37800,0.8296295838185246
bw,38000,0.8292689698996609
bw,38200,0.8289085131995094
bw,38400,0.8285482136180662
bw,38600,0.8281880710574839
bw,38800,0.8278280854219324
bw,39000,0.827468256617464
bw,39200,0.8271085845518917
bw,39400,0.8267490691346708
bw,39600,0.826389710276794
bw,39800,0.8260305078906885
bw,40000,0.8256714618901241
bw,40200,0.8253125721901239
bw,40400,0.8249538387068843
bw,40600,0.8245952613576961
bw,40800,0.8242368400608762
bw,41000,0.8238785747356985
bw,41200,0.8235204653023338
bw,41400,0.8231625116817906
bw,41600,0.8228047137958631
bw,41800,0.8224470715670773
bw,42000,0.8220895849186481
bw,42200,0.8217322537744313
bw,42400,0.8213750780588859
bw,42600,0.8210180576970344
bw,42800,0.820661192614427
bw,43000,0.8203044827371089
bw,43200,0.819947927991588
bw,43400,0.8195915283048082
bw,43600,0.8192352836041203
bw,43800,0.8188791938172572
bw,44000,0.8185232588723099
bw,44200,0.8181674786977068
bw,44400,0.8178118532221929
bw,44600,0.817456382374809
bw,44800,0.8171010660848753
bw,45000,0.8167459042819747
bw,45200,0.8163908968959364
bw,45400,0.8160360438568225
bw,45600,0.8156813450949131
bw,45800,0.8153268005406947
bw,46000,0.814972410124848
bw,46200,0.814618173778237
bw,46400,0.8142640914318969
bw,46600,0.8139101630170285
bw,46800,0.8135563884649859
bw,47000,0.813202767707269
bw,47200,0.8128493006755156
bw,47400,0.8124959873014951
bw,47600,0.8121428275170993
bw,47800,0.8117898212543391
bw,48000,0.8114369684453363
bw,48200,0.8110842690223202
bw,48400,0.8107317229176191
bw,48600,0.8103793300636585
bw,48800,0.8100270903929565
bw,49000,0.8096750038381172
bw,49200,0.8093230703318285
bw,49400,0.8089712898068591
bw,49600,0.8086196621960535
bw,49800,0.8082681874323295
bw,50000,0.8079168654486751
bw,50200,0.8075656961781462
bw,50400,0.8072146795538635
bw,50600,0.8068638155090104
bw,50800,0.8065131039768304
bw,51000,0.8061625448906249
bw,51200,0.8058121381837522
bw,51400,0.8054618837896235
bw,51600,0.8051117816417044
bw,51800,0.8047618316735102
bw,52000,0.8044120338186069
bw,52200,0.8040623880106074
bw,52400,0.8037128941831722
bw,52600,0.8033635522700069
bw,52800,0.8030143622048622
bw,53000,0.8026653239215317
bw,53200,0.8023164373538513
bw,53400,0.801967702435699
bw,53600,0.8016191191009927
bw,53800,0.8012706872836903
bw,54000,0.8009224069177893
bw,54200,0.8005742779373239
bw,54400,0.8002263002763687
bw,54600,0.7998784738690329
bw,54800,0.7995307986494629
bw,55000,0.7991832745518417
bw,55200,0.7988359015103865
bw,55400,0.798488679459351
bw,55600,0.7981416083330228
bw,55800,0.7977946880657226
bw,56000,0.7974479185918064
bw,56200,0.7971012998456618
bw,56400,0.7967548317617117
bw,56600,0.7964085142744097
bw,56800,0.796062347318243
bw,57000,0.7957163308277301
bw,57200,0.795370464737422
bw,57400,0.7950247489819009
bw,57600,0.7946791834957807
bw,57800,0.7943337682137067
bw,58000,0.7939885030703548
bw,58200,0.7936433880004323
bw,58400,0.7932984229386758
bw,58600,0.7929536078198539
bw,58800,0.7926089425787648
bw,59000,0.7922644271502368
bw,59200,0.7919200614691289
bw,59400,0.7915758454703294
bw,59600,0.7912317790887556
bw,59800,0.7908878622593567
bw,60000,0.7905440949171093
bw,60200,0.7902004769970209
bw,60400,0.7898570084341276
bw,60600,0.7895136891634948
bw,60800,0.789170519120218
bw,61000,0.7888274982394207
bw,61200,0.7884846264562562
bw,61400,0.7881419037059062
bw,61600,0.7877993299235819
bw,61800,0.7874569050445233
bw,62000,0.7871146290039983
bw,62200,0.7867725017373051
bw,62400,0.7864305231797691
bw,62600,0.7860886932667447
bw,62800,0.7857470119336162
bw,63000,0.7854054791157948
bw,63200,0.7850640947487207
bw,63400,0.7847228587678631
bw,63600,0.7843817711087187
bw,63800,0.7840408317068137
bw,64000,0.7837000404977013
bw,64200,0.7833593974169644
bw,64400,0.7830189024002128
bw,64600,0.7826785553830862
bw,64800,0.7823383563012509
bw,65000,0.7819983050904026
bw,65200,0.7816584016862642
bw,65400,0.7813186460245874
bw,65600,0.7809790380411522
bw,65800,0.7806395776717663
bw,66000,0.7803002648522653
bw,66200,0.7799610995185133
bw,66400,0.779622081606402
bw,66600,0.7792832110518503
bw,66800,0.778944487790807
bw,67000,0.7786059117592478
bw,67200,0.778267482893176
bw,67400,0.7779292011286236
bw,67600,0.7775910664016508
bw,67800,0.7772530786483439
bw,68000,0.7769152378048187
bw,68200,0.7765775438072184
bw,68400,0.7762399965917137
bw,68600,0.7759025960945034
bw,68800,0.7755653422518143
bw,69000,0.7752282349999002
bw,69200,0.7748912742750435
bw,69400,0.7745544600135537
bw,69600,0.7742177921517696
bw,69800,0.7738812706260552
bw,70000,0.7735448953728042
bw,70200,0.7732086663284369
bw,70400,0.7728725834294018
bw,70600,0.7725366466121744
bw,70800,0.7722008558132588
bw,71000,0.7718652109691865
bw,71200,0.7715297120165159
bw,71400,0.7711943588918337
bw,71600,0.770859151531754
bw,71800,0.7705240898729181
bw,72000,0.7701891738519961
bw,72200,0.769854403405684
bw,72400,0.7695197784707062
bw,72600,0.7691852989838148
bw,72800,0.7688509648817891
bw,73000,0.768516776101435
bw,73200,0.7681827325795879
bw,73400,0.7678488342531091
bw,73600,0.7675150810588879
bw,73800,0.7671814729338409
bw,74000,0.7668480098149121
bw,74200,0.7665146916390729
bw,74400,0.7661815183433229
bw,74600,0.7658484898646877
bw,74800,0.7655156061402215
bw,75000,0.7651828671070044
bw,75200,0.7648502727021456
bw,75400,0.7645178228627804
bw,75600,0.7641855175260724
bw,75800,0.7638533566292116
bw,76000,0.7635213401094161
bw,76200,0.7631894679039308
bw,76400,0.7628577399500275
bw,76600,0.7625261561850057
bw,76800,0.762194716546193
bw,77000,0.7618634209709432
bw,77200,0.7615322693966373
bw,77400,0.7612012617606836
bw,77600,0.7608703980005184
bw,77800,0.7605396780536038
bw,78000,0.7602091018574311
bw,78200,0.7598786693495163
bw,78400,0.7595483804674045
bw,78600,0.7592182351486674
bw,78800,0.7588882333309035
bw,79000,0.7585583749517383
bw,79200,0.758228659948825
bw,79400,0.7578990882598441
bw,79600,0.7575696598225022
bw,79800,0.7572403745745334
bw,80000,0.7569112324536995
bw,80200,0.7565822333977884
bw,80400,0.756253377344616
bw,80600,0.7559246642320243
bw,80800,0.7555960939978829
bw,81000,0.7552676665800883
bw,81200,0.7549393819165633
bw,81400,0.7546112399452596
bw,81600,0.7542832406041531
bw,81800,0.753955383831249
bw,82000,0.7536276695645785
bw,82200,0.7533000977422001
bw,82400,0.7529726683021978
bw,82600,0.7526453811826851
bw,82800,0.7523182363218002
bw,83000,0.7519912336577094
bw,83200,0.7516643731286047
bw,83400,0.7513376546727064
bw,83600,0.7510110782282601
bw,83800,0.75068464373354
bw,84000,0.7503583511268458
bw,84200,0.7500322003465046
bw,84400,0.7497061913308702
bw,84600,0.7493803240183232
bw,84800,0.7490545983472705
bw,85000,0.7487290142561466
bw,85200,0.7484035716834124
bw,85400,0.7480782705675547
bw,85600,0.747753110847089
bw,85800,0.7474280924605555
bw,86000,0.7471032153465225
bw,86200,0.7467784794435842
bw,86400,0.746453884690362
bw,86600,0.7461294310255043
bw,86800,0.7458051183876839
bw,87000,0.7454809467156034
bw,87200,0.74515691594799
bw,87400,0.7448330260235989
bw,87600,0.7445092768812109
bw,87800,0.7441856684596336
bw,88000,0.7438622006977013
bw,88200,0.743538873534274
bw,88400,0.7432156869082408
bw,88600,0.7428926407585147
bw,88800,0.7425697350240362
bw,89000,0.7422469696437727
bw,89200,0.7419243445567181
bw,89400,0.741601859701892
bw,89600,0.7412795150183408
bw,89800,0.7409573104451385
bw,90000,0.7406352459213842
bw,90200,0.7403133213862049
bw,90400,0.7399915367787521
bw,90600,0.739669892038205
bw,90800,0.7393483871037687
bw,91000,0.7390270219146757
bw,91200,0.7387057964101842
bw,91400,0.7383847105295789
bw,91600,0.7380637642121709
bw,91800,0.7377429573972971
bw,92000,0.7374222900243221
bw,92200,0.7371017620326356
bw,92400,0.7367813733616543
bw,92600,0.7364611239508217
bw,92800,0.7361410137396055
bw,93000,0.7358210426675023
bw,93200,0.7355012106740335
bw,93400,0.7351815176987471
bw,93600,0.7348619636812184
bw,93800,0.7345425485610468
bw,94000,0.7342232722778598
bw,94200,0.73390413477131
bw,94400,0.7335851359810767
bw,94600,0.7332662758468661
bw,94800,0.7329475543084095
bw,95000,0.732628971305465
bw,95200,0.7323105267778173
bw,95400,0.7319922206652762
bw,95600,0.7316740529076782
bw,95800,0.7313560234448858
bw,96000,0.7310381322167879
bw,96200,0.7307203791632997
bw,96400,0.7304027642243619
bw,96600,0.7300852873399418
bw,96800,0.7297679484500323
bw,97000,0.7294507474946532
bw,97200,0.7291336844138491
bw,97400,0.7288167591476921
bw,97600,0.7284999716362793
bw,97800,0.7281833218197348
bw,98000,0.7278668096382077
bw,98200,0.7275504350318739
bw,98400,0.7272341979409342
bw,98600,0.7269180983056168
bw,98800,0.726602136066175
bw,99000,0.7262863111628886
bw,99200,0.7259706235360625
bw,99400,0.7256550731260286
bw,99600,0.7253396598731441
bw,99800,0.7250243837177919
bw,100000,0.7247092446003818
bw,100200,0.7243942424613488
bw,100400,0.7240793772411536
bw,100600,0.7237646488802832
bw,100800,0.72345005731925
bw,101000,0.7231356024985935
bw,101200,0.7228212843588773
bw,101400,0.7225071028406916
bw,101600,0.7221930578846533
bw,101800,0.7218791494314031
bw,102000,0.7215653774216098
bw,102200,0.7212517417959664
bw,102400,0.7209382424951922
bw,102600,0.7206248794600322
bw,102800,0.7203116526312568
bw,103000,0.7199985619496633
bw,103200,0.7196856073560731
bw,103400,0.7193727887913351
bw,103600,0.7190601061963223
bw,103800,0.7187475595119344
bw,104000,0.718435148679096
bw,104200,0.7181228736387586
bw,104400,0.7178107343318981
bw,104600,0.7174987306995168
bw,104800,0.7171868626826429
bw,105000,0.7168751302223286
bw,105200,0.7165635332596542
bw,105400,0.7162520717357234
bw,105600,0.715940745591667
bw,105800,0.7156295547686397
bw,106000,0.715318499207824
bw,106200,0.7150075788504267
bw,106400,0.7146967936376798
bw,106600,0.7143861435108416
bw,106800,0.7140756284111954
bw,107000,0.7137652482800508
bw,107200,0.7134550030587415
bw,107400,0.7131448926886286
bw,107600,0.712834917111097
bw,107800,0.7125250762675583
bw,108000,0.7122153700994487
bw,108200,0.7119057985482301
bw,108400,0.7115963615553901
bw,108600,0.7112870590624409
bw,108800,0.7109778910109213
bw,109000,0.7106688573423954
bw,109200,0.7103599579984513
bw,109400,0.7100511929207043
bw,109600,0.7097425620507939
bw,109800,0.7094340653303859
bw,110000,0.7091257027011703
bw,110200,0.708817474104863
bw,110400,0.7085093794832056
bw,110600,0.7082014187779638
bw,110800,0.7078935919309308
bw,111000,0.7075858988839224
bw,111200,0.7072783395787824
bw,111400,0.7069709139573779
bw,111600,0.7066636219616013
bw,111800,0.7063564635333721
bw,112000,0.7060494386146328
bw,112200,0.7057425471473527
bw,112400,0.7054357890735262
bw,112600,0.705129164335172
bw,112800,0.7048226728743345
bw,113000,0.7045163146330831
bw,113200,0.7042100895535124
bw,113400,0.7039039975777431
bw,113600,0.7035980386479199
bw,113800,0.7032922127062132
bw,114000,0.7029865196948184
bw,114200,0.7026809595559559
bw,114400,0.7023755322318711
bw,114600,0.7020702376648347
bw,114800,0.701765075797143
bw,115000,0.7014600465711167
bw,115200,0.7011551499291013
bw,115400,0.7008503858134685
bw,115600,0.700545754166614
bw,115800,0.7002412549309593
bw,116000,0.6999368880489499
bw,116200,0.6996326534630575
bw,116400,0.6993285511157776
bw,116600,0.6990245809496319
bw,116800,0.6987207429071663
bw,117000,0.6984170369309526
bw,117200,0.6981134629635866
bw,117400,0.6978100209476887
bw,117600,0.6975067108259055
bw,117800,0.6972035325409079
bw,118000,0.6969004860353909
bw,118200,0.6965975712520762
bw,118400,0.6962947881337094
bw,118600,0.6959921366230608
bw,118800,0.6956896166629252
bw,119000,0.6953872281961231
bw,119200,0.6950849711654999
bw,119400,0.6947828455139253
bw,119600,0.6944808511842947
bw,119800,0.694178988119527
bw,120000,0.693877256262567
bw,120200,0.6935756555563833
bw,120400,0.6932741859439712
bw,120600,0.6929728473683481
bw,120800,0.6926716397725585
bw,121000,0.6923705630996698
bw,121200,0.6920696172927756
bw,121400,0.6917688022949936
bw,121600,0.6914681180494664
bw,121800,0.6911675644993611
bw,122000,0.69086714158787
bw,122200,0.6905668492582089
bw,122400,0.6902666874536201
bw,122600,0.6899666561173687
bw,122800,0.6896667551927458
bw,123000,0.6893669846230666
bw,123200,0.6890673443516709
bw,123400,0.6887678343219232
bw,123600,0.6884684544772127
bw,123800,0.6881692047609539
bw,124000,0.6878700851165843
bw,124200,0.6875710954875668
bw,124400,0.6872722358173896
bw,124600,0.6869735060495636
bw,124800,0.686674906127627
bw,125000,0.6863764359951402
bw,125200,0.6860780955956886
bw,125400,0.685779884872883
bw,125600,0.685481803770358
bw,125800,0.6851838522317721
bw,126000,0.68488603020081
bw,126200,0.6845883376211795
bw,126400,0.6842907744366133
bw,126600,0.6839933405908689
bw,126800,0.6836960360277275
bw,127000,0.6833988606909952
bw,127200,0.6831018145245026
bw,127400,0.682804897472104
bw,127600,0.6825081094776795
bw,127800,0.6822114504851323
bw,128000,0.6819149204383903
bw,128200,0.6816185192814066
bw,128400,0.6813222469581571
bw,128600,0.6810261034126434
bw,128800,0.6807300885888907
bw,129000,0.6804342024309493
bw,129200,0.680138444882893
bw,129400,0.6798428158888199
bw,129600,0.6795473153928528
bw,129800,0.6792519433391389
bw,130000,0.6789566996718497
bw,130200,0.6786615843351808
bw,130400,0.6783665972733517
bw,130600,0.6780717384306064
bw,130800,0.6777770077512132
bw,131000,0.6774824051794649
bw,131200,0.6771879306596781
bw,131400,0.6768935841361934
bw,131600,0.6765993655533767
bw,131800,0.6763052748556169
bw,132000,0.6760113119873268
bw,132200,0.6757174768929449
bw,132400,0.6754237695169328
bw,132600,0.6751301898037765
bw,132800,0.6748367376979855
bw,133000,0.6745434131440944
bw,133200,0.6742502160866618
bw,133400,0.6739571464702698
bw,133600,0.6736642042395251
bw,133800,0.6733713893390576
bw,134000,0.6730787017135225
bw,134200,0.6727861413075984
bw,134400,0.6724937080659882
bw,134600,0.6722014019334183
bw,134800,0.6719092228546393
bw,135000,0.6716171707744261
bw,135200,0.671325245637578
bw,135400,0.6710334473889168
bw,135600,0.6707417759732899
bw,135800,0.6704502313355687
bw,136000,0.670158813420647
bw,136200,0.6698675221734435
bw,136400,0.6695763575389012
bw,136600,0.6692853194619865
bw,136800,0.6689944078876903
bw,137000,0.6687036227610261
bw,137200,0.6684129640270327
bw,137400,0.6681224316307722
bw,137600,0.6678320255173306
bw,137800,0.6675417456318177
bw,138000,0.6672515919193676
bw,138200,0.6669615643251374
bw,138400,0.6666716627943089
bw,138600,0.6663818872720872
bw,138800,0.6660922377037019
bw,139000,0.665802714034405
bw,139200,0.665513316209474
bw,139400,0.665224044174209
bw,139600,0.6649348978739342
bw,139800,0.6646458772539978
bw,140000,0.6643569822597717
bw,140200,0.6640682128366512
bw,140400,0.6637795689300556
bw,140600,0.6634910504854277
bw,140800,0.6632026574482349
bw,141000,0.6629143897639667
bw,141200,0.662626247378138
bw,141400,0.6623382302362864
bw,141600,0.6620503382839722
bw,141800,0.6617625714667821
bw,142000,0.661474929730324
bw,142200,0.6611874130202304
bw,142400,0.6609000212821577
bw,142600,0.6606127544617855
bw,142800,0.6603256125048171
bw,143000,0.6600385953569788
bw,143200,0.6597517029640215
bw,143400,0.659464935271719
bw,143600,0.6591782922258695
bw,143800,0.6588917737722932
bw,144000,0.6586053798568355
bw,144200,0.6583191104253644
bw,144400,0.6580329654237721
bw,144600,0.6577469447979731
bw,144800,0.6574610484939072
bw,145000,0.6571752764575362
bw,145200,0.6568896286348456
bw,145400,0.6566041049718447
bw,145600,0.6563187054145672
bw,145800,0.6560334299090688
bw,146000,0.6557482784014288
bw,146200,0.6554632508377504
bw,146400,0.6551783471641603
bw,146600,0.6548935673268084
bw,146800,0.6546089112718676
bw,147000,0.6543243789455351
bw,147200,0.6540399702940308
bw,147400,0.6537556852635986
bw,147600,0.6534715238005049
bw,147800,0.6531874858510401
bw,148000,0.652903571361518
bw,148200,0.6526197802782748
bw,148400,0.6523361125476718
bw,148600,0.6520525681160921
bw,148800,0.6517691469299423
bw,149000,0.6514858489356523
bw,149200,0.6512026740796759
bw,149400,0.6509196223084899
bw,149600,0.6506366935685938
bw,149800,0.6503538878065114
bw,150000,0.6500712049687887
bw,150200,0.6497886450019956
bw,150400,0.6495062078527248
bw,150600,0.6492238934675924
bw,150800,0.6489417017932388
bw,151000,0.6486596327763253
bw,151200,0.6483776863635379
bw,151400,0.6480958625015856
bw,151600,0.6478141611372003
bw,151800,0.6475325822171373
bw,152000,0.6472511256881754
bw,152200,0.6469697914971156
bw,152400,0.6466885795907822
bw,152600,0.6464074899160233
bw,152800,0.6461265224197099
bw,153000,0.6458456770487356
bw,153200,0.6455649537500179
bw,153400,0.6452843524704961
bw,153600,0.6450038731571338
bw,153800,0.6447235157569172
bw,154000,0.6444432802168559
bw,154200,0.6441631664839811
bw,154400,0.6438831745053488
bw,154600,0.6436033042280372
bw,154800,0.6433235555991474
bw,155000,0.6430439285658041
bw,155200,0.6427644230751542
bw,155400,0.6424850390743684
bw,155600,0.6422057765106395
bw,155800,0.6419266353311835
bw,156000,0.64164761548324
bw,156200,0.641368716914071
bw,156400,0.641089939570961
bw,156600,0.6408112834012186
bw,156800,0.6405327483521741
bw,157000,0.6402543343711812
bw,157200,0.6399760414056166
bw,157400,0.6396978694028791
bw,157600,0.6394198183103916
bw,157800,0.6391418880755995
bw,158000,0.6388640786459702
bw,158200,0.6385863899689949
bw,158400,0.6383088219921871
bw,158600,0.6380313746630831
bw,158800,0.637754047929243
bw,159000,0.6374768417382477
bw,159200,0.6371997560377025
bw,159400,0.6369227907752351
bw,159600,0.6366459458984959
bw,159800,0.6363692213551579
bw,160000,0.6360926170929172
bw,160200,0.6358161330594925
bw,160400,0.6355397692026248
bw,160600,0.6352635254700787
bw,160800,0.6349874018096403
bw,161000,0.6347113981691193
bw,161200,0.6344355144963476
bw,161400,0.6341597507391803
bw,161600,0.6338841068454947
bw,161800,0.6336085827631913
bw,162000,0.6333331784401931
bw,162200,0.6330578938244444
bw,162400,0.6327827288639142
bw,162600,0.6325076835065927
bw,162800,0.6322327577004933
bw,163000,0.6319579513936517
bw,163200,0.6316832645341269
bw,163400,0.6314086970699995
bw,163600,0.6311342489493736
bw,163800,0.6308599201203745
bw,164000,0.630585710531151
bw,164200,0.6303116201298751
bw,164400,0.6300376488647399
bw,164600,0.629763796683962
bw,164800,0.6294900635357799
bw,165000,0.629216449368455
bw,165200,0.6289429541302713
bw,165400,0.628669577769535
bw,165600,0.6283963202345748
bw,165800,0.628123181473742
bw,166000,0.6278501614354102
bw,166200,0.627577260067975
bw,166400,0.6273044773198551
bw,166600,0.6270318131394914
bw,166800,0.6267592674753477
bw,167000,0.6264868402759091
bw,167200,0.6262145314896845
bw,167400,0.6259423410652036
bw,167600,0.6256702689510198
bw,167800,0.6253983150957085
bw,168000,0.6251264794478666
bw,168200,0.6248547619561146
bw,168400,0.6245831625690946
bw,168600,0.6243116812354718
bw,168800,0.6240403179039321
bw,169000,0.6237690725231847
bw,169200,0.6234979450419618
bw,169400,0.6232269354090169
bw,169600,0.6229560435731258
bw,169800,0.6226852694830874
bw,170000,0.6224146130877221
bw,170200,0.6221440743358725
bw,170400,0.6218736531764034
bw,170600,0.6216033495582031
bw,170800,0.6213331634301802
bw,171000,0.6210630947412671
bw,171200,0.6207931434404171
bw,171400,0.6205233094766065
bw,171600,0.6202535927988333
bw,171800,0.6199839933561188
bw,172000,0.6197145110975049
bw,172200,0.6194451459720562
bw,172400,0.6191758979288599
bw,172600,0.6189067669170252
bw,172800,0.6186377528856829
bw,173000,0.6183688557839868
bw,173200,0.618100075561112
bw,173400,0.6178314121662555
bw,173600,0.6175628655486372
bw,173800,0.6172944356574986
bw,174000,0.6170261224421035
bw,174200,0.6167579258517375
bw,174400,0.6164898458357082
bw,174600,0.6162218823433459
bw,174800,0.6159540353240017
bw,175000,0.6156863047270502
bw,175200,0.6154186905018868
bw,175400,0.6151511925979298
bw,175600,0.6148838109646184
bw,175800,0.6146165455514145
bw,176000,0.6143493963078024
bw,176200,0.6140823631832873
bw,176400,0.613815446127397
bw,176600,0.6135486450896813
bw,176800,0.6132819600197118
bw,177000,0.6130153908670809
bw,177200,0.6127489375814053
bw,177400,0.6124826001123216
bw,177600,0.6122163784094891
bw,177800,0.611950272422589
bw,178000,0.6116842821013241
bw,178200,0.6114184073954192
bw,178400,0.6111526482546208
bw,178600,0.6108870046286974
bw,178800,0.6106214764674391
bw,179000,0.6103560637206589
bw,179200,0.6100907663381895
bw,179400,0.6098255842698874
bw,179600,0.6095605174656301
bw,179800,0.6092955658753166
bw,180000,0.6090307294488684
bw,180200,0.6087660081362279
bw,180400,0.6085014018873598
bw,180600,0.608236910652251
bw,180800,0.6079725343809095
bw,181000,0.6077082730233646
bw,181200,0.6074441265296683
bw,181400,0.6071800948498937
bw,181600,0.6069161779341358
bw,181800,0.6066523757325115
bw,182000,0.6063886881951593
bw,182200,0.6061251152722388
bw,182400,0.6058616569139316
bw,182600,0.6055983130704413
bw,182800,0.6053350836919928
bw,183000,0.6050719687288331
bw,183200,0.6048089681312299
bw,183400,0.6045460818494732
bw,183600,0.6042833098338745
bw,183800,0.6040206520347668
bw,184000,0.603758108402505
bw,184200,0.6034956788874648
bw,184400,0.6032333634400449
bw,184600,0.6029711620106638
bw,184800,0.602709074549763
bw,185000,0.6024471010078047
bw,185200,0.602185241335273
bw,185400,0.6019234954826732
bw,185600,0.6016618634005325
bw,185800,0.6014003450393995
bw,186000,0.6011389403498442
bw,186200,0.6008776492824581
bw,186400,0.6006164717878539
bw,186600,0.6003554078166664
bw,186800,0.6000944573195515
bw,187000,0.5998336202471866
bw,187200,0.59957289655027
bw,187400,0.5993122861795224
bw,187600,0.5990517890856852
bw,187800,0.5987914052195216
bw,188000,0.598531134531816
bw,188200,0.5982709769733741
bw,188400,0.5980109324950235
bw,188600,0.5977510010476125
bw,188800,0.5974911825820111
bw,189000,0.5972314770491105
bw,189200,0.5969718843998237
bw,189400,0.5967124045850847
bw,189600,0.5964530375558489
bw,189800,0.5961937832630925
bw,190000,0.5959346416578134
bw,190200,0.5956756126910316
bw,190400,0.5954166963137871
bw,190600,0.5951578924771421
bw,190800,0.5948992011321794
bw,191000,0.5946406222300034
bw,191200,0.5943821557217397
bw,191400,0.5941238015585351
bw,191600,0.5938655596915579
bw,191800,0.5936074300719966
bw,192000,0.5933494126510628
bw,192200,0.5930915073799881
bw,192400,0.5928337142100254
bw,192600,0.592576033092448
bw,192800,0.592318463978552
bw,193000,0.592061006819654
bw,193200,0.5918036615670913
bw,193400,0.5915464281722227
bw,193600,0.5912893065864283
bw,193800,0.5910322967611091
bw,194000,0.5907753986476875
bw,194200,0.590518612197606
bw,194400,0.5902619373623299
bw,194600,0.590005374093344
bw,194800,0.5897489223421555
bw,195000,0.5894925820602914
bw,195200,0.5892363531993008
bw,195400,0.588980235710754
bw,195600,0.5887242295462409
bw,195800,0.5884683346573742
bw,196000,0.5882125509957864
bw,196200,0.5879568785131318
bw,196400,0.587701317161085
bw,196600,0.5874458668913425
bw,196800,0.5871905276556205
bw,197000,0.5869352994056577
bw,197200,0.5866801820932122
bw,197400,0.5864251756700646
bw,197600,0.5861702800880155
bw,197800,0.5859154952988866
bw,198000,0.5856608212545207
bw,198200,0.5854062579067816
bw,198400,0.5851518052075537
bw,198600,0.5848974631087424
bw,198800,0.5846432315622748
bw,199000,0.5843891105200978
bw,199200,0.5841350999341794
bw,199400,0.5838811997565088
bw,199600,0.583627409939096
bw,199800,0.5833737304339717
bw,200000,0.5831201611931878
fromm,0,1.0
fromm,200,0.9575151917088343
fromm,400,0.9488670781598784
fromm,600,0.9430482955926577
fromm,800,0.9385461413634721
fromm,1000,0.9348296001200761
fromm,1200,0.9316283315666848
fromm,1400,0.9287853564138574
fromm,1600,0.9262054390485482
fromm,1800,0.9238292689589264
fromm,2000,0.921618819468327
fromm,2200,0.9195487789354889
fromm,2400,0.9176014996147618
fromm,2600,0.9157640135930327
fromm,2800,0.9140262665584971
fromm,3000,0.9123800692461715
fromm,3200,0.9108184718264701
fromm,3400,0.9093353876193978
fromm,3600,0.9079253639047256
fromm,3800,0.9065834396510153
fromm,4000,0.9053050547458223
fromm,4200,0.9040859898813318
fromm,4400,0.9029223248231769
fromm,4600,0.9018104078330365
fromm,4800,0.9007468319811837
fromm,5000,0.8997284158287908
fromm,5200,0.8987521869848545
fromm,5400,0.8978153676452592
fromm,5600,0.8969153615758076
fromm,5800,0.8960497422095481
fromm,6000,0.8952162416514612
fromm,6200,0.8944127404560822
fromm,6400,0.8936372580865596
fromm,6600,0.8928879439892933
fromm,6800,0.8921630692337964
fromm,7000,0.8914610186769567
fromm,7200,0.8907802836169251
fromm,7400,0.8901194549059112
fromm,7600,0.8894772164939488
fromm,7800,0.8888523393778347
fromm,8000,0.8882436759311406
fromm,8200,0.8876501545926156
fromm,8400,0.8870707748916022
fromm,8600,0.8865046027902413
fromm,8800,0.8859507663233452
fromm,9000,0.8854084515178612
fromm,9200,0.8848768985748174
fromm,9400,0.8843553982976157
fromm,9600,0.8838432887514057
fromm,9800,0.883339952139166
fromm,10000,0.8828448118809199
fromm,10200,0.8823573298833152
fromm,10400,0.8818770039875312
fromm,10600,0.8814033655841984
fromm,10800,0.8809359773846905
fromm,11000,0.880474431338782
fromm,11200,0.8800183466892773
fromm,11400,0.8795673681547987
fromm,11600,0.8791211642324464
fromm,11800,0.8786794256125717
fromm,12000,0.8782418636983902
fromm,12200,0.8778082092236009
fromm,12400,0.8773782109616206
fromm,12600,0.8769516345204525
fromm,12800,0.8765282612175711
fromm,13000,0.8761078870295809
fromm,13200,0.875690321611728
fromm,13400,0.8752753873826725
fromm,13600,0.8748629186702164
fromm,13800,0.8744527609139656
fromm,14000,0.8740447699211632
fromm,14200,0.8736388111721711
fromm,14400,0.8732347591723201
fromm,14600,0.8728324968470466
fromm,14800,0.8724319149774455
fromm,15000,0.8720329116735563
fromm,15200,0.8716353918828702
fromm,15400,0.8712392669317187
fromm,15600,0.870844454097351
fromm,15800,0.8704508762086609
fromm,16000,0.8700584612736431
fromm,16200,0.8696671421318094
fromm,16400,0.8692768561298885
fromm,16600,0.8688875448192591
fromm,16800,0.8684991536736623
fromm,17000,0.8681116318258433
fromm,17200,0.8677249318218475
fromm,17400,0.8673390093917995
fromm,17600,0.8669538232360575
fromm,17800,0.8665693348257116
fromm,18000,0.8661855082164732
fromm,18200,0.8658023098750509
fromm,18400,0.8654197085171821
fromm,18600,0.8650376749565322
fromm,18800,0.8646561819637446
fromm,19000,0.8642752041349507
fromm,19200,0.8638947177691068
fromm,19400,0.8635147007535713
fromm,19600,0.8631351324573673
fromm,19800,0.8627559936316103
fromm,20000,0.8623772663166285
fromm,20200,0.8619989337553173
fromm,20400,0.8616209803123207
fromm,20600,0.8612433913986365
fromm,20800,0.8608661534012891
fromm,21000,0.8604892536177303
fromm,21200,0.8601126801946424
fromm,21400,0.8597364220708588
fromm,21600,0.8593604689241167
fromm,21800,0.8589848111213897
fromm,22000,0.8586094396725584
fromm,22200,0.8582343461871937
fromm,22400,0.8578595228342448
fromm,22600,0.8574849623044385
fromm,22800,0.8571106577752017
fromm,23000,0.8567366028779462
fromm,23200,0.8563627916675494
fromm,23400,0.8559892185938878
fromm,23600,0.8556158784752831
fromm,23800,0.8552427664737338
fromm,24000,0.8548698780718111
fromm,24200,0.8544972090511108
fromm,24400,0.8541247554721484
fromm,24600,0.8537525136556107
fromm,24800,0.8533804801648656
fromm,25000,0.8530086517896478
fromm,25200,0.8526370255308414
fromm,25400,0.8522655985862853
fromm,25600,0.8518943683375337
fromm,25800,0.851523332337506
fromm,26000,0.8511524882989663
fromm,26200,0.8507818340837809
fromm,26400,0.850411367692892
fromm,26600,0.8500410872569709
fromm,26800,0.8496709910276968
fromm,27000,0.8493010773696238
fromm,27200,0.8489313447525931
fromm,27400,0.8485617917446547
fromm,27600,0.8481924170054687
fromm,27800,0.8478232192801459
fromm,28000,0.8474541973935044
fromm,28200,0.8470853502447132
fromm,28400,0.8467166768022956
fromm,28600,0.8463481760994659
fromm,28800,0.8459798472297841
fromm,29000,0.8456116893430983
fromm,29200,0.8452437016417637
fromm,29400,0.8448758833771143
fromm,29600,0.8445082338461697
fromm,29800,0.8441407523885686
fromm,30000,0.843773438383701
fromm,30200,0.8434062912480415
fromm,30400,0.8430393104326548
fromm,30600,0.8426724954208739
fromm,30800,0.8423058457261318
fromm,31000,0.8419393608899385
fromm,31200,0.8415730404799974
fromm,31400,0.8412068840884454
fromm,31600,0.8408408913302099
fromm,31800,0.8404750618414812
fromm,32000,0.8401093952782844
fromm,32200,0.8397438913151456
fromm,32400,0.8393785496438518
fromm,32600,0.8390133699722933
fromm,32800,0.8386483520233796
fromm,33000,0.8382834955340358
fromm,33200,0.8379188002542577
fromm,33400,0.8375542659462389
fromm,33600,0.8371898923835503
fromm,33800,0.8368256793503781
fromm,34000,0.8364616266408117
fromm,34200,0.8360977340581789
fromm,34400,0.8357340014144284
fromm,34600,0.8353704285295522
fromm,34800,0.8350070152310444
fromm,35000,0.8346437613534011
fromm,35200,0.8342806667376517
fromm,35400,0.8339177312309204
fromm,35600,0.8335549546860175
fromm,35800,0.8331923369610619
fromm,36000,0.8328298779191231
fromm,36200,0.8324675774278935
fromm,36400,0.8321054353593766
fromm,36600,0.8317434515896008
fromm,36800,0.8313816259983506
fromm,37000,0.8310199584689163
fromm,37200,0.8306584488878578
fromm,37400,0.8302970971447908
fromm,37600,0.8299359031321797
fromm,37800,0.8295748667451505
fromm,38000,0.8292139878813127
fromm,38200,0.8288532664405938
fromm,38400,0.8284927023250873
fromm,38600,0.828132295438908
fromm,38800,0.8277720456880561
fromm,39000,0.827411952980296
fromm,39200,0.8270520172250369
fromm,39400,0.8266922383332264
fromm,39600,0.8263326162172456
fromm,39800,0.8259731507908203
fromm,40000,0.8256138419689258
fromm,40200,0.8252546896677098
fromm,40400,0.824895693804415
fromm,40600,0.8245368542973043
fromm,40800,0.8241781710655977
fromm,41000,0.8238196440294087
fromm,41200,0.8234612731096854
fromm,41400,0.8231030582281569
fromm,41600,0.822744999307284
fromm,41800,0.8223870962702092
fromm,42000,0.8220293490407165
fromm,42200,0.8216717575431859
fromm,42400,0.8213143217025596
fromm,42600,0.8209570414443028
fromm,42800,0.8205999166943732
fromm,43000,0.8202429473791865
fromm,43200,0.8198861334255916
fromm,43400,0.8195294747608404
fromm,43600,0.8191729713125643
fromm,43800,0.8188166230087489
fromm,44000,0.818460429777714
fromm,44200,0.8181043915480941
fromm,44400,0.8177485082488143
fromm,44600,0.8173927798090783
fromm,44800,0.8170372061583481
fromm,45000,0.8166817872263297
fromm,45200,0.8163265229429588
fromm,45400,0.8159714132383878
fromm,45600,0.8156164580429717
fromm,45800,0.8152616572872581
fromm,46000,0.8149070109019745
fromm,46200,0.8145525188180203
fromm,46400,0.8141981809664546
fromm,46600,0.8138439972784893
fromm,46800,0.8134899676854804
fromm,47000,0.8131360921189201
fromm,47200,0.8127823705104297
fromm,47400,0.8124288027917522
fromm,47600,0.8120753888947467
fromm,47800,0.8117221287513826
fromm,48000,0.811369022293735
fromm,48200,0.8110160694539769
fromm,48400,0.8106632701643767
fromm,48600,0.8103106243572938
fromm,48800,0.8099581319651736
fromm,49000,0.809605792920544
fromm,49200,0.8092536071560109
fromm,49400,0.8089015746042566
fromm,49600,0.8085496951980349
fromm,49800,0.8081979688701689
fromm,50000,0.8078463955535499
fromm,50200,0.807494975181132
fromm,50400,0.8071437076859315
fromm,50600,0.8067925930010232
fromm,50800,0.8064416310595415
fromm,51000,0.8060908217946734
fromm,51200,0.8057401651396624
fromm,51400,0.8053896610278023
fromm,51600,0.8050393093924386
fromm,51800,0.8046891101669645
fromm,52000,0.8043390632848213
fromm,52200,0.8039891686794972
fromm,52400,0.8036394262845251
fromm,52600,0.8032898360334824
fromm,52800,0.8029403978599889
fromm,53000,0.8025911116977064
fromm,53200,0.802241977480338
fromm,53400,0.8018929951416278
fromm,53600,0.8015441646153596
fromm,53800,0.8011954858353543
fromm,54000,0.8008469587354715
fromm,54200,0.8004985832496094
fromm,54400,0.8001503593117023
fromm,54600,0.7998022868557203
fromm,54800,0.7994543658156702
fromm,55000,0.799106596125593
fromm,55200,0.7987589777195655
fromm,55400,0.7984115105316989
fromm,55600,0.7980641944961371
fromm,55800,0.797717029547059
fromm,56000,0.7973700156186765
fromm,56200,0.7970231526452343
fromm,56400,0.7966764405610093
fromm,56600,0.7963298793003116
fromm,56800,0.7959834687974828
fromm,57000,0.795637208986896
fromm,57200,0.7952910998029566
fromm,57400,0.7949451411801013
fromm,57600,0.7945993330527978
fromm,57800,0.7942536753555446
fromm,58000,0.793908168022872
fromm,58200,0.7935628109893395
fromm,58400,0.7932176041895376
fromm,58600,0.7928725475580873
fromm,58800,0.7925276410296405
fromm,59000,0.7921828845388774
fromm,59200,0.7918382780205095
fromm,59400,0.7914938214092782
fromm,59600,0.791149514639954
fromm,59800,0.7908053576473374
fromm,60000,0.7904613503662579
fromm,60200,0.7901174927315744
fromm,60400,0.7897737846781758
fromm,60600,0.7894302261409804
fromm,60800,0.7890868170549344
fromm,61000,0.7887435573550148
fromm,61200,0.7884004469762262
fromm,61400,0.7880574858536031
fromm,61600,0.7877146739222088
fromm,61800,0.7873720111171347
fromm,62000,0.7870294973735015
fromm,62200,0.7866871326264592
fromm,62400,0.7863449168111863
fromm,62600,0.7860028498628894
fromm,62800,0.7856609317168034
fromm,63000,0.7853191623081929
fromm,63200,0.7849775415723503
fromm,63400,0.7846360694445972
fromm,63600,0.7842947458602831
fromm,63800,0.7839535707547858
fromm,64000,0.7836125440635119
fromm,64200,0.7832716657218962
fromm,64400,0.7829309356654018
fromm,64600,0.7825903538295205
fromm,64800,0.7822499201497706
fromm,65000,0.7819096345617016
fromm,65200,0.7815694970008892
fromm,65400,0.7812295074029382
fromm,65600,0.7808896657034802
fromm,65800,0.7805499718381765
fromm,66000,0.7802104257427164
fromm,66200,0.7798710273528161
fromm,66400,0.7795317766042211
fromm,66600,0.779192673432705
fromm,66800,0.7788537177740683
fromm,67000,0.7785149095641402
fromm,67200,0.7781762487387777
fromm,67400,0.7778377352338665
fromm,67600,0.7774993689853194
fromm,67800,0.7771611499290783
fromm,68000,0.7768230780011113
fromm,68200,0.7764851531374157
fromm,68400,0.7761473752740166
fromm,68600,0.7758097443469669
fromm,68800,0.7754722602923468
fromm,69000,0.7751349230462649
fromm,69200,0.7747977325448582
fromm,69400,0.7744606887242896
fromm,69600,0.7741237915207528
fromm,69800,0.7737870408704661
fromm,70000,0.7734504367096777
fromm,70200,0.7731139789746627
fromm,70400,0.7727776676017242
fromm,70600,0.772441502527193
fromm,70800,0.7721054836874278
fromm,71000,0.771769611018814
fromm,71200,0.771433884457767
fromm,71400,0.7710983039407282
fromm,71600,0.7707628694041659
fromm,71800,0.7704275807845771
fromm,72000,0.7700924380184869
fromm,72200,0.7697574410424477
fromm,72400,0.7694225897930391
fromm,72600,0.7690878842068684
fromm,72800,0.7687533242205705
fromm,73000,0.7684189097708081
fromm,73200,0.7680846407942717
fromm,73400,0.7677505172276788
fromm,73600,0.7674165390077745
fromm,73800,0.7670827060713318
fromm,74000,0.7667490183551514
fromm,74200,0.7664154757960608
fromm,74400,0.7660820783309152
fromm,74600,0.7657488258965969
fromm,74800,0.7654157184300164
fromm,75000,0.765082755868112
fromm,75200,0.7647499381478478
fromm,75400,0.7644172652062168
fromm,75600,0.7640847369802393
fromm,75800,0.7637523534069625
fromm,76000,0.763420114423461
fromm,76200,0.7630880199668366
fromm,76400,0.7627560699742191
fromm,76600,0.7624242643827662
fromm,76800,0.7620926031296609
fromm,77000,0.7617610861521147
fromm,77200,0.7614297133873666
fromm,77400,0.7610984847726827
fromm,77600,0.7607674002453568
fromm,77800,0.7604364597427093
fromm,78000,0.7601056632020886
fromm,78200,0.7597750105608694
fromm,78400,0.7594445017564544
fromm,78600,0.7591141367262733
fromm,78800,0.7587839154077828
fromm,79000,0.7584538377384672
fromm,79200,0.7581239036558379
fromm,79400,0.7577941130974338
fromm,79600,0.7574644660008198
fromm,79800,0.7571349623035895
fromm,80000,0.7568056019433617
fromm,80200,0.7564763848577845
fromm,80400,0.7561473109845319
fromm,80600,0.7558183802613054
fromm,80800,0.7554895926258339
fromm,81000,0.7551609480158725
fromm,81200,0.7548324463692035
fromm,81400,0.7545040876236372
fromm,81600,0.7541758717170096
fromm,81800,0.7538477985871853
fromm,82000,0.7535198681720545
fromm,82200,0.7531920804095358
fromm,82400,0.7528644352375734
fromm,82600,0.7525369325941391
fromm,82800,0.752209572417232
fromm,83000,0.7518823546448778
fromm,83200,0.7515552792151297
fromm,83400,0.751228346066067
fromm,83600,0.7509015551357964
fromm,83800,0.7505749063624514
fromm,84000,0.7502483996841927
fromm,84200,0.7499220350392071
fromm,84400,0.7495958123657094
fromm,84600,0.749269731601941
fromm,84800,0.7489437926861695
fromm,85000,0.7486179955566895
fromm,85200,0.7482923401518238
fromm,85400,0.7479668264099194
fromm,85600,0.7476414542693527
fromm,85800,0.7473162236685258
fromm,86000,0.746991134545867
fromm,86200,0.746666186839833
fromm,86400,0.7463413804889059
fromm,86600,0.7460167154315948
fromm,86800,0.7456921916064357
fromm,87000,0.7453678089519924
fromm,87200,0.7450435674068527
fromm,87400,0.7447194669096343
fromm,87600,0.7443955073989792
fromm,87800,0.7440716888135573
fromm,88000,0.7437480110920649
fromm,88200,0.743424474173225
fromm,88400,0.7431010779957871
fromm,88600,0.7427778224985279
fromm,88800,0.7424547076202497
fromm,89000,0.7421317332997825
fromm,89200,0.7418088994759824
fromm,89400,0.7414862060877313
fromm,89600,0.741163653073939
fromm,89800,0.7408412403735417
fromm,90000,0.7405189679255016
fromm,90200,0.7401968356688072
fromm,90400,0.7398748435424748
fromm,90600,0.739552991485546
fromm,90800,0.7392312794370893
fromm,91000,0.7389097073362003
fromm,91200,0.7385882751220001
fromm,91400,0.738266982733637
fromm,91600,0.7379458301102856
fromm,91800,0.7376248171911464
fromm,92000,0.7373039439154472
fromm,92200,0.7369832102224423
fromm,92400,0.7366626160514111
fromm,92600,0.7363421613416611
fromm,92800,0.736021846032525
fromm,93000,0.7357016700633624
fromm,93200,0.7353816333735592
fromm,93400,0.7350617359025283
fromm,93600,0.7347419775897072
fromm,93800,0.7344223583745609
fromm,94000,0.7341028781965817
fromm,94200,0.733783536995287
fromm,94400,0.7334643347102198
fromm,94600,0.7331452712809506
fromm,94800,0.7328263466470761
fromm,95000,0.7325075607482191
fromm,95200,0.7321889135240289
fromm,95400,0.7318704049141811
fromm,95600,0.7315520348583764
fromm,95800,0.7312338032963428
fromm,96000,0.7309157101678345
fromm,96200,0.7305977554126318
fromm,96400,0.7302799389705407
fromm,96600,0.729962260781394
fromm,96800,0.7296447207850507
fromm,97000,0.7293273189213952
fromm,97200,0.7290100551303392
fromm,97400,0.7286929293518197
fromm,97600,0.7283759415258
fromm,97800,0.7280590915922689
fromm,98000,0.7277423794912431
fromm,98200,0.7274258051627635
fromm,98400,0.7271093685468974
fromm,98600,0.7267930695837398
fromm,98800,0.7264769082134095
fromm,99000,0.7261608843760532
fromm,99200,0.7258449980118424
fromm,99400,0.725529249060975
fromm,99600,0.7252136374636758
fromm,99800,0.7248981631601936
fromm,100000,0.7245828260908047
fromm,100200,0.7242676261958116
fromm,100400,0.723952563415542
fromm,100600,0.7236376376903496
fromm,100800,0.7233228489606145
fromm,101000,0.7230081971667424
fromm,101200,0.7226936822491647
fromm,101400,0.7223793041483392
fromm,101600,0.7220650628047494
fromm,101800,0.7217509581589049
fromm,102000,0.7214369901513406
fromm,102200,0.721123158722618
fromm,102400,0.7208094638133241
fromm,102600,0.7204959053640713
fromm,102800,0.7201824833154993
fromm,103000,0.7198691976082718
fromm,103200,0.719556048183079
fromm,103400,0.7192430349806372
fromm,103600,0.7189301579416882
fromm,103800,0.7186174170069998
fromm,104000,0.7183048121173655
fromm,104200,0.717992343213605
fromm,104400,0.7176800102365627
fromm,104600,0.7173678131271087
fromm,104800,0.7170557518261403
fromm,105000,0.7167438262745797
fromm,105200,0.7164320364133743
fromm,105400,0.7161203821834974
fromm,105600,0.7158088635259489
fromm,105800,0.7154974803817529
fromm,106000,0.7151862326919601
fromm,106200,0.7148751203976471
fromm,106400,0.7145641434399151
fromm,106600,0.7142533017598919
fromm,106800,0.7139425952987302
fromm,107000,0.7136320239976086
fromm,107200,0.7133215877977318
fromm,107400,0.7130112866403289
fromm,107600,0.7127011204666559
fromm,107800,0.712391089217993
fromm,108000,0.7120811928356473
fromm,108200,0.7117714312609502
fromm,108400,0.7114618044352596
fromm,108600,0.7111523122999581
fromm,108800,0.7108429547964549
fromm,109000,0.7105337318661831
fromm,109200,0.7102246434506021
fromm,109400,0.7099156894911974
fromm,109600,0.7096068699294797
fromm,109800,0.7092981847069842
fromm,110000,0.7089896337652727
fromm,110200,0.7086812170459316
fromm,110400,0.7083729344905724
fromm,110600,0.7080647860408333
fromm,110800,0.7077567716383774
fromm,111000,0.7074488912248919
fromm,111200,0.7071411447420912
fromm,111400,0.7068335321317145
fromm,111600,0.7065260533355255
fromm,111800,0.7062187082953144
fromm,112000,0.7059114969528958
fromm,112200,0.70560441925011
fromm,112400,0.7052974751288232
fromm,112600,0.7049906645309255
fromm,112800,0.7046839873983334
fromm,113000,0.7043774436729878
fromm,113200,0.7040710332968557
fromm,113400,0.7037647562119297
fromm,113600,0.7034586123602257
fromm,113800,0.7031526016837868
fromm,114000,0.7028467241246803
fromm,114200,0.7025409796249997
fromm,114400,0.7022353681268624
fromm,114600,0.7019298895724119
fromm,114800,0.7016245439038158
fromm,115000,0.7013193310632683
fromm,115200,0.7010142509929881
fromm,115400,0.7007093036352185
fromm,115600,0.7004044889322285
fromm,115800,0.7000998068263121
fromm,116000,0.6997952572597883
fromm,116200,0.6994908401750016
fromm,116400,0.6991865555143211
fromm,116600,0.6988824032201414
fromm,116800,0.6985783832348819
fromm,117000,0.6982744955009866
fromm,117200,0.6979707399609254
fromm,117400,0.6976671165571926
fromm,117600,0.6973636252323077
fromm,117800,0.6970602659288154
fromm,118000,0.6967570385892854
fromm,118200,0.6964539431563116
fromm,118400,0.6961509795725144
fromm,118600,0.6958481477805374
fromm,118800,0.6955454477230508
fromm,119000,0.6952428793427484
fromm,119200,0.6949404425823494
fromm,119400,0.6946381373845979
fromm,119600,0.6943359636922638
fromm,119800,0.6940339214481402
fromm,120000,0.6937320105950465
fromm,120200,0.6934302310758264
fromm,120400,0.6931285828333478
fromm,120600,0.6928270658105053
fromm,120800,0.6925256799502162
fromm,121000,0.6922244251954244
fromm,121200,0.6919233014890978
fromm,121400,0.6916223087742285
fromm,121600,0.6913214469938344
fromm,121800,0.6910207160909583
fromm,122000,0.6907201160086666
fromm,122200,0.6904196466900516
fromm,122400,0.69011930807823
fromm,122600,0.689819100116343
fromm,122800,0.6895190227475566
fromm,123000,0.6892190759150625
fromm,123200,0.6889192595620752
fromm,123400,0.6886195736318355
fromm,123600,0.6883200180676085
fromm,123800,0.6880205928126834
fromm,124000,0.6877212978103748
fromm,124200,0.6874221330040216
fromm,124400,0.6871230983369875
fromm,124600,0.6868241937526601
fromm,124800,0.6865254191944533
fromm,125000,0.6862267746058036
fromm,125200,0.6859282599301739
fromm,125400,0.6856298751110507
fromm,125600,0.685331620091945
fromm,125800,0.6850334948163935
fromm,126000,0.6847354992279555
fromm,126200,0.6844376332702166
fromm,126400,0.6841398968867864
fromm,126600,0.6838422900212986
fromm,126800,0.6835448126174118
fromm,127000,0.683247464618809
fromm,127200,0.6829502459691978
fromm,127400,0.6826531566123106
fromm,127600,0.6823561964919033
fromm,127800,0.6820593655517574
fromm,128000,0.6817626637356783
fromm,128200,0.6814660909874956
fromm,128400,0.6811696472510641
fromm,128600,0.6808733324702622
fromm,128800,0.6805771465889929
fromm,129000,0.6802810895511839
fromm,129200,0.6799851613007875
fromm,129400,0.6796893617817796
fromm,129600,0.6793936909381614
fromm,129800,0.6790981487139576
fromm,130000,0.678802735053218
fromm,130200,0.678507449900016
fromm,130400,0.67821229319845
fromm,130600,0.677917264892642
fromm,130800,0.6776223649267392
fromm,131000,0.677327593244912
fromm,131200,0.6770329497913559
fromm,131400,0.676738434510291
fromm,131600,0.6764440473459606
fromm,131800,0.6761497882426332
fromm,132000,0.6758556571446002
fromm,132200,0.6755616539961793
fromm,132400,0.6752677787417106
fromm,132600,0.6749740313255596
fromm,132800,0.6746804116921151
fromm,133000,0.6743869197857907
fromm,133200,0.674093555551024
fromm,133400,0.6738003189322768
fromm,133600,0.6735072098740346
fromm,133800,0.6732142283208079
fromm,134000,0.6729213742171308
fromm,134200,0.6726286475075617
fromm,134400,0.672336048136683
fromm,134600,0.672043576049101
fromm,134800,0.6717512311894465
fromm,135000,0.6714590135023741
fromm,135200,0.6711669229325631
fromm,135400,0.6708749594247161
fromm,135600,0.6705831229235598
fromm,135800,0.6702914133738453
fromm,136000,0.6699998307203479
fromm,136200,0.6697083749078664
fromm,136400,0.6694170458812236
fromm,136600,0.6691258435852672
fromm,136800,0.6688347679648676
fromm,137000,0.6685438189649201
fromm,137200,0.6682529965303438
fromm,137400,0.6679623006060812
fromm,137600,0.6676717311370997
fromm,137800,0.6673812880683897
fromm,138000,0.6670909713449662
fromm,138200,0.6668007809118681
fromm,138400,0.6665107167141578
fromm,138600,0.666220778696922
fromm,138800,0.6659309668052704
fromm,139000,0.6656412809843378
fromm,139200,0.6653517211792824
fromm,139400,0.6650622873352859
fromm,139600,0.6647729793975544
fromm,139800,0.6644837973113177
fromm,140000,0.6641947410218288
fromm,140200,0.6639058104743651
fromm,140400,0.663617005614228
fromm,140600,0.6633283263867419
fromm,140800,0.6630397727372567
fromm,141000,0.6627513446111438
fromm,141200,0.6624630419537997
fromm,141400,0.6621748647106441
fromm,141600,0.661886812827121
fromm,141800,0.6615988862486976
fromm,142000,0.6613110849208658
fromm,142200,0.6610234087891397
fromm,142400,0.6607358577990584
fromm,142600,0.6604484318961839
fromm,142800,0.6601611310261023
fromm,143000,0.6598739551344232
fromm,143200,0.6595869041667799
fromm,143400,0.6592999780688297
fromm,143600,0.6590131767862527
fromm,143800,0.658726500264753
fromm,144000,0.658439948450059
fromm,144200,0.6581535212879216
fromm,144400,0.6578672187241159
fromm,144600,0.6575810407044408
fromm,144800,0.6572949871747185
fromm,145000,0.6570090580807945
fromm,145200,0.6567232533685383
fromm,145400,0.6564375729838424
fromm,145600,0.6561520168726244
fromm,145800,0.6558665849808234
fromm,146000,0.6555812772544027
fromm,146200,0.6552960936393498
fromm,146400,0.6550110340816746
fromm,146600,0.6547260985274113
fromm,146800,0.654441286922617
fromm,147000,0.6541565992133732
fromm,147200,0.653872035345784
fromm,147400,0.6535875952659769
fromm,147600,0.6533032789201039
fromm,147800,0.6530190862543388
fromm,148000,0.65273501721488
fromm,148200,0.6524510717479491
fromm,148400,0.6521672497997908
fromm,148600,0.6518835513166732
fromm,148800,0.6515999762448881
fromm,149000,0.6513165245307507
fromm,149200,0.6510331961205992
fromm,149400,0.6507499909607951
fromm,149600,0.6504669089977236
fromm,149800,0.6501839501777935
fromm,150000,0.6499011144474354
fromm,150200,0.6496184017531048
fromm,150400,0.6493358120412801
fromm,150600,0.6490533452584629
fromm,150800,0.6487710013511774
fromm,151000,0.648488780265972
fromm,151200,0.648206681949418
fromm,151400,0.6479247063481102
fromm,151600,0.6476428534086657
fromm,151800,0.6473611230777264
fromm,152000,0.6470795153019562
fromm,152200,0.6467980300280424
fromm,152400,0.6465166672026954
fromm,152600,0.6462354267726498
fromm,152800,0.6459543086846617
fromm,153000,0.6456733128855116
fromm,153200,0.6453924393220031
fromm,153400,0.6451116879409623
fromm,153600,0.6448310586892385
fromm,153800,0.6445505515137042
fromm,154000,0.6442701663612561
fromm,154200,0.6439899031788122
fromm,154400,0.6437097619133147
fromm,154600,0.643429742511729
fromm,154800,0.6431498449210432
fromm,155000,0.6428700690882682
fromm,155200,0.6425904149604381
fromm,155400,0.6423108824846109
fromm,155600,0.6420314716078661
fromm,155800,0.6417521822773076
fromm,156000,0.6414730144400614
fromm,156200,0.6411939680432772
fromm,156400,0.6409150430341272
fromm,156600,0.6406362393598064
fromm,156800,0.6403575569675332
fromm,157000,0.6400789958045486
fromm,157200,0.6398005558181177
fromm,157400,0.6395222369555266
fromm,157600,0.6392440391640862
fromm,157800,0.638965962391129
fromm,158000,0.638688006584011
fromm,158200,0.6384101716901112
fromm,158400,0.6381324576568311
fromm,158600,0.637854864431595
fromm,158800,0.6375773919618507
fromm,159000,0.6373000401950685
fromm,159200,0.6370228090787414
fromm,159400,0.6367456985603858
fromm,159600,0.6364687085875398
fromm,159800,0.6361918391077656
fromm,160000,0.6359150900686473
fromm,160200,0.6356384614177925
fromm,160400,0.635361953102831
fromm,160600,0.6350855650714154
fromm,160800,0.6348092972712222
fromm,161000,0.6345331496499488
fromm,161200,0.6342571221553166
fromm,161400,0.6339812147350694
fromm,161600,0.6337054273369741
fromm,161800,0.6334297599088201
fromm,162000,0.6331542123984191
fromm,162200,0.6328787847536056
fromm,162400,0.6326034769222374
fromm,162600,0.6323282888521944
fromm,162800,0.6320532204913795
fromm,163000,0.6317782717877177
fromm,163200,0.6315034426891577
fromm,163400,0.6312287331436703
fromm,163600,0.6309541430992485
fromm,163800,0.6306796725039084
fromm,164000,0.6304053213056888
fromm,164200,0.6301310894526504
fromm,164400,0.6298569768928776
fromm,164600,0.6295829835744758
fromm,164800,0.6293091094455752
fromm,165000,0.6290353544543267
fromm,165200,0.6287617185489041
fromm,165400,0.6284882016775041
fromm,165600,0.6282148037883464
fromm,165800,0.627941524829672
fromm,166000,0.627668364749746
fromm,166200,0.6273953234968545
fromm,166400,0.6271224010193063
fromm,166600,0.6268495972654337
fromm,166800,0.6265769121835907
fromm,167000,0.626304345722154
fromm,167200,0.6260318978295225
fromm,167400,0.6257595684541177
fromm,167600,0.6254873575443839
fromm,167800,0.6252152650487873
fromm,168000,0.6249432909158167
fromm,168200,0.6246714350939829
fromm,168400,0.6243996975318206
fromm,168600,0.624128078177885
fromm,168800,0.6238565769807545
fromm,169000,0.6235851938890297
fromm,169200,0.623313928851334
fromm,169400,0.6230427818163129
fromm,169600,0.6227717527326342
fromm,169800,0.6225008415489879
fromm,170000,0.6222300482140867
fromm,170200,0.621959372676665
fromm,170400,0.62168881488548
fromm,170600,0.6214183747893111
fromm,170800,0.62114805233696
fromm,171000,0.6208778474772506
fromm,171200,0.6206077601590291
fromm,171400,0.6203377903311637
fromm,171600,0.6200679379425451
fromm,171800,0.619798202942086
fromm,172000,0.619528585278722
fromm,172200,0.6192590849014099
fromm,172400,0.6189897017591297
fromm,172600,0.6187204358008834
fromm,172800,0.6184512869756944
fromm,173000,0.6181822552326088
fromm,173200,0.6179133405206949
fromm,173400,0.617644542789043
fromm,173600,0.617375861986766
fromm,173800,0.6171072980629984
fromm,174000,0.6168388509668973
fromm,174200,0.6165705206476411
fromm,174400,0.6163023070544312
fromm,174600,0.6160342101364907
fromm,174800,0.615766229843065
fromm,175000,0.6154983661234209
fromm,175200,0.6152306189268482
fromm,175400,0.6149629882026585
fromm,175600,0.6146954739001848
fromm,175800,0.6144280759687829
fromm,176000,0.6141607943578301
fromm,176200,0.6138936290167264
fromm,176400,0.613626579894893
fromm,176600,0.6133596469417736
fromm,176800,0.6130928301068342
fromm,177000,0.612826129339562
fromm,177200,0.6125595445894665
fromm,177400,0.6122930758060793
fromm,177600,0.6120267229389538
fromm,177800,0.6117604859376656
fromm,178000,0.6114943647518118
fromm,178200,0.611228359331012
fromm,178400,0.6109624696249072
fromm,178600,0.6106966955831605
fromm,178800,0.6104310371554565
fromm,179000,0.6101654942915027
fromm,179200,0.6099000669410275
fromm,179400,0.6096347550537817
fromm,179600,0.6093695585795378
fromm,179800,0.6091044774680898
fromm,180000,0.608839511669254
fromm,180200,0.6085746611328687
fromm,180400,0.6083099258087934
fromm,180600,0.60804530564691
fromm,180800,0.6077808005971215
fromm,181000,0.6075164106093535
fromm,181200,0.6072521356335527
fromm,181400,0.6069879756196884
fromm,181600,0.6067239305177504
fromm,181800,0.606460000277752
fromm,182000,0.6061961848497264
fromm,182200,0.6059324841837298
fromm,182400,0.6056688982298395
fromm,182600,0.6054054269381549
fromm,182800,0.6051420702587968
fromm,183000,0.6048788281419079
fromm,183200,0.6046157005376523
fromm,183400,0.6043526873962165
fromm,183600,0.6040897886678076
fromm,183800,0.6038270043026552
fromm,184000,0.6035643342510105
fromm,184200,0.6033017784631459
fromm,184400,0.6030393368893556
fromm,184600,0.6027770094799554
fromm,184800,0.6025147961852833
fromm,185000,0.6022526969556973
fromm,185200,0.6019907117415791
fromm,185400,0.6017288404933306
fromm,185600,0.6014670831613761
fromm,185800,0.6012054396961599
fromm,186000,0.6009439100481503
fromm,186200,0.6006824941678351
fromm,186400,0.6004211920057245
fromm,186600,0.6001600035123499
fromm,186800,0.5998989286382644
fromm,187000,0.5996379673340426
fromm,187200,0.599377119550281
fromm,187400,0.5991163852375966
fromm,187600,0.5988557643466291
fromm,187800,0.5985952568280389
fromm,188000,0.5983348626325079
fromm,188200,0.5980745817107395
fromm,188400,0.5978144140134587
fromm,188600,0.5975543594914118
fromm,188800,0.5972944180953665
fromm,189000,0.5970345897761123
fromm,189200,0.5967748744844594
fromm,189400,0.5965152721712402
fromm,189600,0.5962557827873081
fromm,189800,0.5959964062835377
fromm,190000,0.5957371426108251
fromm,190200,0.5954779917200878
fromm,190400,0.5952189535622647
fromm,190600,0.5949600280883162
fromm,190800,0.5947012152492234
fromm,191000,0.5944425149959891
fromm,191200,0.5941839272796378
fromm,191400,0.5939254520512149
fromm,191600,0.5936670892617871
fromm,191800,0.5934088388624424
fromm,192000,0.5931507008042904
fromm,192200,0.5928926750384614
fromm,192400,0.5926347615161076
fromm,192600,0.5923769601884016
fromm,192800,0.5921192710065382
fromm,193000,0.5918616939217323
fromm,193200,0.5916042288852217
fromm,193400,0.5913468758482635
fromm,193600,0.5910896347621376
fromm,193800,0.5908325055781439
fromm,194000,0.5905754882476041
fromm,194200,0.5903185827218611
fromm,194400,0.590061788952279
fromm,194600,0.5898051068902426
fromm,194800,0.5895485364871581
fromm,195000,0.5892920776944531
fromm,195200,0.5890357304635759
fromm,195400,0.5887794947459963
fromm,195600,0.5885233704932045
fromm,195800,0.5882673576567132
fromm,196000,0.5880114561880547
fromm,196200,0.5877556660387838
fromm,196400,0.5874999871604746
fromm,196600,0.5872444195047234
fromm,196800,0.5869889630231476
fromm,197000,0.5867336176673856
fromm,197200,0.5864783833890969
fromm,197400,0.5862232601399614
fromm,197600,0.5859682478716808
fromm,197800,0.5857133465359773
fromm,198000,0.5854585560845943
fromm,198200,0.585203876469296
fromm,198400,0.5849493076418675
fromm,198600,0.5846948495541155
fromm,198800,0.5844405021578672
fromm,199000,0.5841862654049705
fromm,199200,0.583932139247295
fromm,199400,0.5836781236367307
fromm,199600,0.5834242185251886
fromm,199800,0.5831704238646006
fromm,200000,0.5829167396069197
ub3,0,1.0
ub3,200,0.9575151917088343
ub3,400,0.9488670781598784
ub3,600,0.9430482955926577
ub3,800,0.9385461413634721
ub3,1000,0.9348296001200761
ub3,1200,0.9316283315666848
ub3,1400,0.9287853564138574
ub3,1600,0.9262054390485482
ub3,1800,0.9238292689589264
ub3,2000,0.921618819468327
ub3,2200,0.9195487789354889
ub3,2400,0.9176014996147618
ub3,2600,0.9157640135930327
ub3,2800,0.9140262665584971
ub3,3000,0.9123800692461715
ub3,3200,0.9108184718264701
ub3,3400,0.9093353876193978
ub3,3600,0.9079253639047256
ub3,3800,0.9065834396510153
ub3,4000,0.9053050547458223
ub3,4200,0.9040859898813318
ub3,4400,0.9029223248231769
ub3,4600,0.9018104078330365
ub3,4800,0.9007468319811837
ub3,5000,0.8997284158287908
ub3,5200,0.8987521869848545
ub3,5400,0.8978153676452592
ub3,5600,0.8969153615758076
ub3,5800,0.8960497422095481
ub3,6000,0.8952162416514612
ub3,6200,0.8944127404560822
ub3,6400,0.8936372580865596
ub3,6600,0.8928879439892933
ub3,6800,0.8921630692337964
ub3,7000,0.8914610186769567
ub3,7200,0.8907802836169251
ub3,7400,0.8901194549059112
ub3,7600,0.8894772164939488
ub3,7800,0.8888523393778347
ub3,8000,0.8882436759311406
ub3,8200,0.8876501545926156
ub3,8400,0.8870707748916022
ub3,8600,0.8865046027902413
ub3,8800,0.8859507663233452
ub3,9000,0.8854084515178612
ub3,9200,0.8848768985748174
ub3,9400,0.8843553982976157
ub3,9600,0.8838432887514057
ub3,9800,0.883339952139166
ub3,10000,0.8828448118809199
ub3,10200,0.8823573298833152
ub3,10400,0.8818770039875312
ub3,10600,0.8814033655841984
ub3,10800,0.8809359773846905
ub3,11000,0.880474431338782
ub3,11200,0.8800183466892773
ub3,11400,0.8795673681547987
ub3,11600,0.8791211642324464
ub3,11800,0.8786794256125717
ub3,12000,0.8782418636983902
ub3,12200,0.8778082092236009
ub3,12400,0.8773782109616206
ub3,12600,0.8769516345204525
ub3,12800,0.8765282612175711
ub3,13000,0.8761078870295809
ub3,13200,0.875690321611728
ub3,13400,0.8752753873826725
ub3,13600,0.8748629186702164
ub3,13800,0.8744527609139656
ub3,14000,0.8740447699211632
ub3,14200,0.8736388111721711
ub3,14400,0.8732347591723201
ub3,14600,0.8728324968470466
ub3,14800,0.8724319149774455
ub3,15000,0.8720329116735563
ub3,15200,0.8716353918828702
ub3,15400,0.8712392669317187
ub3,15600,0.870844454097351
ub3,15800,0.8704508762086609
ub3,16000,0.8700584612736431
ub3,16200,0.8696671421318094
ub3,16400,0.8692768561298885
ub3,16600,0.8688875448192591
ub3,16800,0.8684991536736623
ub3,17000,0.8681116318258433
ub3,17200,0.8677249318218475
ub3,17400,0.8673390093917995
ub3,17600,0.8669538232360575
ub3,17800,0.8665693348257116
ub3,18000,0.8661855082164732
ub3,18200,0.8658023098750509
ub3,18400,0.8654197085171821
ub3,18600,0.8650376749565322
ub3,18800,0.8646561819637446
ub3,19000,0.8642752041349507
ub3,19200,0.8638947177691068
ub3,19400,0.8635147007535713
ub3,19600,0.8631351324573673
ub3,19800,0.8627559936316103
ub3,20000,0.8623772663166285
ub3,20200,0.8619989337553173
ub3,20400,0.8616209803123207
ub3,20600,0.8612433913986365
ub3,20800,0.8608661534012891
ub3,21000,0.8604892536177303
ub3,21200,0.8601126801946424
ub3,21400,0.8597364220708588
ub3,21600,0.8593604689241167
ub3,21800,0.8589848111213897
ub3,22000,0.8586094396725584
ub3,22200,0.8582343461871937
ub3,22400,0.8578595228342448
ub3,22600,0.8574849623044385
ub3,22800,0.8571106577752017
ub3,23000,0.8567366028779462
ub3,23200,0.8563627916675494
ub3,23400,0.8559892185938878
ub3,23600,0.8556158784752831
ub3,23800,0.8552427664737338
ub3,24000,0.8548698780718111
ub3,24200,0.8544972090511108
ub3,24400,0.8541247554721484
ub3,24600,0.8537525136556107
ub3,24800,0.8533804801648656
ub3,25000,0.8530086517896478
ub3,25200,0.8526370255308414
ub3,25400,0.8522655985862853
ub3,25600,0.8518943683375337
ub3,25800,0.851523332337506
ub3,26000,0.8511524882989663
ub3,26200,0.8507818340837809
ub3,26400,0.850411367692892
ub3,26600,0.8500410872569709
ub3,26800,0.8496709910276968
ub3,27000,0.8493010773696238
ub3,27200,0.8489313447525931
ub3,27400,0.8485617917446547
ub3,27600,0.8481924170054687
ub3,27800,0.8478232192801459
ub3,28000,0.8474541973935044
ub3,28200,0.8470853502447132
ub3,28400,0.8467166768022956
ub3,28600,0.8463481760994659
ub3,28800,0.8459798472297841
ub3,29000,0.8456116893430983
ub3,29200,0.8452437016417637
ub3,29400,0.8448758833771143
ub3,29600,0.8445082338461697
ub3,29800,0.8441407523885686
ub3,30000,0.843773438383701
ub3,30200,0.8434062912480415
ub3,30400,0.8430393104326548
ub3,30600,0.8426724954208739
ub3,30800,0.8423058457261318
ub3,31000,0.8419393608899385
ub3,31200,0.8415730404799974
ub3,31400,0.8412068840884454
ub3,31600,0.8408408913302099
ub3,31800,0.8404750618414812
ub3,32000,0.8401093952782844
ub3,32200,0.8397438913151456
ub3,32400,0.8393785496438518
ub3,32600,0.8390133699722933
ub3,32800,0.8386483520233796
ub3,33000,0.8382834955340358
ub3,33200,0.8379188002542577
ub3,33400,0.8375542659462389
ub3,33600,0.8371898923835503
ub3,33800,0.8368256793503781
ub3,34000,0.8364616266408117
ub3,34200,0.8360977340581789
ub3,34400,0.8357340014144284
ub3,34600,0.8353704285295522
ub3,34800,0.8350070152310444
ub3,35000,0.8346437613534011
ub3,35200,0.8342806667376517
ub3,35400,0.8339177312309204
ub3,35600,0.8335549546860175
ub3,35800,0.8331923369610619
ub3,36000,0.8328298779191231
ub3,36200,0.8324675774278935
ub3,36400,0.8321054353593766
ub3,36600,0.8317434515896008
ub3,36800,0.8313816259983506
ub3,37000,0.8310199584689163
ub3,37200,0.8306584488878578
ub3,37400,0.8302970971447908
ub3,37600,0.8299359031321797
ub3,37800,0.8295748667451505
ub3,38000,0.8292139878813127
ub3,38200,0.8288532664405938
ub3,38400,0.8284927023250873
ub3,38600,0.828132295438908
ub3,38800,0.8277720456880561
ub3,39000,0.827411952980296
ub3,39200,0.8270520172250369
ub3,39400,0.8266922383332264
ub3,39600,0.8263326162172456
ub3,39800,0.8259731507908203
ub3,40000,0.8256138419689258
ub3,40200,0.8252546896677098
ub3,40400,0.824895693804415
ub3,40600,0.8245368542973043
ub3,40800,0.8241781710655977
ub3,41000,0.8238196440294087
ub3,41200,0.8234612731096854
ub3,41400,0.8231030582281569
ub3,41600,0.822744999307284
ub3,41800,0.8223870962702092
ub3,42000,0.8220293490407165
ub3,42200,0.8216717575431859
ub3,42400,0.8213143217025596
ub3,42600,0.8209570414443028
ub3,42800,0.8205999166943732
ub3,43000,0.8202429473791865
ub3,43200,0.8198861334255916
ub3,43400,0.8195294747608404
ub3,43600,0.8191729713125643
ub3,43800,0.8188166230087489
ub3,44000,0.818460429777714
ub3,44200,0.8181043915480941
ub3,44400,0.8177485082488143
ub3,44600,0.8173927798090783
ub3,44800,0.8170372061583481
ub3,45000,0.8166817872263297
ub3,45200,0.8163265229429588
ub3,45400,0.8159714132383878
ub3,45600,0.8156164580429717
ub3,45800,0.8152616572872581
ub3,46000,0.8149070109019745
ub3,46200,0.8145525188180203
ub3,46400,0.8141981809664546
ub3,46600,0.8138439972784893
ub3,46800,0.8134899676854804
ub3,47000,0.8131360921189201
ub3,47200,0.8127823705104297
ub3,47400,0.8124288027917522
ub3,47600,0.8120753888947467
ub3,47800,0.8117221287513826
ub3,48000,0.811369022293735
ub3,48200,0.8110160694539769
ub3,48400,0.8106632701643767
ub3,48600,0.8103106243572938
ub3,48800,0.8099581319651736
ub3,49000,0.809605792920544
ub3,49200,0.8092536071560109
ub3,49400,0.8089015746042566
ub3,49600,0.8085496951980349
ub3,49800,0.8081979688701689
ub3,50000,0.8078463955535499
ub3,50200,0.807494975181132
ub3,50400,0.8071437076859315
ub3,50600,0.8067925930010232
ub3,50800,0.8064416310595415
ub3,51000,0.8060908217946734
ub3,51200,0.8057401651396624
ub3,51400,0.8053896610278023
ub3,51600,0.8050393093924386
ub3,51800,0.8046891101669645
ub3,52000,0.8043390632848213
ub3,52200,0.8039891686794972
ub3,52400,0.8036394262845251
ub3,52600,0.8032898360334824
ub3,52800,0.8029403978599889
ub3,53000,0.8025911116977064
ub3,53200,0.802241977480338
ub3,53400,0.8018929951416278
ub3,53600,0.8015441646153596
ub3,53800,0.8011954858353543
ub3,54000,0.8008469587354715
ub3,54200,0.8004985832496094
ub3,54400,0.8001503593117023
ub3,54600,0.7998022868557203
ub3,54800,0.7994543658156702
ub3,55000,0.799106596125593
ub3,55200,0.7987589777195655
ub3,55400,0.7984115105316989
ub3,55600,0.7980641944961371
ub3,55800,0.797717029547059
ub3,56000,0.7973700156186765
ub3,56200,0.7970231526452343
ub3,56400,0.7966764405610093
ub3,56600,0.7963298793003116
ub3,56800,0.7959834687974828
ub3,57000,0.795637208986896
ub3,57200,0.7952910998029566
ub3,57400,0.7949451411801013
ub3,57600,0.7945993330527978
ub3,57800,0.7942536753555446
ub3,58000,0.793908168022872
ub3,58200,0.7935628109893395
ub3,58400,0.7932176041895376
ub3,58600,0.7928725475580873
ub3,58800,0.7925276410296405
ub3,59000,0.7921828845388774
ub3,59200,0.7918382780205095
ub3,59400,0.7914938214092782
ub3,59600,0.791149514639954
ub3,59800,0.7908053576473374
ub3,60000,0.7904613503662579
ub3,60200,0.7901174927315744
ub3,60400,0.7897737846781758
ub3,60600,0.7894302261409804
ub3,60800,0.7890868170549344
ub3,61000,0.7887435573550148
ub3,61200,0.7884004469762262
ub3,61400,0.7880574858536031
ub3,61600,0.7877146739222088
ub3,61800,0.7873720111171347
ub3,62000,0.7870294973735015
ub3,62200,0.7866871326264592
ub3,62400,0.7863449168111863
ub3,62600,0.7860028498628894
ub3,62800,0.7856609317168034
ub3,63000,0.7853191623081929
ub3,63200,0.7849775415723503
ub3,63400,0.7846360694445972
ub3,63600,0.7842947458602831
ub3,63800,0.7839535707547858
ub3,64000,0.7836125440635119
ub3,64200,0.7832716657218962
ub3,64400,0.7829309356654018
ub3,64600,0.7825903538295205
ub3,64800,0.7822499201497706
ub3,65000,0.7819096345617016
ub3,65200,0.7815694970008892
ub3,65400,0.7812295074029382
ub3,65600,0.7808896657034802
ub3,65800,0.7805499718381765
ub3,66000,0.7802104257427164
ub3,66200,0.7798710273528161
ub3,66400,0.7795317766042211
ub3,66600,0.779192673432705
ub3,66800,0.7788537177740683
ub3,67000,0.7785149095641402
ub3,67200,0.7781762487387777
ub3,67400,0.7778377352338665
ub3,67600,0.7774993689853194
ub3,67800,0.7771611499290783
ub3,68000,0.7768230780011113
ub3,68200,0.7764851531374157
ub3,68400,0.7761473752740166
ub3,68600,0.7758097443469669
ub3,68800,0.7754722602923468
ub3,69000,0.7751349230462649
ub3,69200,0.7747977325448582
ub3,69400,0.7744606887242896
ub3,69600,0.7741237915207528
ub3,69800,0.7737870408704661
ub3,70000,0.7734504367096777
ub3,70200,0.7731139789746627
ub3,70400,0.7727776676017242
ub3,70600,0.772441502527193
ub3,70800,0.7721054836874278
ub3,71000,0.771769611018814
ub3,71200,0.771433884457767
ub3,71400,0.7710983039407282
ub3,71600,0.7707628694041659
ub3,71800,0.7704275807845771
ub3,72000,0.7700924380184869
ub3,72200,0.7697574410424477
ub3,72400,0.7694225897930391
ub3,72600,0.7690878842068684
ub3,72800,0.7687533242205705
ub3,73000,0.7684189097708081
ub3,73200,0.7680846407942717
ub3,73400,0.7677505172276788
ub3,73600,0.7674165390077745
ub3,73800,0.7670827060713318
ub3,74000,0.7667490183551514
ub3,74200,0.7664154757960608
ub3,74400,0.7660820783309152
ub3,74600,0.7657488258965969
ub3,74800,0.7654157184300164
ub3,75000,0.765082755868112
ub3,75200,0.7647499381478478
ub3,75400,0.7644172652062168
ub3,75600,0.7640847369802393
ub3,75800,0.7637523534069625
ub3,76000,0.763420114423461
ub3,76200,0.7630880199668366
ub3,76400,0.7627560699742191
ub3,76600,0.7624242643827662
ub3,76800,0.7620926031296609
ub3,77000,0.7617610861521147
ub3,77200,0.7614297133873666
ub3,77400,0.7610984847726827
ub3,77600,0.7607674002453568
ub3,77800,0.7604364597427093
ub3,78000,0.7601056632020886
ub3,78200,0.7597750105608694
ub3,78400,0.7594445017564544
ub3,78600,0.7591141367262733
ub3,78800,0.7587839154077828
ub3,79000,0.7584538377384672
ub3,79200,0.7581239036558379
ub3,79400,0.7577941130974338
ub3,79600,0.7574644660008198
ub3,79800,0.7571349623035895
ub3,80000,0.7568056019433617
ub3,80200,0.7564763848577845
ub3,80400,0.7561473109845319
ub3,80600,0.7558183802613054
ub3,80800,0.7554895926258339
ub3,81000,0.7551609480158725
ub3,81200,0.7548324463692035
ub3,81400,0.7545040876236372
ub3,81600,0.7541758717170096
ub3,81800,0.7538477985871853
ub3,82000,0.7535198681720545
ub3,82200,0.7531920804095358
ub3,82400,0.7528644352375734
ub3,82600,0.7525369325941391
ub3,82800,0.752209572417232
ub3,83000,0.7518823546448778
ub3,83200,0.7515552792151297
ub3,83400,0.751228346066067
ub3,83600,0.7509015551357964
ub3,83800,0.7505749063624514
ub3,84000,0.7502483996841927
ub3,84200,0.7499220350392071
ub3,84400,0.7495958123657094
ub3,84600,0.749269731601941
ub3,84800,0.7489437926861695
ub3,85000,0.7486179955566895
ub3,85200,0.7482923401518238
ub3,85400,0.7479668264099194
ub3,85600,0.7476414542693527
ub3,85800,0.7473162236685258
ub3,86000,0.746991134545867
ub3,86200,0.746666186839833
ub3,86400,0.7463413804889059
ub3,86600,0.7460167154315948
ub3,86800,0.7456921916064357
ub3,87000,0.7453678089519924
ub3,87200,0.7450435674068527
ub3,87400,0.7447194669096343
ub3,87600,0.7443955073989792
ub3,87800,0.7440716888135573
ub3,88000,0.7437480110920649
ub3,88200,0.743424474173225
ub3,88400,0.7431010779957871
ub3,88600,0.7427778224985279
ub3,88800,0.7424547076202497
ub3,89000,0.7421317332997825
ub3,89200,0.7418088994759824
ub3,89400,0.7414862060877313
ub3,89600,0.741163653073939
ub3,89800,0.7408412403735417
ub3,90000,0.7405189679255016
ub3,90200,0.7401968356688072
ub3,90400,0.7398748435424748
ub3,90600,0.739552991485546
ub3,90800,0.7392312794370893
ub3,91000,0.7389097073362003
ub3,91200,0.7385882751220001
ub3,91400,0.738266982733637
ub3,91600,0.7379458301102856
ub3,91800,0.7376248171911464
ub3,92000,0.7373039439154472
ub3,92200,0.7369832102224423
ub3,92400,0.7366626160514111
ub3,92600,0.7363421613416611
ub3,92800,0.736021846032525
ub3,93000,0.7357016700633624
ub3,93200,0.7353816333735592
ub3,93400,0.7350617359025283
ub3,93600,0.7347419775897072
ub3,93800,0.7344223583745609
ub3,94000,0.7341028781965817
ub3,94200,0.733783536995287
ub3,94400,0.7334643347102198
ub3,94600,0.7331452712809506
ub3,94800,0.7328263466470761
ub3,95000,0.7325075607482191
ub3,95200,0.7321889135240289
ub3,95400,0.7318704049141811
ub3,95600,0.7315520348583764
ub3,95800,0.7312338032963428
ub3,96000,0.7309157101678345
ub3,96200,0.7305977554126318
ub3,96400,0.7302799389705407
ub3,96600,0.729962260781394
ub3,96800,0.7296447207850507
ub3,97000,0.7293273189213952
ub3,97200,0.7290100551303392
ub3,97400,0.7286929293518197
ub3,97600,0.7283759415258
ub3,97800,0.7280590915922689
ub3,98000,0.7277423794912431
ub3,98200,0.7274258051627635
ub3,98400,0.7271093685468974
ub3,98600,0.7267930695837398
ub3,98800,0.7264769082134095
ub3,99000,0.7261608843760532
ub3,99200,0.7258449980118424
ub3,99400,0.725529249060975
ub3,99600,0.7252136374636758
ub3,99800,0.7248981631601936
ub3,100000,0.7245828260908047
ub3,100200,0.7242676261958116
ub3,100400,0.723952563415542
ub3,100600,0.7236376376903496
ub3,100800,0.7233228489606145
ub3,101000,0.7230081971667424
ub3,101200,0.7226936822491647
ub3,101400,0.7223793041483392
ub3,101600,0.7220650628047494
ub3,101800,0.7217509581589049
ub3,102000,0.7214369901513406
ub3,102200,0.721123158722618
ub3,102400,0.7208094638133241
ub3,102600,0.7204959053640713
ub3,102800,0.7201824833154993
ub3,103000,0.7198691976082718
ub3,103200,0.719556048183079
ub3,103400,0.7192430349806372
ub3,103600,0.7189301579416882
ub3,103800,0.7186174170069998
ub3,104000,0.7183048121173655
ub3,104200,0.717992343213605
ub3,104400,0.7176800102365627
ub3,104600,0.7173678131271087
ub3,104800,0.7170557518261403
ub3,105000,0.7167438262745797
ub3,105200,0.7164320364133743
ub3,105400,0.7161203821834974
ub3,105600,0.7158088635259489
ub3,105800,0.7154974803817529
ub3,106000,0.7151862326919601
ub3,106200,0.7148751203976471
ub3,106400,0.7145641434399151
ub3,106600,0.7142533017598919
ub3,106800,0.7139425952987302
ub3,107000,0.7136320239976086
ub3,107200,0.7133215877977318
ub3,107400,0.7130112866403289
ub3,107600,0.7127011204666559
ub3,107800,0.712391089217993
ub3,108000,0.7120811928356473
ub3,108200,0.7117714312609502
ub3,108400,0.7114618044352596
ub3,108600,0.7111523122999581
ub3,108800,0.7108429547964549
ub3,109000,0.7105337318661831
ub3,109200,0.7102246434506021
ub3,109400,0.7099156894911974
ub3,109600,0.7096068699294797
ub3,109800,0.7092981847069842
ub3,110000,0.7089896337652727
ub3,110200,0.7086812170459316
ub3,110400,0.7083729344905724
ub3,110600,0.7080647860408333
ub3,110800,0.7077567716383774
ub3,111000,0.7074488912248919
ub3,111200,0.7071411447420912
ub3,111400,0.7068335321317145
ub3,111600,0.7065260533355255
ub3,111800,0.7062187082953144
ub3,112000,0.7059114969528958
ub3,112200,0.70560441925011
ub3,112400,0.7052974751288232
ub3,112600,0.7049906645309255
ub3,112800,0.7046839873983334
ub3,113000,0.7043774436729878
ub3,113200,0.7040710332968557
ub3,113400,0.7037647562119297
ub3,113600,0.7034586123602257
ub3,113800,0.7031526016837868
ub3,114000,0.7028467241246803
ub3,114200,0.7025409796249997
ub3,114400,0.7022353681268624
ub3,114600,0.7019298895724119
ub3,114800,0.7016245439038158
ub3,115000,0.7013193310632683
ub3,115200,0.7010142509929881
ub3,115400,0.7007093036352185
ub3,115600,0.7004044889322285
ub3,115800,0.7000998068263121
ub3,116000,0.6997952572597883
ub3,116200,0.6994908401750016
ub3,116400,0.6991865555143211
ub3,116600,0.6988824032201414
ub3,116800,0.6985783832348819
ub3,117000,0.6982744955009866
ub3,117200,0.6979707399609254
ub3,117400,0.6976671165571926
ub3,117600,0.6973636252323077
ub3,117800,0.6970602659288154
ub3,118000,0.6967570385892854
ub3,118200,0.6964539431563116
ub3,118400,0.6961509795725144
ub3,118600,0.6958481477805374
ub3,118800,0.6955454477230508
ub3,119000,0.6952428793427484
ub3,119200,0.6949404425823494
ub3,119400,0.6946381373845979
ub3,119600,0.6943359636922638
ub3,119800,0.6940339214481402
ub3,120000,0.6937320105950465
ub3,120200,0.6934302310758264
ub3,120400,0.6931285828333478
ub3,120600,0.6928270658105053
ub3,120800,0.6925256799502162
ub3,121000,0.6922244251954244
ub3,121200,0.6919233014890978
ub3,121400,0.6916223087742285
ub3,121600,0.6913214469938344
ub3,121800,0.6910207160909583
ub3,122000,0.6907201160086666
ub3,122200,0.6904196466900516
ub3,122400,0.69011930807823
ub3,122600,0.689819100116343
ub3,122800,0.6895190227475566
ub3,123000,0.6892190759150625
ub3,123200,0.6889192595620752
ub3,123400,0.6886195736318355
ub3,123600,0.6883200180676085
ub3,123800,0.6880205928126834
ub3,124000,0.6877212978103748
ub3,124200,0.6874221330040216
ub3,124400,0.6871230983369875
ub3,124600,0.6868241937526601
ub3,124800,0.6865254191944533
ub3,125000,0.6862267746058036
ub3,125200,0.6859282599301739
ub3,125400,0.6856298751110507
ub3,125600,0.685331620091945
ub3,125800,0.6850334948163935
ub3,126000,0.6847354992279555
ub3,126200,0.6844376332702166
ub3,126400,0.6841398968867864
ub3,126600,0.6838422900212986
ub3,126800,0.6835448126174118
ub3,127000,0.683247464618809
ub3,127200,0.6829502459691978
ub3,127400,0.6826531566123106
ub3,127600,0.6823561964919033
ub3,127800,0.6820593655517574
ub3,128000,0.6817626637356783
ub3,128200,0.6814660909874956
ub3,128400,0.6811696472510641
ub3,128600,0.6808733324702622
ub3,128800,0.6805771465889929
ub3,129000,0.6802810895511839
ub3,129200,0.6799851613007875
ub3,129400,0.6796893617817796
ub3,129600,0.6793936909381614
ub3,129800,0.6790981487139576
ub3,130000,0.678802735053218
ub3,130200,0.678507449900016
ub3,130400,0.67821229319845
ub3,130600,0.677917264892642
ub3,130800,0.6776223649267392
ub3,131000,0.677327593244912
ub3,131200,0.6770329497913559
ub3,131400,0.676738434510291
ub3,131600,0.6764440473459606
ub3,131800,0.6761497882426332
ub3,132000,0.6758556571446002
ub3,132200,0.6755616539961793
ub3,132400,0.6752677787417106
ub3,132600,0.6749740313255596
ub3,132800,0.6746804116921151
ub3,133000,0.6743869197857907
ub3,133200,0.674093555551024
ub3,133400,0.6738003189322768
ub3,133600,0.6735072098740346
ub3,133800,0.6732142283208079
ub3,134000,0.6729213742171308
ub3,134200,0.6726286475075617
ub3,134400,0.672336048136683
ub3,134600,0.672043576049101
ub3,134800,0.6717512311894465
ub3,135000,0.6714590135023741
ub3,135200,0.6711669229325631
ub3,135400,0.6708749594247161
ub3,135600,0.6705831229235598
ub3,135800,0.6702914133738453
ub3,136000,0.6699998307203479
ub3,136200,0.6697083749078664
ub3,136400,0.6694170458812236
ub3,136600,0.6691258435852672
ub3,136800,0.6688347679648676
ub3,137000,0.6685438189649201
ub3,137200,0.6682529965303438
ub3,137400,0.6679623006060812
ub3,137600,0.6676717311370997
ub3,137800,0.6673812880683897
ub3,138000,0.6670909713449662
ub3,138200,0.6668007809118681
ub3,138400,0.6665107167141578
ub3,138600,0.666220778696922
ub3,138800,0.6659309668052704
ub3,139000,0.6656412809843378
ub3,139200,0.6653517211792824
ub3,139400,0.6650622873352859
ub3,139600,0.6647729793975544
ub3,139800,0.6644837973113177
ub3,140000,0.6641947410218288
ub3,140200,0.6639058104743651
ub3,140400,0.663617005614228
ub3,140600,0.6633283263867419
ub3,140800,0.6630397727372567
ub3,141000,0.6627513446111438
ub3,141200,0.6624630419537997
ub3,141400,0.6621748647106441
ub3,141600,0.661886812827121
ub3,141800,0.6615988862486976
ub3,142000,0.6613110849208658
ub3,142200,0.6610234087891397
ub3,142400,0.6607358577990584
ub3,142600,0.6604484318961839
ub3,142800,0.6601611310261023
ub3,143000,0.6598739551344232
ub3,143200,0.6595869041667799
ub3,143400,0.6592999780688297
ub3,143600,0.6590131767862527
ub3,143800,0.658726500264753
ub3,144000,0.658439948450059
ub3,144200,0.6581535212879216
ub3,144400,0.6578672187241159
ub3,144600,0.6575810407044408
ub3,144800,0.6572949871747185
ub3,145000,0.6570090580807945
ub3,145200,0.6567232533685383
ub3,145400,0.6564375729838424
ub3,145600,0.6561520168726244
ub3,145800,0.6558665849808234
ub3,146000,0.6555812772544027
ub3,146200,0.6552960936393498
ub3,146400,0.6550110340816746
ub3,146600,0.6547260985274113
ub3,146800,0.654441286922617
ub3,147000,0.6541565992133732
ub3,147200,0.653872035345784
ub3,147400,0.6535875952659769
ub3,147600,0.6533032789201039
ub3,147800,0.6530190862543388
ub3,148000,0.65273501721488
ub3,148200,0.6524510717479491
ub3,148400,0.6521672497997908
ub3,148600,0.6518835513166732
ub3,148800,0.6515999762448881
ub3,149000,0.6513165245307507
ub3,149200,0.6510331961205992
ub3,149400,0.6507499909607951
ub3,149600,0.6504669089977236
ub3,149800,0.6501839501777935
ub3,150000,0.6499011144474354
ub3,150200,0.6496184017531048
ub3,150400,0.6493358120412801
ub3,150600,0.6490533452584629
ub3,150800,0.6487710013511774
ub3,151000,0.648488780265972
ub3,151200,0.648206681949418
ub3,151400,0.6479247063481102
ub3,151600,0.6476428534086657
ub3,151800,0.6473611230777264
ub3,152000,0.6470795153019562
ub3,152200,0.6467980300280424
ub3,152400,0.6465166672026954
ub3,152600,0.6462354267726498
ub3,152800,0.6459543086846617
ub3,153000,0.6456733128855116
ub3,153200,0.6453924393220031
ub3,153400,0.6451116879409623
ub3,153600,0.6448310586892385
ub3,153800,0.6445505515137042
ub3,154000,0.6442701663612561
ub3,154200,0.6439899031788122
ub3,154400,0.6437097619133147
ub3,154600,0.643429742511729
ub3,154800,0.6431498449210432
ub3,155000,0.6428700690882682
ub3,155200,0.6425904149604381
ub3,155400,0.6423108824846109
ub3,155600,0.6420314716078661
ub3,155800,0.6417521822773076
ub3,156000,0.6414730144400614
ub3,156200,0.6411939680432772
ub3,156400,0.6409150430341272
ub3,156600,0.6406362393598064
ub3,156800,0.6403575569675332
ub3,157000,0.6400789958045486
ub3,157200,0.6398005558181177
ub3,157400,0.6395222369555266
ub3,157600,0.6392440391640862
ub3,157800,0.638965962391129
ub3,158000,0.638688006584011
ub3,158200,0.6384101716901112
ub3,158400,0.6381324576568311
ub3,158600,0.637854864431595
ub3,158800,0.6375773919618507
ub3,159000,0.6373000401950685
ub3,159200,0.6370228090787414
ub3,159400,0.6367456985603858
ub3,159600,0.6364687085875398
ub3,159800,0.6361918391077656
ub3,160000,0.6359150900686473
ub3,160200,0.6356384614177925
ub3,160400,0.635361953102831
ub3,160600,0.6350855650714154
ub3,160800,0.6348092972712222
ub3,161000,0.6345331496499488
ub3,161200,0.6342571221553166
ub3,161400,0.6339812147350694
ub3,161600,0.6337054273369741
ub3,161800,0.6334297599088201
ub3,162000,0.6331542123984191
ub3,162200,0.6328787847536056
ub3,162400,0.6326034769222374
ub3,162600,0.6323282888521944
ub3,162800,0.6320532204913795
ub3,163000,0.6317782717877177
ub3,163200,0.6315034426891577
ub3,163400,0.6312287331436703
ub3,163600,0.6309541430992485
ub3,163800,0.6306796725039084
ub3,164000,0.6304053213056888
ub3,164200,0.6301310894526504
ub3,164400,0.6298569768928776
ub3,164600,0.6295829835744758
ub3,164800,0.6293091094455752
ub3,165000,0.6290353544543267
ub3,165200,0.6287617185489041
ub3,165400,0.6284882016775041
ub3,165600,0.6282148037883464
ub3,165800,0.627941524829672
ub3,166000,0.627668364749746
ub3,166200,0.6273953234968545
ub3,166400,0.6271224010193063
ub3,166600,0.6268495972654337
ub3,166800,0.6265769121835907
ub3,167000,0.626304345722154
ub3,167200,0.6260318978295225
ub3,167400,0.6257595684541177
ub3,167600,0.6254873575443839
ub3,167800,0.6252152650487873
ub3,168000,0.6249432909158167
ub3,168200,0.6246714350939829
ub3,168400,0.6243996975318206
ub3,168600,0.624128078177885
ub3,168800,0.6238565769807545
ub3,169000,0.6235851938890297
ub3,169200,0.623313928851334
ub3,169400,0.6230427818163129
ub3,169600,0.6227717527326342
ub3,169800,0.6225008415489879
ub3,170000,0.6222300482140867
ub3,170200,0.621959372676665
ub3,170400,0.62168881488548
ub3,170600,0.6214183747893111
ub3,170800,0.62114805233696
ub3,171000,0.6208778474772506
ub3,171200,0.6206077601590291
ub3,171400,0.6203377903311637
ub3,171600,0.6200679379425451
ub3,171800,0.619798202942086
ub3,172000,0.619528585278722
ub3,172200,0.6192590849014099
ub3,172400,0.6189897017591297
ub3,172600,0.6187204358008834
ub3,172800,0.6184512869756944
ub3,173000,0.6181822552326088
ub3,173200,0.6179133405206949
ub3,173400,0.617644542789043
ub3,173600,0.617375861986766
ub3,173800,0.6171072980629984
ub3,174000,0.6168388509668973
ub3,174200,0.6165705206476411
ub3,174400,0.6163023070544312
ub3,174600,0.6160342101364907
ub3,174800,0.615766229843065
ub3,175000,0.6154983661234209
ub3,175200,0.6152306189268482
ub3,175400,0.6149629882026585
ub3,175600,0.6146954739001848
ub3,175800,0.6144280759687829
ub3,176000,0.6141607943578301
ub3,176200,0.6138936290167264
ub3,176400,0.613626579894893
ub3,176600,0.6133596469417736
ub3,176800,0.6130928301068342
ub3,177000,0.612826129339562
ub3,177200,0.6125595445894665
ub3,177400,0.6122930758060793
ub3,177600,0.6120267229389538
ub3,177800,0.6117604859376656
ub3,178000,0.6114943647518118
ub3,178200,0.611228359331012
ub3,178400,0.6109624696249072
ub3,178600,0.6106966955831605
ub3,178800,0.6104310371554565
ub3,179000,0.6101654942915027
ub3,179200,0.6099000669410275
ub3,179400,0.6096347550537817
ub3,179600,0.6093695585795378
ub3,179800,0.6091044774680898
ub3,180000,0.608839511669254
ub3,180200,0.6085746611328687
ub3,180400,0.6083099258087934
ub3,180600,0.60804530564691
ub3,180800,0.6077808005971215
ub3,181000,0.6075164106093535
ub3,181200,0.6072521356335527
ub3,181400,0.6069879756196884
ub3,181600,0.6067239305177504
ub3,181800,0.606460000277752
ub3,182000,0.6061961848497264
ub3,182200,0.6059324841837298
ub3,182400,0.6056688982298395
ub3,182600,0.6054054269381549
ub3,182800,0.6051420702587968
ub3,183000,0.6048788281419079
ub3,183200,0.6046157005376523
ub3,183400,0.6043526873962165
ub3,183600,0.6040897886678076
ub3,183800,0.6038270043026552
ub3,184000,0.6035643342510105
ub3,184200,0.6033017784631459
ub3,184400,0.6030393368893556
ub3,184600,0.6027770094799554
ub3,184800,0.6025147961852833
ub3,185000,0.6022526969556973
ub3,185200,0.6019907117415791
ub3,185400,0.6017288404933306
ub3,185600,0.6014670831613761
ub3,185800,0.6012054396961599
ub3,186000,0.6009439100481503
ub3,186200,0.6006824941678351
ub3,186400,0.6004211920057245
ub3,186600,0.6001600035123499
ub3,186800,0.5998989286382644
ub3,187000,0.5996379673340426
ub3,187200,0.599377119550281
ub3,187400,0.5991163852375966
ub3,187600,0.5988557643466291
ub3,187800,0.5985952568280389
ub3,188000,0.5983348626325079
ub3,188200,0.5980745817107395
ub3,188400,0.5978144140134587
ub3,188600,0.5975543594914118
ub3,188800,0.5972944180953665
ub3,189000,0.5970345897761123
ub3,189200,0.5967748744844594
ub3,189400,0.5965152721712402
ub3,189600,0.5962557827873081
ub3,189800,0.5959964062835377
ub3,190000,0.5957371426108251
ub3,190200,0.5954779917200878
ub3,190400,0.5952189535622647
ub3,190600,0.5949600280883162
ub3,190800,0.5947012152492234
ub3,191000,0.5944425149959891
ub3,191200,0.5941839272796378
ub3,191400,0.5939254520512149
ub3,191600,0.5936670892617871
ub3,191800,0.5934088388624424
ub3,192000,0.5931507008042904
ub3,192200,0.5928926750384614
ub3,192400,0.5926347615161076
ub3,192600,0.5923769601884016
ub3,192800,0.5921192710065382
ub3,193000,0.5918616939217323
ub3,193200,0.5916042288852217
ub3,193400,0.5913468758482635
ub3,193600,0.5910896347621376
ub3,193800,0.5908325055781439
ub3,194000,0.5905754882476041
ub3,194200,0.5903185827218611
ub3,194400,0.590061788952279
ub3,194600,0.5898051068902426
ub3,194800,0.5895485364871581
ub3,195000,0.5892920776944531
ub3,195200,0.5890357304635759
ub3,195400,0.5887794947459963
ub3,195600,0.5885233704932045
ub3,195800,0.5882673576567132
ub3,196000,0.5880114561880547
ub3,196200,0.5877556660387838
ub3,196400,0.5874999871604746
ub3,196600,0.5872444195047234
ub3,196800,0.5869889630231476
ub3,197000,0.5867336176673856
ub3,197200,0.5864783833890969
ub3,197400,0.5862232601399614
ub3,197600,0.5859682478716808
ub3,197800,0.5857133465359773
ub3,198000,0.5854585560845943
ub3,198200,0.585203876469296
ub3,198400,0.5849493076418675
ub3,198600,0.5846948495541155
ub3,198800,0.5844405021578672
ub3,199000,0.5841862654049705
ub3,199200,0.583932139247295
ub3,199400,0.5836781236367307
ub3,199600,0.5834242185251886
ub3,199800,0.5831704238646006
ub3,200000,0.5829167396069197
ub5,0,1.0
ub5,200,0.976479368509214
ub5,400,0.9731057828944281
ub5,600,0.970962515541385
ub5,800,0.9693616011313436
ub5,1000,0.9680687396243319
ub5,1200,0.9669746875034622
ub5,1400,0.9660216607718162
ub5,1600,0.9651758239088031
ub5,1800,0.9644152794587744
ub5,2000,0.9637245683399107
ub5,2200,0.9630920495116234
ub5,2400,0.9625085787560763
ub5,2600,0.9619667874187254
ub5,2800,0.9614606489135425
ub5,3000,0.960985191680484
ub5,3200,0.9605362930869621
ub5,3400,0.9601105226553281
ub5,3600,0.9597050183693242
ub5,3800,0.9593173869651093
ub5,4000,0.958945622587425
ub5,4200,0.9585880399950162
ub5,4400,0.9582432195220696
ub5,4600,0.9579099616431026
ub5,4800,0.9575872494291695
ub5,5000,0.9572742175085823
ub5,5200,0.9569701263976333
ub5,5400,0.9566743412682347
ub5,5600,0.956386314382956
ub5,5800,0.9561055705619277
ub5,6000,0.9558316951563939
ub5,6200,0.9555643240947317
ub5,6400,0.95530313564196
ub5,6600,0.9550478435759434
ub5,6800,0.9547981915349099
ub5,7000,0.9545539483334086
ub5,7200,0.9543149040790057
ub5,7400,0.9540808669510598
ub5,7600,0.953851660526985
ub5,7800,0.9536271215612475
ub5,8000,0.9534070981387985
ub5,8200,0.9531914481382068
ub5,8400,0.9529800379509874
ub5,8600,0.9527727414129019
ub5,8800,0.9525694389106799
ub5,9000,0.9523700166339364
ub5,9200,0.9521743659473181
ub5,9400,0.9519823828622272
ub5,9600,0.9517939675910614
ub5,9800,0.9516090241698574
ub5,10000,0.951427460137678
ub5,10200,0.9512491862630962
ub5,10400,0.9510741163098069
ub5,10600,0.9509021668347724
ub5,10800,0.950733257013443
ub5,11000,0.9505673084875518
ub5,11200,0.9504042452317474
ub5,11400,0.9502439934359747
ub5,11600,0.9500864814010558
ub5,11800,0.9499316394453453
ub5,12000,0.9497793998207179
ub5,12200,0.9496296966364308
ub5,12400,0.9494824657896579
ub5,12600,0.9493376449016977
ub5,12800,0.9491951732590297
ub5,13000,0.9490549917585243
ub5,13200,0.9489170428562421
ub5,13400,0.9487812705193384
ub5,13600,0.9486476201806832
ub5,13800,0.9485160386958583
ub5,14000,0.9483864743022591
ub5,14200,0.9482588765800685
ub5,14400,0.9481331964149049
ub5,14600,0.9480093859619845
ub5,14800,0.9478873986116546
ub5,15000,0.9477671889561821
ub5,15200,0.9476487127577018
ub5,15400,0.9475319269172278
ub5,15600,0.9474167894446685
ub5,15800,0.9473032594297707
ub5,16000,0.9471912970139417
ub5,16200,0.9470808633629044
ub5,16400,0.9469719206401397
ub5,16600,0.9468644319810768
ub5,16800,0.9467583614680037
ub5,17000,0.9466536741056646
ub5,17200,0.9465503357975172
ub5,17400,0.9464483133226266
ub5,17600,0.9463475743131703
ub5,17800,0.9462480872325405
ub5,18000,0.9461498213540152
ub5,18200,0.9460527467399867
ub5,18400,0.9459568342217293
ub5,18600,0.945862055379688
ub5,18800,0.9457683825242763
ub5,19000,0.9456757886771674
ub5,19200,0.9455842475530621
ub5,19400,0.9454937335419276
ub5,19600,0.9454042216916884
ub5,19800,0.9453156876913581
ub5,20000,0.9452281078546032
ub5,20200,0.9451414591037265
ub5,20400,0.9450557189540557
ub5,20600,0.9449708654987331
ub5,20800,0.9448868773938913
ub5,21000,0.9448037338442079
ub5,21200,0.944721414588825
ub5,21400,0.9446398998876316
ub5,21600,0.9445591705078923
ub5,21800,0.9444792077112183
ub5,22000,0.9443999932408702
ub5,22200,0.944321509309384
ub5,22400,0.9442437385865136
ub5,22600,0.9441666641874807
ub5,22800,0.9440902696615238
ub5,23000,0.94401453898074
ub5,23200,0.9439394565292122
ub5,23400,0.9438650070924115
ub5,23600,0.943791175846874
ub5,23800,0.9437179483501406
ub5,24000,0.9436453105309499
ub5,24200,0.9435732486796882
ub5,24400,0.9435017494390777
ub5,24600,0.9434307997951084
ub5,24800,0.9433603870681977
ub5,25000,0.9432904989045791
ub5,25200,0.9432211232679114
ub5,25400,0.9431522484310998
ub5,25600,0.9430838629683307
ub5,25800,0.9430159557473078
ub5,26000,0.9429485159216889
ub5,26200,0.9428815329237148
ub5,26400,0.9428149964570293
ub5,26600,0.9427488964896825
ub5,26800,0.9426832232473135
ub5,27000,0.9426179672065088
ub5,27200,0.9425531190883297
ub5,27400,0.9424886698520086
ub5,27600,0.9424246106888039
ub5,27800,0.9423609330160163
ub5,28000,0.942297628471156
ub5,28200,0.942234688906261
ub5,28400,0.9421721063823629
ub5,28600,0.9421098731640906
ub5,28800,0.9420479817144182
ub5,29000,0.9419864246895454
ub5,29200,0.9419251949339094
ub5,29400,0.9418642854753244
ub5,29600,0.9418036895202492
ub5,29800,0.9417434004491739
ub5,30000,0.9416834118121261
ub5,30200,0.9416237173242945
ub5,30400,0.9415643108617614
ub5,30600,0.9415051864573485
ub5,30800,0.9414463382965694
ub5,31000,0.9413877607136852
ub5,31200,0.9413294481878617
ub5,31400,0.9412713953394265
ub5,31600,0.9412135969262234
ub5,31800,0.9411560478400571
ub5,32000,0.9410987431032353
ub5,32200,0.9410416778651938
ub5,32400,0.9409848473992133
ub5,32600,0.9409282470992202
ub5,32800,0.9408718724766656
ub5,33000,0.9408157191574925
ub5,33200,0.9407597828791734
ub5,33400,0.9407040594878293
ub5,33600,0.9406485449354233
ub5,33800,0.9405932352770215
ub5,34000,0.9405381266681305
ub5,34200,0.9404832153621
ub5,34400,0.9404284977075955
ub5,34600,0.9403739701461331
ub5,34800,0.9403196292096786
ub5,35000,0.9402654715183112
ub5,35200,0.9402114937779437
ub5,35400,0.9401576927781058
ub5,35600,0.9401040653897795
ub5,35800,0.9400506085632961
ub5,36000,0.9399973193262834
ub5,36200,0.9399441947816677
ub5,36400,0.9398912321057254
ub5,36600,0.9398384285461898
ub5,36800,0.9397857814204011
ub5,37000,0.939733288113507
ub5,37200,0.9396809460767105
ub5,37400,0.9396287528255609
ub5,37600,0.939576705938291
ub5,37800,0.9395248030541966
ub5,38000,0.9394730418720552
ub5,38200,0.9394214201485916
ub5,38400,0.9393699356969779
ub5,38600,0.9393185863853729
ub5,38800,0.9392673701355029
ub5,39000,0.9392162849212746
ub5,39200,0.9391653287674272
ub5,39400,0.9391144997482177
ub5,39600,0.9390637959861393
ub5,39800,0.9390132156506771
ub5,40000,0.9389627569570907
ub5,40200,0.9389124181652316
ub5,40400,0.9388621975783912
ub5,40600,0.9388120935421758
ub5,40800,0.9387621044434148
ub5,41000,0.9387122287090933
ub5,41200,0.9386624648053153
ub5,41400,0.9386128112362906
ub5,41600,0.9385632665433518
ub5,41800,0.9385138293039939
ub5,42000,0.9384644981309394
ub5,42200,0.9384152716712277
ub5,42400,0.9383661486053284
ub5,42600,0.9383171276462761
ub5,42800,0.9382682075388311
ub5,43000,0.938219387058657
ub5,43200,0.9381706650115238
ub5,43400,0.9381220402325288
ub5,43600,0.9380735115853387
ub5,43800,0.9380250779614517
ub5,44000,0.937976738279479
ub5,44200,0.9379284914844432
ub5,44400,0.9378803365470966
ub5,44600,0.9378322724632552
ub5,44800,0.9377842982531538
ub5,45000,0.9377364129608119
ub5,45200,0.937688615653422
ub5,45400,0.9376409054207498
ub5,45600,0.9375932813745508
ub5,45800,0.9375457426480035
ub5,46000,0.9374982883951553
ub5,46200,0.9374509177903844
ub5,46400,0.9374036300278734
ub5,46600,0.9373564243210994
ub5,46800,0.9373092999023352
ub5,47000,0.9372622560221643
ub5,47200,0.9372152919490081
ub5,47400,0.9371684069686657
ub5,47600,0.9371216003838643
ub5,47800,0.9370748715138241
ub5,48000,0.9370282196938315
ub5,48200,0.9369816442748244
ub5,48400,0.9369351446229907
ub5,48600,0.9368887201193699
ub5,48800,0.9368423701594751
ub5,49000,0.9367960941529183
ub5,49200,0.9367498915230448
ub5,49400,0.9367037617065813
ub5,49600,0.9366577041532903
ub5,49800,0.9366117183256321
ub5,50000,0.936565803698441
ub5,50200,0.9365199597586044
ub5,50400,0.9364741860047512
ub5,50600,0.9364284819469516
ub5,50800,0.9363828471064196
ub5,51000,0.936337281015229
ub5,51200,0.9362917832160305
ub5,51400,0.9362463532617822
ub5,51600,0.9362009907154819
ub5,51800,0.9361556951499109
ub5,52000,0.9361104661473795
ub5,52200,0.9360653032994838
ub5,52400,0.9360202062068653
ub5,52600,0.9359751744789795
ub5,52800,0.9359302077338693
ub5,53000,0.9358853055979426
ub5,53200,0.9358404677057572
ub5,53400,0.935795693699814
ub5,53600,0.935750983230349
ub5,53800,0.9357063359551385
ub5,54000,0.9356617515393009
ub5,54200,0.9356172296551118
ub5,54400,0.9355727699818193
ub5,54600,0.9355283722054633
ub5,54800,0.9354840360187032
ub5,55000,0.9354397611206473
ub5,55200,0.9353955472166863
ub5,55400,0.9353513940183332
ub5,55600,0.9353073012430672
ub5,55800,0.9352632686141779
ub5,56000,0.93521929586062
ub5,56200,0.9351753827168638
ub5,56400,0.9351315289227591
ub5,56600,0.9350877342233921
ub5,56800,0.9350439983689558
ub5,57000,0.9350003211146158
ub5,57200,0.934956702220386
ub5,57400,0.9349131414510025
ub5,57600,0.9348696385758027
ub5,57800,0.9348261933686105
ub5,58000,0.9347828056076173
ub5,58200,0.9347394750752744
ub5,58400,0.9346962015581824
ub5,58600,0.9346529848469854
ub5,58800,0.9346098247362675
ub5,59000,0.9345667210244532
ub5,59200,0.9345236735137086
ub5,59400,0.9344806820098471
ub5,59600,0.9344377463222349
ub5,59800,0.9343948662637026
ub5,60000,0.9343520416504546
ub5,60200,0.934309272301985
ub5,60400,0.9342665580409948
ub5,60600,0.9342238986933074
ub5,60800,0.9341812940877915
ub5,61000,0.9341387440562836
ub5,61200,0.9340962484335118
ub5,61400,0.9340538070570229
ub5,61600,0.934011419767112
ub5,61800,0.9339690864067505
ub5,62000,0.9339268068215213
ub5,62200,0.9338845808595498
ub5,62400,0.9338424083714416
ub5,62600,0.9338002892102187
ub5,62800,0.9337582232312597
ub5,63000,0.9337162102922382
ub5,63200,0.9336742502530677
ub5,63400,0.9336323429758424
ub5,63600,0.933590488324784
ub5,63800,0.9335486861661877
ub5,64000,0.9335069363683695
ub5,64200,0.9334652388016165
ub5,64400,0.9334235933381364
ub5,64600,0.9333819998520099
ub5,64800,0.9333404582191432
ub5,65000,0.9332989683172231
ub5,65200,0.9332575300256711
ub5,65400,0.933216143225601
ub5,65600,0.9331748077997766
ub5,65800,0.9331335236325695
ub5,66000,0.9330922906099213
ub5,66200,0.9330511086193016
ub5,66400,0.9330099775496722
ub5,66600,0.9329688972914474
ub5,66800,0.9329278677364616
ub5,67000,0.9328868887779321
ub5,67200,0.9328459603104231
ub5,67400,0.9328050822298145
ub5,67600,0.9327642544332699
ub5,67800,0.9327234768192023
ub5,68000,0.9326827492872457
ub5,68200,0.9326420717382241
ub5,68400,0.9326014440741222
ub5,68600,0.9325608661980557
ub5,68800,0.9325203380142477
ub5,69000,0.9324798594279952
ub5,69200,0.9324394303456475
ub5,69400,0.932399050674579
ub5,69600,0.9323587203231651
ub5,69800,0.9323184392007559
ub5,70000,0.9322782072176533
ub5,70200,0.9322380242850883
ub5,70400,0.9321978903151996
ub5,70600,0.9321578052210087
ub5,70800,0.932117768916401
ub5,71000,0.9320777813161032
ub5,71200,0.9320378423356643
ub5,71400,0.9319979518914363
ub5,71600,0.9319581099005526
ub5,71800,0.9319183162809102
ub5,72000,0.9318785709511538
ub5,72200,0.9318388738306548
ub5,72400,0.9317992248394953
ub5,72600,0.931759623898451
ub5,72800,0.931720070928976
ub5,73000,0.9316805658531838
ub5,73200,0.9316411085938351
ub5,73400,0.9316016990743194
ub5,73600,0.9315623372186429
ub5,73800,0.9315230229514125
ub5,74000,0.9314837561978218
ub5,74200,0.9314445368836383
ub5,74400,0.9314053649351893
ub5,74600,0.9313662402793488
ub5,74800,0.9313271628435248
ub5,75000,0.9312881325556475
ub5,75200,0.9312491493441569
ub5,75400,0.9312102131379917
ub5,75600,0.9311713238665763
ub5,75800,0.9311324814598119
ub5,76000,0.9310936858480633
ub5,76200,0.9310549369621501
ub5,76400,0.9310162347333364
ub5,76600,0.9309775790933201
ub5,76800,0.9309389699742225
ub5,77000,0.9309004073085796
ub5,77200,0.930861891029333
ub5,77400,0.9308234210698211
ub5,77600,0.9307849973637697
ub5,77800,0.9307466198452844
ub5,78000,0.9307082884488398
ub5,78200,0.9306700031092731
ub5,78400,0.9306317637617778
ub5,78600,0.9305935703418934
ub5,78800,0.930555422785499
ub5,79000,0.930517321028805
ub5,79200,0.9304792650083471
ub5,79400,0.93044125466098
ub5,79600,0.9304032899238687
ub5,79800,0.9303653707344819
ub5,80000,0.9303274970305883
ub5,80200,0.9302896687502477
ub5,80400,0.9302518858318051
ub5,80600,0.9302141482138861
ub5,80800,0.9301764558353909
ub5,81000,0.9301388086354867
ub5,81200,0.9301012065536051
ub5,81400,0.9300636495294333
ub5,81600,0.9300261375029131
ub5,81800,0.9299886704142322
ub5,82000,0.929951248203821
ub5,82200,0.9299138708123473
ub5,82400,0.9298765381807115
ub5,82600,0.9298392502500427
ub5,82800,0.929802006961693
ub5,83000,0.9297648082572344
ub5,83200,0.929727654078453
ub5,83400,0.9296905443673483
ub5,83600,0.9296534790661237
ub5,83800,0.9296164581171877
ub5,84000,0.9295794814631473
ub5,84200,0.9295425490468053
ub5,84400,0.9295056608111558
ub5,84600,0.9294688166993813
ub5,84800,0.9294320166548501
ub5,85000,0.9293952606211108
ub5,85200,0.9293585485418905
ub5,85400,0.929321880361092
ub5,85600,0.9292852560227893
ub5,85800,0.9292486754712255
ub5,86000,0.9292121386508095
ub5,86200,0.929175645506114
ub5,86400,0.9291391959818713
ub5,86600,0.9291027900229711
ub5,86800,0.9290664275744585
ub5,87000,0.9290301085815302
ub5,87200,0.9289938329895331
ub5,87400,0.928957600743961
ub5,87600,0.9289214117904534
ub5,87800,0.9288852660747917
ub5,88000,0.9288491635428969
ub5,88200,0.928813104140829
ub5,88400,0.9287770878147841
ub5,88600,0.9287411145110911
ub5,88800,0.9287051841762107
ub5,89000,0.9286692967567343
ub5,89200,0.928633452199379
ub5,89400,0.9285976504509902
ub5,89600,0.9285618914585352
ub5,89800,0.9285261751691043
ub5,90000,0.928490501529908
ub5,90200,0.9284548704882751
ub5,90400,0.9284192819916528
ub5,90600,0.9283837359876018
ub5,90800,0.9283482324237967
ub5,91000,0.9283127712480255
ub5,91200,0.9282773524081854
ub5,91400,0.9282419758522841
ub5,91600,0.9282066415284365
ub5,91800,0.9281713493848636
ub5,92000,0.9281360993698912
ub5,92200,0.9281008914319491
ub5,92400,0.9280657255195692
ub5,92600,0.9280306015813844
ub5,92800,0.9279955195661271
ub5,93000,0.9279604794226292
ub5,93200,0.9279254810998193
ub5,93400,0.9278905245467218
ub5,93600,0.9278556097124581
ub5,93800,0.9278207365462413
ub5,94000,0.9277859049973788
ub5,94200,0.9277511150152693
ub5,94400,0.9277163665494034
ub5,94600,0.9276816595493605
ub5,94800,0.9276469939648093
ub5,95000,0.9276123697455064
ub5,95200,0.9275777868412962
ub5,95400,0.9275432452021087
ub5,95600,0.92750874477796
ub5,95800,0.9274742855189491
ub5,96000,0.9274398673752597
ub5,96200,0.9274054902971585
ub5,96400,0.9273711542349937
ub5,96600,0.9273368591391954
ub5,96800,0.9273026049602732
ub5,97000,0.9272683916488166
ub5,97200,0.9272342191554956
ub5,97400,0.9272000874310573
ub5,97600,0.9271659964263264
ub5,97800,0.9271319460922054
ub5,98000,0.9270979363796722
ub5,98200,0.9270639672397815
ub5,98400,0.9270300386236623
ub5,98600,0.9269961504825175
ub5,98800,0.9269623027676253
ub5,99000,0.9269284954303361
ub5,99200,0.9268947284220744
ub5,99400,0.9268610016943358
ub5,99600,0.9268273151986876
ub5,99800,0.9267936688867675
ub5,100000,0.9267600627102857
ub5,100200,0.9267264966210221
ub5,100400,0.9266929705708247
ub5,100600,0.9266594845116122
ub5,100800,0.9266260383953713
ub5,101000,0.9265926321741571
ub5,101200,0.926559265800092
ub5,101400,0.9265259392253671
ub5,101600,0.9264926524022385
ub5,101800,0.9264594052830307
ub5,102000,0.9264261978201334
ub5,102200,0.9263930299660023
ub5,102400,0.9263599016731573
ub5,102600,0.9263268128941844
ub5,102800,0.9262937635817347
ub5,103000,0.9262607536885211
ub5,103200,0.9262277831673232
ub5,103400,0.926194851970983
ub5,103600,0.9261619600524055
ub5,103800,0.926129107364558
ub5,104000,0.9260962938604711
ub5,104200,0.9260635194932374
ub5,104400,0.9260307842160116
ub5,104600,0.9259980879820094
ub5,104800,0.9259654307445085
ub5,105000,0.9259328124568463
ub5,105200,0.9259002330724233
ub5,105400,0.9258676925446983
ub5,105600,0.9258351908271912
ub5,105800,0.9258027278734808
ub5,106000,0.9257703036372071
ub5,106200,0.9257379180720683
ub5,106400,0.9257055711318223
ub5,106600,0.9256732627702852
ub5,106800,0.9256409929413327
ub5,107000,0.9256087615988985
ub5,107200,0.925576568696974
ub5,107400,0.9255444141896094
ub5,107600,0.9255122980309115
ub5,107800,0.9254802201750466
ub5,108000,0.9254481805762366
ub5,108200,0.9254161791887604
ub5,108400,0.9253842159669543
ub5,108600,0.9253522908652119
ub5,108800,0.9253204038379826
ub5,109000,0.9252885548397721
ub5,109200,0.9252567438251426
ub5,109400,0.9252249707487121
ub5,109600,0.9251932355651539
ub5,109800,0.9251615382291978
ub5,110000,0.9251298786956285
ub5,110200,0.9250982569192854
ub5,110400,0.9250666728550633
ub5,110600,0.9250351264579124
ub5,110800,0.9250036176828375
ub5,111000,0.9249721464848975
ub5,111200,0.9249407128192059
ub5,111400,0.9249093166409308
ub5,111600,0.9248779579052941
ub5,111800,0.9248466365675724
ub5,112000,0.924815352583095
ub5,112200,0.9247841059072448
ub5,112400,0.9247528964954601
ub5,112600,0.9247217243032302
ub5,112800,0.9246905892860994
ub5,113000,0.9246594913996647
ub5,113200,0.9246284305995759
ub5,113400,0.9245974068415356
ub5,113600,0.9245664200812995
ub5,113800,0.9245354702746752
ub5,114000,0.9245045573775239
ub5,114200,0.9244736813457585
ub5,114400,0.9244428421353439
ub5,114600,0.9244120397022976
ub5,114800,0.924381274002689
ub5,115000,0.92435054499264
ub5,115200,0.9243198526283233
ub5,115400,0.9242891968659639
ub5,115600,0.9242585776618386
ub5,115800,0.924227994972275
ub5,116000,0.9241974487536524
ub5,116200,0.9241669389624007
ub5,116400,0.9241364655550027
ub5,116600,0.9241060284879906
ub5,116800,0.9240756277179487
ub5,117000,0.9240452632015113
ub5,117200,0.9240149348953632
ub5,117400,0.9239846427562418
ub5,117600,0.9239543867409324
ub5,117800,0.923924166806273
ub5,118000,0.9238939829091505
ub5,118200,0.9238638350065037
ub5,118400,0.92383372305532
ub5,118600,0.9238036470126374
ub5,118800,0.9237736068355448
ub5,119000,0.9237436024811795
ub5,119200,0.9237136339067299
ub5,119400,0.9236837010694334
ub5,119600,0.9236538039265781
ub5,119800,0.923623942435501
ub5,120000,0.9235941165535888
ub5,120200,0.9235643262382768
ub5,120400,0.9235345714470514
ub5,120600,0.9235048521374469
ub5,120800,0.923475168267047
ub5,121000,0.9234455197934852
ub5,121200,0.9234159066744431
ub5,121400,0.9233863288676516
ub5,121600,0.9233567863308917
ub5,121800,0.9233272790219915
ub5,122000,0.923297806898829
ub5,122200,0.9232683699193301
ub5,122400,0.9232389680414704
ub5,122600,0.9232096012232722
ub5,122800,0.9231802694228084
ub5,123000,0.9231509725981984
ub5,123200,0.9231217107076118
ub5,123400,0.9230924837092647
ub5,123600,0.9230632915614226
ub5,123800,0.9230341342223984
ub5,124000,0.9230050116505537
ub5,124200,0.9229759238042969
ub5,124400,0.9229468706420857
ub5,124600,0.9229178521224255
ub5,124800,0.9228888682038686
ub5,125000,0.9228599188450155
ub5,125200,0.9228310040045143
ub5,125400,0.9228021236410611
ub5,125600,0.9227732777133986
ub5,125800,0.9227444661803176
ub5,126000,0.9227156890006567
ub5,126200,0.922686946133301
ub5,126400,0.9226582375371833
ub5,126600,0.9226295631712836
ub5,126800,0.9226009229946293
ub5,127000,0.9225723169662944
ub5,127200,0.9225437450454002
ub5,127400,0.9225152071911152
ub5,127600,0.9224867033626546
ub5,127800,0.92245823351928
ub5,128000,0.9224297976203005
ub5,128200,0.9224013956250713
ub5,128400,0.9223730274929954
ub5,128600,0.9223446931835211
ub5,128800,0.9223163926561441
ub5,129000,0.9222881258704061
ub5,129200,0.9222598927858959
ub5,129400,0.9222316933622479
ub5,129600,0.9222035275591434
ub5,129800,0.9221753953363094
ub5,130000,0.9221472966535204
ub5,130200,0.9221192314705957
ub5,130400,0.9220911997474015
ub5,130600,0.9220632014438498
ub5,130800,0.9220352365198984
ub5,131000,0.9220073049355509
ub5,131200,0.9219794066508583
ub5,131400,0.9219515416259146
ub5,131600,0.9219237098208626
ub5,131800,0.9218959111958892
ub5,132000,0.9218681457112273
ub5,132200,0.9218404133271556
ub5,132400,0.9218127140039977
ub5,132600,0.9217850477021236
ub5,132800,0.9217574143819487
ub5,133000,0.9217298140039332
ub5,133200,0.9217022465285826
ub5,133400,0.9216747119164497
ub5,133600,0.9216472101281294
ub5,133800,0.921619741124264
ub5,134000,0.9215923048655402
ub5,134200,0.9215649013126894
ub5,134400,0.9215375304264894
ub5,134600,0.9215101921677622
ub5,134800,0.9214828864973742
ub5,135000,0.921455613376238
ub5,135200,0.9214283727653104
ub5,135400,0.9214011646255917
ub5,135600,0.9213739889181294
ub5,135800,0.9213468456040144
ub5,136000,0.9213197346443819
ub5,136200,0.9212926560004128
ub5,136400,0.9212656096333313
ub5,136600,0.9212385955044065
ub5,136800,0.9212116135749531
ub5,137000,0.9211846638063285
ub5,137200,0.921157746159936
ub5,137400,0.9211308605972214
ub5,137600,0.9211040070796768
ub5,137800,0.9210771855688372
ub5,138000,0.921050396026282
ub5,138200,0.9210236384136348
ub5,138400,0.9209969126925632
ub5,138600,0.9209702188247786
ub5,138800,0.920943556772037
ub5,139000,0.9209169264961384
ub5,139200,0.9208903279589258
ub5,139400,0.9208637611222865
ub5,139600,0.9208372259481513
ub5,139800,0.9208107223984955
ub5,140000,0.9207842504353373
ub5,140200,0.9207578100207388
ub5,140400,0.9207314011168061
ub5,140600,0.9207050236856876
ub5,140800,0.9206786776895767
ub5,141000,0.9206523630907091
ub5,141200,0.9206260798513647
ub5,141400,0.9205998279338662
ub5,141600,0.9205736073005799
ub5,141800,0.9205474179139156
ub5,142000,0.9205212597363259
ub5,142200,0.9204951327303058
ub5,142400,0.9204690368583955
ub5,142600,0.9204429720831768
ub5,142800,0.9204169383672747
ub5,143000,0.920390935673357
ub5,143200,0.9203649639641343
ub5,143400,0.9203390232023609
ub5,143600,0.9203131133508339
ub5,143800,0.9202872343723931
ub5,144000,0.9202613862299193
ub5,144200,0.9202355688863393
ub5,144400,0.9202097823046196
ub5,144600,0.9201840264477708
ub5,144800,0.9201583012788452
ub5,145000,0.9201326067609387
ub5,145200,0.9201069428571894
ub5,145400,0.9200813095307769
ub5,145600,0.9200557067449247
ub5,145800,0.9200301344628966
ub5,146000,0.920004592648001
ub5,146200,0.9199790812635869
ub5,146400,0.9199536002730461
ub5,146600,0.9199281496398121
ub5,146800,0.9199027293273618
ub5,147000,0.9198773392992124
ub5,147200,0.9198519795189248
ub5,147400,0.9198266499501009
ub5,147600,0.9198013505563847
ub5,147800,0.9197760813014615
ub5,148000,0.9197508421490597
ub5,148200,0.9197256330629489
ub5,148400,0.9197004540069398
ub5,148600,0.9196753049448859
ub5,148800,0.9196501858406824
ub5,149000,0.9196250966582652
ub5,149200,0.9196000373616121
ub5,149400,0.9195750079147428
ub5,149600,0.9195500082817177
ub5,149800,0.9195250384266402
ub5,150000,0.9195000983136536
ub5,150200,0.9194751879069428
ub5,150400,0.9194503071707348
ub5,150600,0.9194254560692972
ub5,150800,0.9194006345669387
ub5,151000,0.9193758426280101
ub5,151200,0.9193510802169023
ub5,151400,0.9193263472980472
ub5,151600,0.9193016438359192
ub5,151800,0.9192769697950327
ub5,152000,0.9192523251399428
ub5,152200,0.9192277098352464
ub5,152400,0.9192031238455803
ub5,152600,0.9191785671356226
ub5,152800,0.9191540396700922
ub5,153000,0.9191295414137488
ub5,153200,0.919105072331393
ub5,153400,0.9190806323878653
ub5,153600,0.9190562215480479
ub5,153800,0.9190318397768632
ub5,154000,0.9190074870392733
ub5,154200,0.9189831633002815
ub5,154400,0.9189588685249319
ub5,154600,0.9189346026783085
ub5,154800,0.9189103657255356
ub5,155000,0.9188861576317779
ub5,155200,0.9188619783622413
ub5,155400,0.9188378278821704
ub5,155600,0.9188137061568503
ub5,155800,0.9187896131516072
ub5,156000,0.9187655488318069
ub5,156200,0.9187415131628558
ub5,156400,0.9187175061101986
ub5,156600,0.9186935276393219
ub5,156800,0.9186695777157515
ub5,157000,0.9186456563050521
ub5,157200,0.9186217633728302
ub5,157400,0.9185978988847306
ub5,157600,0.9185740628064392
ub5,157800,0.9185502551036794
ub5,158000,0.9185264757422167
ub5,158200,0.9185027246878549
ub5,158400,0.9184790019064383
ub5,158600,0.9184553073638496
ub5,158800,0.9184316410260119
ub5,159000,0.9184080028588875
ub5,159200,0.9183843928284776
ub5,159400,0.9183608109008243
ub5,159600,0.9183372570420075
ub5,159800,0.9183137312181467
ub5,160000,0.9182902333954012
ub5,160200,0.9182667635399693
ub5,160400,0.9182433216180885
ub5,160600,0.9182199075960352
ub5,160800,0.9181965214401251
ub5,161000,0.9181731631167129
ub5,161200,0.9181498325921926
ub5,161400,0.9181265298329965
ub5,161600,0.9181032548055966
ub5,161800,0.9180800074765034
ub5,162000,0.9180567878122656
ub5,162200,0.9180335957794724
ub5,162400,0.91801043134475
ub5,162600,0.9179872944747648
ub5,162800,0.9179641851362205
ub5,163000,0.9179411032958602
ub5,163200,0.9179180489204657
ub5,163400,0.9178950219768575
ub5,163600,0.9178720224318931
ub5,163800,0.9178490502524707
ub5,164000,0.9178261054055256
ub5,164200,0.9178031878580318
ub5,164400,0.9177802975770015
ub5,164600,0.9177574345294858
ub5,164800,0.9177345986825736
ub5,165000,0.917711790003392
ub5,165200,0.917689008459106
ub5,165400,0.917666254016919
ub5,165600,0.917643526644073
ub5,165800,0.9176208263078479
ub5,166000,0.9175981529755611
ub5,166200,0.9175755066145683
ub5,166400,0.9175528871922631
ub5,166600,0.9175302946760769
ub5,166800,0.9175077290334794
ub5,167000,0.9174851902319777
ub5,167200,0.9174626782391169
ub5,167400,0.9174401930224795
ub5,167600,0.9174177345496862
ub5,167800,0.9173953027883957
ub5,168000,0.9173728977063026
ub5,168200,0.9173505192711412
ub5,168400,0.9173281674506822
ub5,168600,0.9173058422127338
ub5,168800,0.9172835435251416
ub5,169000,0.9172612713557894
ub5,169200,0.9172390256725977
ub5,169400,0.9172168064435244
ub5,169600,0.917194613636565
ub5,169800,0.9171724472197514
ub5,170000,0.9171503071611543
ub5,170200,0.9171281934288804
ub5,170400,0.9171061059910736
ub5,170600,0.9170840448159152
ub5,170800,0.9170620098716238
ub5,171000,0.9170400011264543
ub5,171200,0.9170180185486985
ub5,171400,0.9169960621066866
ub5,171600,0.9169741317687844
ub5,171800,0.9169522275033947
ub5,172000,0.916930349278958
ub5,172200,0.9169084970639505
ub5,172400,0.9168866708268851
ub5,172600,0.9168648705363122
ub5,172800,0.9168430961608185
ub5,173000,0.9168213476690278
ub5,173200,0.9167996250295997
ub5,173400,0.9167779282112307
ub5,173600,0.916756257182654
ub5,173800,0.9167346119126388
ub5,174000,0.9167129923699914
ub5,174200,0.9166913985235536
ub5,174400,0.9166698303422037
ub5,174600,0.916648287794858
ub5,174800,0.9166267708504662
ub5,175000,0.9166052794780173
ub5,175200,0.9165838136465339
ub5,175400,0.9165623733250764
ub5,175600,0.916540958482741
ub5,175800,0.9165195690886584
ub5,176000,0.9164982051119983
ub5,176200,0.9164768665219638
ub5,176400,0.9164555532877948
ub5,176600,0.9164342653787682
ub5,176800,0.916413002764195
ub5,177000,0.9163917654134232
ub5,177200,0.9163705532958366
ub5,177400,0.9163493663808536
ub5,177600,0.9163282046379296
ub5,177800,0.9163070680365559
ub5,178000,0.9162859565462586
ub5,178200,0.9162648701365994
ub5,178400,0.9162438087771758
ub5,178600,0.9162227724376211
ub5,178800,0.9162017610876042
ub5,179000,0.9161807746968285
ub5,179200,0.9161598132350338
ub5,179400,0.9161388766719948
ub5,179600,0.9161179649775214
ub5,179800,0.91609707812146
ub5,180000,0.9160762160736906
ub5,180200,0.9160553788041297
ub5,180400,0.9160345662827282
ub5,180600,0.9160137784794726
ub5,180800,0.9159930153643845
ub5,181000,0.9159722769075206
ub5,181200,0.9159515630789721
ub5,181400,0.9159308738488658
ub5,181600,0.9159102091873629
ub5,181800,0.9158895690646608
ub5,182000,0.9158689534509904
ub5,182200,0.9158483623166174
ub5,182400,0.9158277956318439
ub5,182600,0.9158072533670052
ub5,182800,0.9157867354924716
ub5,183000,0.9157662419786484
ub5,183200,0.9157457727959764
ub5,183400,0.9157253279149291
ub5,183600,0.915704907306016
ub5,183800,0.915684510939781
ub5,184000,0.9156641387868023
ub5,184200,0.9156437908176932
ub5,184400,0.9156234670031002
ub5,184600,0.9156031673137047
ub5,184800,0.915582891720223
ub5,185000,0.9155626401934046
ub5,185200,0.9155424127040352
ub5,185400,0.9155222092229324
ub5,185600,0.9155020297209499
ub5,185800,0.9154818741689743
ub5,186000,0.9154617425379274
ub5,186200,0.915441634798765
ub5,186400,0.9154215509224758
ub5,186600,0.9154014908800834
ub5,186800,0.9153814546426458
ub5,187000,0.9153614421812535
ub5,187200,0.9153414534670331
ub5,187400,0.9153214884711434
ub5,187600,0.9153015471647772
ub5,187800,0.915281629519162
ub5,188000,0.9152617355055577
ub5,188200,0.9152418650952591
ub5,188400,0.9152220182595943
ub5,188600,0.9152021949699252
ub5,188800,0.9151823951976465
ub5,189000,0.9151626189141883
ub5,189200,0.9151428660910128
ub5,189400,0.9151231366996155
ub5,189600,0.915103430711526
ub5,189800,0.9150837480983077
ub5,190000,0.9150640888315569
ub5,190200,0.9150444528829031
ub5,190400,0.915024840224009
ub5,190600,0.9150052508265717
ub5,190800,0.9149856846623206
ub5,191000,0.9149661417030184
ub5,191200,0.9149466219204616
ub5,191400,0.9149271252864785
ub5,191600,0.9149076517729319
ub5,191800,0.9148882013517177
ub5,192000,0.9148687739947634
ub5,192200,0.9148493696740312
ub5,192400,0.9148299883615146
ub5,192600,0.9148106300292413
ub5,192800,0.9147912946492718
ub5,193000,0.9147719821936985
ub5,193200,0.9147526926346484
ub5,193400,0.9147334259442793
ub5,193600,0.9147141820947831
ub5,193800,0.9146949610583834
ub5,194000,0.9146757628073373
ub5,194200,0.9146565873139343
ub5,194400,0.9146374345504964
ub5,194600,0.9146183044893784
ub5,194800,0.9145991971029671
ub5,195000,0.914580112363683
ub5,195200,0.9145610502439783
ub5,195400,0.9145420107163368
ub5,195600,0.9145229937532757
ub5,195800,0.9145039993273446
ub5,196000,0.9144850274111248
ub5,196200,0.9144660779772303
ub5,196400,0.9144471509983072
ub5,196600,0.9144282464470348
ub5,196800,0.914409364296123
ub5,197000,0.9143905045183148
ub5,197200,0.9143716670863856
ub5,197400,0.9143528519731413
ub5,197600,0.9143340591514214
ub5,197800,0.9143152885940969
ub5,198000,0.9142965402740711
ub5,198200,0.9142778141642783
ub5,198400,0.9142591102376858
ub5,198600,0.9142404284672921
ub5,198800,0.9142217688261277
ub5,199000,0.914203131287255
ub5,199200,0.9141845158237678
ub5,199400,0.9141659224087922
ub5,199600,0.9141473510154856
ub5,199800,0.9141288016170366
ub5,200000,0.9141102741866668
weno5l_rk3,0,1.0
weno5l_rk3,200,0.9708328941702823
weno5l_rk3,400,0.965944247822641
weno5l_rk3,600,0.9627059291861384
weno5l_rk3,800,0.9602142782039929
weno5l_rk3,1000,0.9581656850851828
weno5l_rk3,1200,0.9564108761824335
weno5l_rk3,1400,0.9548634830156109
weno5l_rk3,1600,0.9534702362050637
weno5l_rk3,1800,0.9521969929480268
weno5l_rk3,2000,0.9510210304630332
weno5l_rk3,2200,0.9499265717760325
weno5l_rk3,2400,0.9489021462509168
weno5l_rk3,2600,0.9479390201970944
weno5l_rk3,2800,0.9470302563574898
weno5l_rk3,3000,0.946170144141085
weno5l_rk3,3200,0.9453538490383958
weno5l_rk3,3400,0.9445771921342108
weno5l_rk3,3600,0.9438365073105036
weno5l_rk3,3800,0.9431285452710984
weno5l_rk3,4000,0.9424504061689852
weno5l_rk3,4200,0.9417994900477691
weno5l_rk3,4400,0.9411734586760835
weno5l_rk3,4600,0.9405702049232129
weno5l_rk3,4800,0.9399878273384014
weno5l_rk3,5000,0.9394246084910657
weno5l_rk3,5200,0.9388789961600681
weno5l_rk3,5400,0.9383495867773564
weno5l_rk3,5600,0.9378351107225483
weno5l_rk3,5800,0.9373344191821575
weno5l_rk3,6000,0.9368464723602957
weno5l_rk3,6200,0.9363703288747541
weno5l_rk3,6400,0.9359051362037286
weno5l_rk3,6600,0.9354501220703049
weno5l_rk3,6800,0.9350045866677954
weno5l_rk3,7000,0.9345678956412626
weno5l_rk3,7200,0.9341394737503512
weno5l_rk3,7400,0.9337187991466781
weno5l_rk3,7600,0.9333053982059601
weno5l_rk3,7800,0.9328988408610769
weno5l_rk3,8000,0.9324987363875867
weno5l_rk3,8200,0.9321047295979459
weno5l_rk3,8400,0.93171649740492
weno5l_rk3,8600,0.9313337457184936
weno5l_rk3,8800,0.9309562066440149
weno5l_rk3,9000,0.9305836359524318
weno5l_rk3,9200,0.9302158107962681
weno5l_rk3,9400,0.9298525276475321
weno5l_rk3,9600,0.9294936004360449
weno5l_rk3,9800,0.9291388588687461
weno5l_rk3,10000,0.9287881469124234
weno5l_rk3,10200,0.9284413214239843
weno5l_rk3,10400,0.9280982509139551
weno5l_rk3,10600,0.9277588144302462
weno5l_rk3,10800,0.9274229005505091
weno5l_rk3,11000,0.927090406472512
weno5l_rk3,11200,0.9267612371930042
weno5l_rk3,11400,0.9264353047664654
weno5l_rk3,11600,0.9261125276359549
weno5l_rk3,11800,0.9257928300290503
weno5l_rk3,12000,0.9254761414125341
weno5l_rk3,12200,0.9251623960001081
weno5l_rk3,12400,0.9248515323079733
weno5l_rk3,12600,0.9245434927536068
weno5l_rk3,12800,0.9242382232935281
weno5l_rk3,13000,0.9239356730962647
weno5l_rk3,13200,0.9236357942470708
weno5l_rk3,13400,0.9233385414813182
weno5l_rk3,13600,0.9230438719437573
weno5l_rk3,13800,0.9227517449711263
weno5l_rk3,14000,0.9224621218958392
weno5l_rk3,14200,0.9221749658686869
weno5l_rk3,14400,0.9218902416987071
weno5l_rk3,14600,0.9216079157085438
weno5l_rk3,14800,0.9213279556037858
weno5l_rk3,15000,0.9210503303549284
weno5l_rk3,15200,0.9207750100907146
weno5l_rk3,15400,0.9205019660017592
weno5l_rk3,15600,0.9202311702534437
weno5l_rk3,15800,0.9199625959071834
weno5l_rk3,16000,0.9196962168492498
weno5l_rk3,16200,0.9194320077264087
weno5l_rk3,16400,0.9191699438877111
weno5l_rk3,16600,0.918910001331842
weno5l_rk3,16800,0.9186521566594755
weno5l_rk3,17000,0.9183963870301552
weno5l_rk3,17200,0.9181426701232605
weno5l_rk3,17400,0.9178909841026548
weno5l_rk3,17600,0.9176413075846591
weno5l_rk3,17800,0.9173936196090299
weno5l_rk3,18000,0.9171478996126468
weno5l_rk3,18200,0.916904127405644
weno5l_rk3,18400,0.9166622831497507
weno5l_rk3,18600,0.9164223473386265
weno5l_rk3,18800,0.9161843007799919
weno5l_rk3,19000,0.9159481245793893
weno5l_rk3,19200,0.9157138001254033
weno5l_rk3,19400,0.9154813090762103
weno5l_rk3,19600,0.9152506333473223
weno5l_rk3,19800,0.91502175510041
weno5l_rk3,20000,0.9147946567331003
weno5l_rk3,20200,0.9145693208696555
weno5l_rk3,20400,0.9143457303524458
weno5l_rk3,20600,0.9141238682341459
weno5l_rk3,20800,0.91390371777057
weno5l_rk3,21000,0.9136852624141053
weno5l_rk3,21200,0.9134684858076645
weno5l_rk3,21400,0.913253371779127
weno5l_rk3,21600,0.9130399043362042
weno5l_rk3,21800,0.912828067661703
weno5l_rk3,22000,0.9126178461091388
weno5l_rk3,22200,0.9124092241986718
weno5l_rk3,22400,0.9122021866133289
weno5l_rk3,22600,0.9119967181954927
weno5l_rk3,22800,0.9117928039436234
weno5l_rk3,23000,0.9115904290091993
weno5l_rk3,23200,0.9113895786938457
weno5l_rk3,23400,0.911190238446649
weno5l_rk3,23600,0.9109923938616227
weno5l_rk3,23800,0.9107960306753231
weno5l_rk3,24000,0.9106011347645945
weno5l_rk3,24200,0.9104076921444338
weno5l_rk3,24400,0.9102156889659658
weno5l_rk3,24600,0.910025111514513
weno5l_rk3,24800,0.9098359462077599
weno5l_rk3,25000,0.9096481795939958
weno5l_rk3,25200,0.909461798350433
weno5l_rk3,25400,0.9092767892815931
weno5l_rk3,25600,0.909093139317755
weno5l_rk3,25800,0.9089108355134597
weno5l_rk3,26000,0.9087298650460675
weno5l_rk3,26200,0.9085502152143611
weno5l_rk3,26400,0.9083718734371933
weno5l_rk3,26600,0.9081948272521749
weno5l_rk3,26800,0.9080190643144003
weno5l_rk3,27000,0.907844572395203
weno5l_rk3,27200,0.9076713393809486
weno5l_rk3,27400,0.9074993532718496
weno5l_rk3,27600,0.9073286021808153
weno5l_rk3,27800,0.9071590743323175
weno5l_rk3,28000,0.906990758061285
weno5l_rk3,28200,0.9068236418120207
weno5l_rk3,28400,0.9066577141371344
weno5l_rk3,28600,0.9064929636964962
weno5l_rk3,28800,0.9063293792562096
weno5l_rk3,29000,0.9061669496875969
weno5l_rk3,29200,0.906005663966207
weno5l_rk3,29400,0.9058455111708275
weno5l_rk3,29600,0.9056864804825231
weno5l_rk3,29800,0.9055285611836768
weno5l_rk3,30000,0.9053717426570503
weno5l_rk3,30200,0.9052160143848546
weno5l_rk3,30400,0.9050613659478284
weno5l_rk3,30600,0.9049077870243339
weno5l_rk3,30800,0.9047552673894591
weno5l_rk3,31000,0.9046037969141314
weno5l_rk3,31200,0.9044533655642386
weno5l_rk3,31400,0.9043039633997652
weno5l_rk3,31600,0.9041555805739305
weno5l_rk3,31800,0.9040082073323421
weno5l_rk3,32000,0.9038618340121525
weno5l_rk3,32200,0.9037164510412287
weno5l_rk3,32400,0.9035720489373259
weno5l_rk3,32600,0.903428618307274
weno5l_rk3,32800,0.9032861498461662
weno5l_rk3,33000,0.9031446343365603
weno5l_rk3,33200,0.9030040626476837
weno5l_rk3,33400,0.9028644257346478
weno5l_rk3,33600,0.9027257146376685
weno5l_rk3,33800,0.9025879204812958
weno5l_rk3,34000,0.9024510344736468
weno5l_rk3,34200,0.9023150479056488
weno5l_rk3,34400,0.9021799521502885
weno5l_rk3,34600,0.9020457386618647
weno5l_rk3,34800,0.9019123989752521
weno5l_rk3,35000,0.9017799247051694
weno5l_rk3,35200,0.9016483075454523
weno5l_rk3,35400,0.9015175392683367
weno5l_rk3,35600,0.9013876117237439
weno5l_rk3,35800,0.9012585168385743
weno5l_rk3,36000,0.9011302466160074
weno5l_rk3,36200,0.901002793134806
weno5l_rk3,36400,0.900876148548629
weno5l_rk3,36600,0.9007503050853467
weno5l_rk3,36800,0.9006252550463663
weno5l_rk3,37000,0.9005009908059589
weno5l_rk3,37200,0.9003775048105954
weno5l_rk3,37400,0.9002547895782854
weno5l_rk3,37600,0.9001328376979253
weno5l_rk3,37800,0.9000116418286467
weno5l_rk3,38000,0.8998911946991772
weno5l_rk3,38200,0.8997714891072003
weno5l_rk3,38400,0.8996525179187257
weno5l_rk3,38600,0.8995342740674601
weno5l_rk3,38800,0.8994167505541908
weno5l_rk3,39000,0.8992999404461625
weno5l_rk3,39200,0.8991838368764741
weno5l_rk3,39400,0.8990684330434697
weno5l_rk3,39600,0.8989537222101392
weno5l_rk3,39800,0.8988396977035235
weno5l_rk3,40000,0.8987263529141252
weno5l_rk3,40200,0.8986136812953226
weno5l_rk3,40400,0.8985016763627921
weno5l_rk3,40600,0.8983903316939321
weno5l_rk3,40800,0.8982796409272933
weno5l_rk3,41000,0.8981695977620148
weno5l_rk3,41200,0.898060195957264
weno5l_rk3,41400,0.8979514293316809
weno5l_rk3,41600,0.8978432917628293
weno5l_rk3,41800,0.8977357771866502
weno5l_rk3,42000,0.897628879596922
weno5l_rk3,42200,0.8975225930447233
weno5l_rk3,42400,0.8974169116379035
weno5l_rk3,42600,0.8973118295405548
weno5l_rk3,42800,0.8972073409724911
weno5l_rk3,43000,0.8971034402087292
weno5l_rk3,43200,0.8970001215789772
weno5l_rk3,43400,0.8968973794671249
weno5l_rk3,43600,0.8967952083107418
weno5l_rk3,43800,0.8966936026005757
weno5l_rk3,44000,0.8965925568800581
weno5l_rk3,44200,0.8964920657448127
weno5l_rk3,44400,0.8963921238421708
weno5l_rk3,44600,0.896292725870688
weno5l_rk3,44800,0.8961938665796656
weno5l_rk3,45000,0.896095540768678
weno5l_rk3,45200,0.8959977432871037
weno5l_rk3,45400,0.895900469033657
weno5l_rk3,45600,0.8958037129559302
weno5l_rk3,45800,0.8957074700499362
weno5l_rk3,46000,0.8956117353596523
weno5l_rk3,46200,0.8955165039765747
weno5l_rk3,46400,0.8954217710392715
weno5l_rk3,46600,0.8953275317329425
weno5l_rk3,46800,0.8952337812889815
weno5l_rk3,47000,0.895140514984544
weno5l_rk3,47200,0.895047728142116
weno5l_rk3,47400,0.89495541612909
weno5l_rk3,47600,0.894863574357344
weno5l_rk3,47800,0.8947721982828216
weno5l_rk3,48000,0.8946812834051189
weno5l_rk3,48200,0.8945908252670746
weno5l_rk3,48400,0.8945008194543622
weno5l_rk3,48600,0.8944112615950864
weno5l_rk3,48800,0.8943221473593851
weno5l_rk3,49000,0.8942334724590337
weno5l_rk3,49200,0.8941452326470509
weno5l_rk3,49400,0.8940574237173113
weno5l_rk3,49600,0.8939700415041608
weno5l_rk3,49800,0.8938830818820316
weno5l_rk3,50000,0.8937965407650689
weno5l_rk3,50200,0.8937104141067516
weno5l_rk3,50400,0.893624697899523
weno5l_rk3,50600,0.8935393881744227
weno5l_rk3,50800,0.8934544810007201
weno5l_rk3,51000,0.8933699724855553
weno5l_rk3,51200,0.8932858587735792
weno5l_rk3,51400,0.8932021360465993
weno5l_rk3,51600,0.8931188005232275
weno5l_rk3,51800,0.8930358484585326
weno5l_rk3,52000,0.8929532761436936
weno5l_rk3,52200,0.8928710799056591
weno5l_rk3,52400,0.8927892561068069
weno5l_rk3,52600,0.892707801144609
weno5l_rk3,52800,0.8926267114512987
weno5l_rk3,53000,0.8925459834935393
weno5l_rk3,53200,0.8924656137720997
weno5l_rk3,53400,0.8923855988215295
weno5l_rk3,53600,0.892305935209837
weno5l_rk3,53800,0.8922266195381736
weno5l_rk3,54000,0.892147648440517
weno5l_rk3,54200,0.8920690185833597
weno5l_rk3,54400,0.8919907266654002
weno5l_rk3,54600,0.8919127694172363
weno5l_rk3,54800,0.8918351436010623
weno5l_rk3,55000,0.8917578460103663
weno5l_rk3,55200,0.8916808734696338
weno5l_rk3,55400,0.8916042228340536
weno5l_rk3,55600,0.8915278909892227
weno5l_rk3,55800,0.891451874850858
weno5l_rk3,56000,0.8913761713645098
weno5l_rk3,56200,0.8913007775052753
weno5l_rk3,56400,0.8912256902775186
weno5l_rk3,56600,0.8911509067145917
weno5l_rk3,56800,0.8910764238785558
weno5l_rk3,57000,0.8910022388599088
weno5l_rk3,57200,0.8909283487773146
weno5l_rk3,57400,0.8908547507773326
weno5l_rk3,57600,0.8907814420341515
weno5l_rk3,57800,0.8907084197493256
weno5l_rk3,58000,0.8906356811515125
weno5l_rk3,58200,0.8905632234962159
weno5l_rk3,58400,0.890491044065526
weno5l_rk3,58600,0.8904191401678685
weno5l_rk3,58800,0.8903475091377496
weno5l_rk3,59000,0.8902761483355086
weno5l_rk3,59200,0.8902050551470695
weno5l_rk3,59400,0.8901342269836947
weno5l_rk3,59600,0.8900636612817461
weno5l_rk3,59800,0.8899933555024415
weno5l_rk3,60000,0.8899233071316175
weno5l_rk3,60200,0.8898535136794938
weno5l_rk3,60400,0.8897839726804381
weno5l_rk3,60600,0.8897146816927369
weno5l_rk3,60800,0.889645638298364
weno5l_rk3,61000,0.8895768401027538
weno5l_rk3,61200,0.8895082847345771
weno5l_rk3,61400,0.8894399698455172
weno5l_rk3,61600,0.889371893110049
weno5l_rk3,61800,0.8893040522252217
weno5l_rk3,62000,0.8892364449104395
weno5l_rk3,62200,0.8891690689072484
weno5l_rk3,62400,0.8891019219791234
weno5l_rk3,62600,0.889035001911258
weno5l_rk3,62800,0.8889683065103544
weno5l_rk3,63000,0.8889018336044174
weno5l_rk3,63200,0.8888355810425507
weno5l_rk3,63400,0.8887695466947511
weno5l_rk3,63600,0.8887037284517117
weno5l_rk3,63800,0.8886381242246181
weno5l_rk3,64000,0.8885727319449551
weno5l_rk3,64200,0.8885075495643088
weno5l_rk3,64400,0.8884425750541746
weno5l_rk3,64600,0.8883778064057644
weno5l_rk3,64800,0.8883132416298184
weno5l_rk3,65000,0.8882488787564148
weno5l_rk3,65200,0.8881847158347858
weno5l_rk3,65400,0.8881207509331305
weno5l_rk3,65600,0.8880569821384346
weno5l_rk3,65800,0.8879934075562875
weno5l_rk3,66000,0.8879300253107043
weno5l_rk3,66200,0.887866833543947
weno5l_rk3,66400,0.8878038304163498
weno5l_rk3,66600,0.8877410141061443
weno5l_rk3,66800,0.8876783828092846
weno5l_rk3,67000,0.8876159347392799
weno5l_rk3,67200,0.887553668127024
weno5l_rk3,67400,0.887491581220625
weno5l_rk3,67600,0.8874296722852443
weno5l_rk3,67800,0.8873679396029256
weno5l_rk3,68000,0.887306381472437
weno5l_rk3,68200,0.8872449962091077
weno5l_rk3,68400,0.8871837821446662
weno5l_rk3,68600,0.8871227376270852
weno5l_rk3,68800,0.8870618610204221
weno5l_rk3,69000,0.8870011507046652
weno5l_rk3,69200,0.8869406050755786
weno5l_rk3,69400,0.8868802225445502
weno5l_rk3,69600,0.8868200015384408
weno5l_rk3,69800,0.8867599404994339
weno5l_rk3,70000,0.8867000378848876
weno5l_rk3,70200,0.8866402921671894
weno5l_rk3,70400,0.8865807018336077
weno5l_rk3,70600,0.8865212653861506
weno5l_rk3,70800,0.8864619813414231
weno5l_rk3,71000,0.8864028482304842
weno5l_rk3,71200,0.8863438645987077
weno5l_rk3,71400,0.8862850290056438
weno5l_rk3,71600,0.8862263400248824
weno5l_rk3,71800,0.8861677962439162
weno5l_rk3,72000,0.8861093962640064
weno5l_rk3,72200,0.8860511387000501
weno5l_rk3,72400,0.885993022180447
weno5l_rk3,72600,0.8859350453469691
weno5l_rk3,72800,0.8858772068546309
weno5l_rk3,73000,0.8858195053715626
weno5l_rk3,73200,0.8857619395788806
weno5l_rk3,73400,0.8857045081705631
weno5l_rk3,73600,0.8856472098533249
weno5l_rk3,73800,0.8855900433464938
weno5l_rk3,74000,0.88553300738189
weno5l_rk3,74200,0.8854761007037023
weno5l_rk3,74400,0.8854193220683702
weno5l_rk3,74600,0.885362670244464
weno5l_rk3,74800,0.8853061440125674
weno5l_rk3,75000,0.8852497421651611
weno5l_rk3,75200,0.8851934635065071
weno5l_rk3,75400,0.8851373068525342
weno5l_rk3,75600,0.8850812710307265
weno5l_rk3,75800,0.8850253548800081
weno5l_rk3,76000,0.8849695572506351
weno5l_rk3,76200,0.8849138770040841
weno5l_rk3,76400,0.8848583130129434
weno5l_rk3,76600,0.8848028641608042
weno5l_rk3,76800,0.8847475293421565
weno5l_rk3,77000,0.884692307462281
weno5l_rk3,77200,0.8846371974371432
weno5l_rk3,77400,0.8845821981932928
weno5l_rk3,77600,0.8845273086677596
weno5l_rk3,77800,0.8844725278079497
weno5l_rk3,78000,0.8844178545715484
weno5l_rk3,78200,0.884363287926416
weno5l_rk3,78400,0.8843088268504927
weno5l_rk3,78600,0.8842544703316991
weno5l_rk3,78800,0.8842002173678388
weno5l_rk3,79000,0.884146066966502
weno5l_rk3,79200,0.8840920181449724
weno5l_rk3,79400,0.8840380699301305
weno5l_rk3,79600,0.8839842213583622
weno5l_rk3,79800,0.8839304714754651
weno5l_rk3,80000,0.8838768193365569
weno5l_rk3,80200,0.8838232640059863
weno5l_rk3,80400,0.8837698045572423
weno5l_rk3,80600,0.8837164400728639
weno5l_rk3,80800,0.883663169644355
weno5l_rk3,81000,0.8836099923720937
weno5l_rk3,81200,0.8835569073652491
weno5l_rk3,81400,0.883503913741693
weno5l_rk3,81600,0.8834510106279192
weno5l_rk3,81800,0.883398197158954
weno5l_rk3,82000,0.8833454724782777
weno5l_rk3,82200,0.8832928357377399
weno5l_rk3,82400,0.8832402860974801
weno5l_rk3,82600,0.8831878227258453
weno5l_rk3,82800,0.8831354447993093
weno5l_rk3,83000,0.8830831515023965
weno5l_rk3,83200,0.8830309420276011
weno5l_rk3,83400,0.8829788155753105
weno5l_rk3,83600,0.8829267713537273
weno5l_rk3,83800,0.8828748085787939
weno5l_rk3,84000,0.882822926474119
weno5l_rk3,84200,0.8827711242708994
weno5l_rk3,84400,0.8827194012078484
weno5l_rk3,84600,0.8826677565311218
weno5l_rk3,84800,0.8826161894942456
weno5l_rk3,85000,0.882564699358044
weno5l_rk3,85200,0.8825132853905688
weno5l_rk3,85400,0.8824619468670285
weno5l_rk3,85600,0.8824106830697177
weno5l_rk3,85800,0.8823594932879505
weno5l_rk3,86000,0.8823083768179886
weno5l_rk3,86200,0.8822573329629775
weno5l_rk3,86400,0.8822063610328766
weno5l_rk3,86600,0.8821554603443923
weno5l_rk3,86800,0.8821046302209156
weno5l_rk3,87000,0.882053869992453
weno5l_rk3,87200,0.8820031789955657
weno5l_rk3,87400,0.8819525565733012
weno5l_rk3,87600,0.8819020020751349
weno5l_rk3,87800,0.8818515148569037
weno5l_rk3,88000,0.8818010942807459
weno5l_rk3,88200,0.8817507397150393
weno5l_rk3,88400,0.88170045053434
weno5l_rk3,88600,0.8816502261193225
weno5l_rk3,88800,0.8816000658567197
weno5l_rk3,89000,0.8815499691392646
weno5l_rk3,89200,0.88149993536563
weno5l_rk3,89400,0.881449963940372
weno5l_rk3,89600,0.8814000542738728
weno5l_rk3,89800,0.8813502057822832
weno5l_rk3,90000,0.8813004178874665
weno5l_rk3,90200,0.8812506900169415
weno5l_rk3,90400,0.8812010216038296
weno5l_rk3,90600,0.8811514120867985
weno5l_rk3,90800,0.8811018609100089
weno5l_rk3,91000,0.88105236752306
weno5l_rk3,91200,0.8810029313809375
weno5l_rk3,91400,0.8809535519439602
weno5l_rk3,91600,0.8809042286777278
weno5l_rk3,91800,0.8808549610530695
weno5l_rk3,92000,0.8808057485459942
weno5l_rk3,92200,0.8807565906376384
weno5l_rk3,92400,0.8807074868142153
weno5l_rk3,92600,0.8806584365669686
weno5l_rk3,92800,0.8806094393921199
weno5l_rk3,93000,0.8805604947908223
weno5l_rk3,93200,0.8805116022691103
weno5l_rk3,93400,0.8804627613378542
weno5l_rk3,93600,0.8804139715127122
weno5l_rk3,93800,0.8803652323140816
weno5l_rk3,94000,0.8803165432670557
weno5l_rk3,94200,0.8802679039013762
weno5l_rk3,94400,0.8802193137513882
weno5l_rk3,94600,0.8801707723559934
weno5l_rk3,94800,0.8801222792586104
weno5l_rk3,95000,0.8800738340071249
weno5l_rk3,95200,0.880025436153849
weno5l_rk3,95400,0.8799770852554771
weno5l_rk3,95600,0.8799287808730455
weno5l_rk3,95800,0.8798805225718855
weno5l_rk3,96000,0.8798323099215861
weno5l_rk3,96200,0.8797841424959485
weno5l_rk3,96400,0.8797360198729468
weno5l_rk3,96600,0.8796879416346877
weno5l_rk3,96800,0.8796399073673687
weno5l_rk3,97000,0.8795919166612403
weno5l_rk3,97200,0.8795439691105624
weno5l_rk3,97400,0.8794960643135696
weno5l_rk3,97600,0.8794482018724298
weno5l_rk3,97800,0.8794003813932072
weno5l_rk3,98000,0.8793526024858214
weno5l_rk3,98200,0.879304864764013
weno5l_rk3,98400,0.8792571678453048
weno5l_rk3,98600,0.8792095113509645
weno5l_rk3,98800,0.8791618949059685
weno5l_rk3,99000,0.8791143181389655
weno5l_rk3,99200,0.8790667806822415
weno5l_rk3,99400,0.8790192821716825
weno5l_rk3,99600,0.8789718222467412
weno5l_rk3,99800,0.8789244005504001
weno5l_rk3,100000,0.8788770167291389
weno5l_rk3,100200,0.8788296704328986
weno5l_rk3,100400,0.8787823613150488
weno5l_rk3,100600,0.8787350890323541
weno5l_rk3,100800,0.8786878532449408
weno5l_rk3,101000,0.8786406536162636
weno5l_rk3,101200,0.8785934898130731
weno5l_rk3,101400,0.8785463615053831
weno5l_rk3,101600,0.878499268366441
weno5l_rk3,101800,0.8784522100726926
weno5l_rk3,102000,0.8784051863037546
weno5l_rk3,102200,0.8783581967423805
weno5l_rk3,102400,0.8783112410744324
weno5l_rk3,102600,0.8782643189888468
weno5l_rk3,102800,0.8782174301776092
weno5l_rk3,103000,0.8781705743357212
weno5l_rk3,103200,0.8781237511611716
weno5l_rk3,103400,0.8780769603549089
weno5l_rk3,103600,0.8780302016208091
weno5l_rk3,103800,0.8779834746656501
weno5l_rk3,104000,0.8779367791990813
weno5l_rk3,104200,0.8778901149335956
weno5l_rk3,104400,0.8778434815845038
weno5l_rk3,104600,0.8777968788699047
weno5l_rk3,104800,0.8777503065106588
weno5l_rk3,105000,0.8777037642303599
weno5l_rk3,105200,0.8776572517553105
weno5l_rk3,105400,0.8776107688144952
weno5l_rk3,105600,0.8775643151395507
weno5l_rk3,105800,0.8775178904647449
weno5l_rk3,106000,0.8774714945269484
weno5l_rk3,106200,0.877425127065609
weno5l_rk3,106400,0.8773787878227279
weno5l_rk3,106600,0.877332476542833
weno5l_rk3,106800,0.8772861929729551
weno5l_rk3,107000,0.8772399368626033
weno5l_rk3,107200,0.8771937079637407
weno5l_rk3,107400,0.8771475060307609
weno5l_rk3,107600,0.8771013308204628
weno5l_rk3,107800,0.8770551820920287
weno5l_rk3,108000,0.8770090596069994
weno5l_rk3,108200,0.8769629631292527
weno5l_rk3,108400,0.8769168924249792
weno5l_rk3,108600,0.87687084726266
weno5l_rk3,108800,0.8768248274130452
weno5l_rk3,109000,0.8767788326491304
weno5l_rk3,109200,0.8767328627461355
weno5l_rk3,109400,0.8766869174814822
weno5l_rk3,109600,0.8766409966347729
weno5l_rk3,109800,0.8765950999877702
weno5l_rk3,110000,0.8765492273243747
weno5l_rk3,110200,0.8765033784306036
weno5l_rk3,110400,0.8764575530945705
weno5l_rk3,110600,0.8764117511064661
weno5l_rk3,110800,0.8763659722585362
weno5l_rk3,111000,0.8763202163450614
weno5l_rk3,111200,0.876274483162339
weno5l_rk3,111400,0.8762287725086618
weno5l_rk3,111600,0.8761830841842991
weno5l_rk3,111800,0.8761374179914765
weno5l_rk3,112000,0.876091773734358
weno5l_rk3,112200,0.876046151219026
weno5l_rk3,112400,0.8760005502534634
weno5l_rk3,112600,0.8759549706475339
weno5l_rk3,112800,0.875909412212965
weno5l_rk3,113000,0.8758638747633286
weno5l_rk3,113200,0.8758183581140224
weno5l_rk3,113400,0.8757728620822547
weno5l_rk3,113600,0.8757273864870225
weno5l_rk3,113800,0.8756819311490981
weno5l_rk3,114000,0.8756364958910094
weno5l_rk3,114200,0.8755910805370233
weno5l_rk3,114400,0.8755456849131282
weno5l_rk3,114600,0.8755003088470185
weno5l_rk3,114800,0.8754549521680751
weno5l_rk3,115000,0.8754096147073529
weno5l_rk3,115200,0.8753642962975611
weno5l_rk3,115400,0.8753189967730478
weno5l_rk3,115600,0.8752737159697848
weno5l_rk3,115800,0.8752284537253503
weno5l_rk3,116000,0.875183209878915
weno5l_rk3,116200,0.875137984271225
weno5l_rk3,116400,0.8750927767445871
weno5l_rk3,116600,0.8750475871428524
weno5l_rk3,116800,0.8750024153114037
weno5l_rk3,117000,0.8749572610971372
weno5l_rk3,117200,0.8749121243484497
weno5l_rk3,117400,0.8748670049152244
weno5l_rk3,117600,0.8748219026488135
weno5l_rk3,117800,0.8747768174020281
weno5l_rk3,118000,0.8747317490291195
weno5l_rk3,118200,0.8746866973857687
weno5l_rk3,118400,0.8746416623290694
weno5l_rk3,118600,0.8745966437175167
weno5l_rk3,118800,0.8745516414109913
weno5l_rk3,119000,0.8745066552707473
weno5l_rk3,119200,0.8744616851593987
weno5l_rk3,119400,0.8744167309409049
weno5l_rk3,119600,0.8743717924805587
weno5l_rk3,119800,0.8743268696449726
weno5l_rk3,120000,0.8742819623020671
weno5l_rk3,120200,0.874237070321055
weno5l_rk3,120400,0.8741921935724325
weno5l_rk3,120600,0.8741473319279625
weno5l_rk3,120800,0.8741024852606667
weno5l_rk3,121000,0.87405765344481
weno5l_rk3,121200,0.8740128363558892
weno5l_rk3,121400,0.8739680338706209
weno5l_rk3,121600,0.8739232458669299
weno5l_rk3,121800,0.873878472223937
weno5l_rk3,122000,0.8738337128219478
weno5l_rk3,122200,0.8737889675424394
weno5l_rk3,122400,0.8737442362680521
weno5l_rk3,122600,0.8736995188825745
weno5l_rk3,122800,0.8736548152709351
weno5l_rk3,123000,0.8736101253191885
weno5l_rk3,123200,0.8735654489145064
weno5l_rk3,123400,0.8735207859451667
weno5l_rk3,123600,0.8734761363005403
weno5l_rk3,123800,0.873431499871084
weno5l_rk3,124000,0.8733868765483266
weno5l_rk3,124200,0.8733422662248596
weno5l_rk3,124400,0.8732976687943274
weno5l_rk3,124600,0.8732530841514163
weno5l_rk3,124800,0.8732085121918439
weno5l_rk3,125000,0.87316395281235
weno5l_rk3,125200,0.8731194059106865
weno5l_rk3,125400,0.8730748713856064
weno5l_rk3,125600,0.8730303491368545
weno5l_rk3,125800,0.872985839065158
weno5l_rk3,126000,0.872941341072218
weno5l_rk3,126200,0.8728968550606963
weno5l_rk3,126400,0.8728523809342102
weno5l_rk3,126600,0.8728079185973205
weno5l_rk3,126800,0.8727634679555232
weno5l_rk3,127000,0.8727190289152389
weno5l_rk3,127200,0.8726746013838077
weno5l_rk3,127400,0.8726301852694754
weno5l_rk3,127600,0.8725857804813871
weno5l_rk3,127800,0.8725413869295783
weno5l_rk3,128000,0.8724970045249656
weno5l_rk3,128200,0.8724526331793382
weno5l_rk3,128400,0.8724082728053495
weno5l_rk3,128600,0.8723639233165082
weno5l_rk3,128800,0.8723195846271719
weno5l_rk3,129000,0.8722752566525354
weno5l_rk3,129200,0.8722309393086247
weno5l_rk3,129400,0.8721866325122886
weno5l_rk3,129600,0.8721423361811909
weno5l_rk3,129800,0.8720980502338009
weno5l_rk3,130000,0.8720537745893869
weno5l_rk3,130200,0.8720095091680098
weno5l_rk3,130400,0.8719652538905104
weno5l_rk3,130600,0.871921008678507
weno5l_rk3,130800,0.871876773454385
weno5l_rk3,131000,0.8718325481412909
weno5l_rk3,131200,0.8717883326631223
weno5l_rk3,131400,0.8717441269445242
weno5l_rk3,131600,0.8716999309108777
weno5l_rk3,131800,0.8716557444882969
weno5l_rk3,132000,0.8716115676036185
weno5l_rk3,132200,0.8715674001843952
weno5l_rk3,132400,0.8715232421588904
weno5l_rk3,132600,0.8714790934560691
weno5l_rk3,132800,0.8714349540055929
weno5l_rk3,133000,0.8713908237378117
weno5l_rk3,133200,0.8713467025837579
weno5l_rk3,133400,0.8713025904751398
weno5l_rk3,133600,0.8712584873443339
weno5l_rk3,133800,0.8712143931243789
weno5l_rk3,134000,0.8711703077489701
weno5l_rk3,134200,0.8711262311524509
weno5l_rk3,134400,0.871082163269809
weno5l_rk3,134600,0.8710381040366677
weno5l_rk3,134800,0.8709940533892809
weno5l_rk3,135000,0.870950011264528
weno5l_rk3,135200,0.8709059775999051
weno5l_rk3,135400,0.8708619523335209
weno5l_rk3,135600,0.8708179354040897
weno5l_rk3,135800,0.8707739267509272
weno5l_rk3,136000,0.8707299263139424
weno5l_rk3,136200,0.8706859340336326
weno5l_rk3,136400,0.8706419498510777
weno5l_rk3,136600,0.8705979737079355
weno5l_rk3,136800,0.8705540055464337
weno5l_rk3,137000,0.8705100453093672
weno5l_rk3,137200,0.8704660929400897
weno5l_rk3,137400,0.8704221483825103
weno5l_rk3,137600,0.8703782115810872
weno5l_rk3,137800,0.8703342824808218
weno5l_rk3,138000,0.870290361027254
weno5l_rk3,138200,0.8702464471664587
weno5l_rk3,138400,0.8702025408450362
weno5l_rk3,138600,0.8701586420101113
weno5l_rk3,138800,0.8701147506093256
weno5l_rk3,139000,0.8700708665908338
weno5l_rk3,139200,0.8700269899032975
weno5l_rk3,139400,0.8699831204958817
weno5l_rk3,139600,0.8699392583182489
weno5l_rk3,139800,0.8698954033205539
weno5l_rk3,140000,0.86985155545344
weno5l_rk3,140200,0.8698077146680332
weno5l_rk3,140400,0.8697638809159371
weno5l_rk3,140600,0.8697200541492314
weno5l_rk3,140800,0.8696762343204623
weno5l_rk3,141000,0.8696324213826424
weno5l_rk3,141200,0.8695886152892424
weno5l_rk3,141400,0.8695448159941904
weno5l_rk3,141600,0.8695010234518644
weno5l_rk3,141800,0.8694572376170884
weno5l_rk3,142000,0.86941345844513
weno5l_rk3,142200,0.8693696858916923
weno5l_rk3,142400,0.8693259199129147
weno5l_rk3,142600,0.8692821604653633
weno5l_rk3,142800,0.8692384075060308
weno5l_rk3,143000,0.8691946609923303
weno5l_rk3,143200,0.869150920882092
weno5l_rk3,143400,0.8691071871335586
weno5l_rk3,143600,0.8690634597053811
weno5l_rk3,143800,0.869019738556615
weno5l_rk3,144000,0.8689760236467173
weno5l_rk3,144200,0.868932314935541
weno5l_rk3,144400,0.8688886123833313
weno5l_rk3,144600,0.8688449159507241
weno5l_rk3,144800,0.8688012255987388
weno5l_rk3,145000,0.8687575412887769
weno5l_rk3,145200,0.8687138629826177
weno5l_rk3,145400,0.868670190642414
weno5l_rk3,145600,0.8686265242306889
weno5l_rk3,145800,0.8685828637103321
weno5l_rk3,146000,0.8685392090445969
weno5l_rk3,146200,0.8684955601970957
weno5l_rk3,146400,0.8684519171317961
weno5l_rk3,146600,0.8684082798130194
weno5l_rk3,146800,0.8683646482054355
weno5l_rk3,147000,0.8683210222740588
weno5l_rk3,147200,0.8682774019842475
weno5l_rk3,147400,0.8682337873016974
weno5l_rk3,147600,0.8681901781924412
weno5l_rk3,147800,0.8681465746228416
weno5l_rk3,148000,0.8681029765595923
weno5l_rk3,148200,0.8680593839697125
weno5l_rk3,148400,0.8680157968205419
weno5l_rk3,148600,0.867972215079742
weno5l_rk3,148800,0.8679286387152902
weno5l_rk3,149000,0.8678850676954749
weno5l_rk3,149200,0.8678415019888974
weno5l_rk3,149400,0.8677979415644641
weno5l_rk3,149600,0.8677543863913854
weno5l_rk3,149800,0.867710836439174
weno5l_rk3,150000,0.8676672916776401
weno5l_rk3,150200,0.8676237520768886
weno5l_rk3,150400,0.8675802176073172
weno5l_rk3,150600,0.8675366882396123
weno5l_rk3,150800,0.8674931639447486
weno5l_rk3,151000,0.8674496446939816
weno5l_rk3,151200,0.8674061304588501
weno5l_rk3,151400,0.8673626212111702
weno5l_rk3,151600,0.8673191169230341
weno5l_rk3,151800,0.8672756175668057
weno5l_rk3,152000,0.8672321231151201
weno5l_rk3,152200,0.8671886335408788
weno5l_rk3,152400,0.8671451488172494
weno5l_rk3,152600,0.8671016689176607
weno5l_rk3,152800,0.8670581938158014
weno5l_rk3,153000,0.8670147234856175
weno5l_rk3,153200,0.8669712579013086
weno5l_rk3,153400,0.8669277970373276
weno5l_rk3,153600,0.8668843408683762
weno5l_rk3,153800,0.8668408893694042
weno5l_rk3,154000,0.8667974425156054
weno5l_rk3,154200,0.866754000282416
weno5l_rk3,154400,0.8667105626455126
weno5l_rk3,154600,0.8666671295808083
weno5l_rk3,154800,0.8666237010644531
weno5l_rk3,155000,0.8665802770728283
weno5l_rk3,155200,0.866536857582547
weno5l_rk3,155400,0.8664934425704506
weno5l_rk3,155600,0.8664500320136062
weno5l_rk3,155800,0.8664066258893046
weno5l_rk3,156000,0.8663632241750593
weno5l_rk3,156200,0.8663198268486032
weno5l_rk3,156400,0.8662764338878861
weno5l_rk3,156600,0.8662330452710731
weno5l_rk3,156800,0.866189660976543
weno5l_rk3,157000,0.8661462809828854
weno5l_rk3,157200,0.866102905268899
weno5l_rk3,157400,0.8660595338135889
weno5l_rk3,157600,0.8660161665961663
weno5l_rk3,157800,0.8659728035960443
weno5l_rk3,158000,0.8659294447928374
weno5l_rk3,158200,0.865886090166359
weno5l_rk3,158400,0.8658427396966194
weno5l_rk3,158600,0.8657993933638244
weno5l_rk3,158800,0.8657560511483723
weno5l_rk3,159000,0.8657127130308531
weno5l_rk3,159200,0.8656693789920458
weno5l_rk3,159400,0.8656260490129181
weno5l_rk3,159600,0.8655827230746216
weno5l_rk3,159800,0.865539401158493
weno5l_rk3,160000,0.8654960832460511
weno5l_rk3,160200,0.8654527693189948
weno5l_rk3,160400,0.865409459359201
weno5l_rk3,160600,0.8653661533487239
weno5l_rk3,160800,0.865322851269792
weno5l_rk3,161000,0.8652795531048086
weno5l_rk3,161200,0.8652362588363471
weno5l_rk3,161400,0.865192968447152
weno5l_rk3,161600,0.8651496819201353
weno5l_rk3,161800,0.8651063992383756
weno5l_rk3,162000,0.8650631203851169
weno5l_rk3,162200,0.8650198453437669
weno5l_rk3,162400,0.8649765740978937
weno5l_rk3,162600,0.8649333066312267
weno5l_rk3,162800,0.8648900429276531
weno5l_rk3,163000,0.8648467829712191
weno5l_rk3,163200,0.8648035267461238
weno5l_rk3,163400,0.8647602742367215
weno5l_rk3,163600,0.864717025427519
weno5l_rk3,163800,0.8646737803031743
weno5l_rk3,164000,0.864630538848494
weno5l_rk3,164200,0.8645873010484338
weno5l_rk3,164400,0.864544066888095
weno5l_rk3,164600,0.8645008363527252
weno5l_rk3,164800,0.864457609427714
weno5l_rk3,165000,0.8644143860985946
weno5l_rk3,165200,0.8643711663510412
weno5l_rk3,165400,0.8643279501708664
weno5l_rk3,165600,0.8642847375440227
weno5l_rk3,165800,0.8642415284565975
weno5l_rk3,166000,0.8641983228948142
weno5l_rk3,166200,0.864155120845032
weno5l_rk3,166400,0.8641119222937406
weno5l_rk3,166600,0.8640687272275623
weno5l_rk3,166800,0.8640255356332495
weno5l_rk3,167000,0.8639823474976834
weno5l_rk3,167200,0.863939162807873
weno5l_rk3,167400,0.8638959815509539
weno5l_rk3,167600,0.8638528037141864
weno5l_rk3,167800,0.8638096292849551
weno5l_rk3,168000,0.8637664582507677
weno5l_rk3,168200,0.8637232905992525
weno5l_rk3,168400,0.8636801263181587
weno5l_rk3,168600,0.8636369653953555
weno5l_rk3,168800,0.863593807818828
weno5l_rk3,169000,0.8635506535766797
weno5l_rk3,169200,0.8635075026571295
weno5l_rk3,169400,0.8634643550485108
weno5l_rk3,169600,0.8634212107392706
weno5l_rk3,169800,0.8633780697179682
weno5l_rk3,170000,0.8633349319732732
weno5l_rk3,170200,0.8632917974939663
weno5l_rk3,170400,0.8632486662689375
weno5l_rk3,170600,0.8632055382871834
weno5l_rk3,170800,0.8631624135378085
weno5l_rk3,171000,0.8631192920100238
weno5l_rk3,171200,0.8630761736931436
weno5l_rk3,171400,0.8630330585765873
weno5l_rk3,171600,0.8629899466498768
weno5l_rk3,171800,0.8629468379026348
weno5l_rk3,172000,0.8629037323245857
weno5l_rk3,172200,0.8628606299055533
weno5l_rk3,172400,0.8628175306354607
weno5l_rk3,172600,0.8627744345043286
weno5l_rk3,172800,0.8627313415022738
weno5l_rk3,173000,0.8626882516195105
weno5l_rk3,173200,0.8626451648463466
weno5l_rk3,173400,0.862602081173185
weno5l_rk3,173600,0.8625590005905213
weno5l_rk3,173800,0.8625159230889429
weno5l_rk3,174000,0.8624728486591291
weno5l_rk3,174200,0.8624297772918488
weno5l_rk3,174400,0.8623867089779614
weno5l_rk3,174600,0.8623436437084148
weno5l_rk3,174800,0.8623005814742444
weno5l_rk3,175000,0.8622575222665725
weno5l_rk3,175200,0.8622144660766076
weno5l_rk3,175400,0.8621714128956431
weno5l_rk3,175600,0.8621283627150578
weno5l_rk3,175800,0.8620853155263125
weno5l_rk3,176000,0.8620422713209513
weno5l_rk3,176200,0.861999230090602
weno5l_rk3,176400,0.8619561918269706
weno5l_rk3,176600,0.8619131565218452
weno5l_rk3,176800,0.8618701241670932
weno5l_rk3,177000,0.8618270947546608
weno5l_rk3,177200,0.8617840682765714
weno5l_rk3,177400,0.8617410447249262
weno5l_rk3,177600,0.8616980240919034
weno5l_rk3,177800,0.8616550063697562
weno5l_rk3,178000,0.8616119915508128
weno5l_rk3,178200,0.8615689796274764
weno5l_rk3,178400,0.8615259705922224
weno5l_rk3,178600,0.8614829644375999
weno5l_rk3,178800,0.8614399611562304
weno5l_rk3,179000,0.8613969607408057
weno5l_rk3,179200,0.8613539631840884
weno5l_rk3,179400,0.8613109684789123
weno5l_rk3,179600,0.8612679766181787
weno5l_rk3,179800,0.8612249875948594
weno5l_rk3,180000,0.8611820014019922
weno5l_rk3,180200,0.8611390180326837
weno5l_rk3,180400,0.8610960374801067
weno5l_rk3,180600,0.8610530597374991
weno5l_rk3,180800,0.8610100847981651
weno5l_rk3,181000,0.8609671126554737
weno5l_rk3,181200,0.860924143302857
weno5l_rk3,181400,0.8608811767338113
weno5l_rk3,181600,0.8608382129418949
weno5l_rk3,181800,0.8607952519207289
weno5l_rk3,182000,0.8607522936639964
weno5l_rk3,182200,0.8607093381654402
weno5l_rk3,182400,0.8606663854188643
weno5l_rk3,182600,0.8606234354181316
weno5l_rk3,182800,0.8605804881571651
weno5l_rk3,183000,0.8605375436299467
weno5l_rk3,183200,0.8604946018305153
weno5l_rk3,183400,0.8604516627529675
weno5l_rk3,183600,0.8604087263914575
weno5l_rk3,183800,0.8603657927401942
weno5l_rk3,184000,0.8603228617934446
weno5l_rk3,184200,0.8602799335455282
weno5l_rk3,184400,0.8602370079908223
weno5l_rk3,184600,0.8601940851237557
weno5l_rk3,184800,0.860151164938812
weno5l_rk3,185000,0.8601082474305274
weno5l_rk3,185200,0.8600653325934912
weno5l_rk3,185400,0.8600224204223446
weno5l_rk3,185600,0.8599795109117798
weno5l_rk3,185800,0.8599366040565407
weno5l_rk3,186000,0.8598936998514223
weno5l_rk3,186200,0.8598507982912683
weno5l_rk3,186400,0.8598078993709726
weno5l_rk3,186600,0.8597650030854782
weno5l_rk3,186800,0.8597221094297759
weno5l_rk3,187000,0.8596792183989063
weno5l_rk3,187200,0.8596363299879559
weno5l_rk3,187400,0.8595934441920596
weno5l_rk3,187600,0.8595505610063982
weno5l_rk3,187800,0.8595076804261992
weno5l_rk3,188000,0.8594648024467357
weno5l_rk3,188200,0.8594219270633261
weno5l_rk3,188400,0.8593790542713332
weno5l_rk3,188600,0.8593361840661656
weno5l_rk3,188800,0.8592933164432748
weno5l_rk3,189000,0.8592504513981566
weno5l_rk3,189200,0.8592075889263492
weno5l_rk3,189400,0.8591647290234339
weno5l_rk3,189600,0.8591218716850342
weno5l_rk3,189800,0.8590790169068163
weno5l_rk3,190000,0.8590361646844868
weno5l_rk3,190200,0.858993315013794
weno5l_rk3,190400,0.8589504678905265
weno5l_rk3,190600,0.8589076233105134
weno5l_rk3,190800,0.8588647812696242
weno5l_rk3,191000,0.8588219417637669
weno5l_rk3,191200,0.8587791047888887
weno5l_rk3,191400,0.8587362703409765
weno5l_rk3,191600,0.8586934384160548
weno5l_rk3,191800,0.8586506090101867
weno5l_rk3,192000,0.8586077821194718
weno5l_rk3,192200,0.8585649577400476
weno5l_rk3,192400,0.8585221358680883
weno5l_rk3,192600,0.8584793164998056
weno5l_rk3,192800,0.8584364996314457
weno5l_rk3,193000,0.8583936852592916
weno5l_rk3,193200,0.8583508733796614
weno5l_rk3,193400,0.8583080639889084
weno5l_rk3,193600,0.8582652570834207
weno5l_rk3,193800,0.8582224526596212
weno5l_rk3,194000,0.858179650713965
weno5l_rk3,194200,0.8581368512429436
weno5l_rk3,194400,0.8580940542430803
weno5l_rk3,194600,0.8580512597109311
weno5l_rk3,194800,0.8580084676430861
weno5l_rk3,195000,0.8579656780361675
weno5l_rk3,195200,0.8579228908868289
weno5l_rk3,195400,0.8578801061917558
weno5l_rk3,195600,0.857837323947666
weno5l_rk3,195800,0.857794544151308
weno5l_rk3,196000,0.8577517667994603
weno5l_rk3,196200,0.8577089918889335
weno5l_rk3,196400,0.8576662194165673
weno5l_rk3,196600,0.8576234493792325
weno5l_rk3,196800,0.8575806817738285
weno5l_rk3,197000,0.8575379165972843
weno5l_rk3,197200,0.8574951538465584
weno5l_rk3,197400,0.8574523935186381
weno5l_rk3,197600,0.8574096356105383
weno5l_rk3,197800,0.8573668801193034
weno5l_rk3,198000,0.8573241270420053
weno5l_rk3,198200,0.8572813763757431
weno5l_rk3,198400,0.857238628117644
weno5l_rk3,198600,0.8571958822648623
weno5l_rk3,198800,0.8571531388145791
weno5l_rk3,199000,0.8571103977640011
weno5l_rk3,199200,0.8570676591103626
weno5l_rk3,199400,0.8570249228509245
weno5l_rk3,199600,0.8569821889829721
weno5l_rk3,199800,0.8569394575038168
weno5l_rk3,200000,0.856896728410796
