scheme,lambda,index,singular_value,tau
uw1,1.0,0,0.9999999999999998,1.06581410364015e-12
uw1,1.0,1,0.9751914443789799,1.06581410364015e-12
uw1,1.0,2,0.9751914443789793,1.06581410364015e-12
uw1,1.0,3,0.9028925780587778,1.06581410364015e-12
uw1,1.0,4,0.9028925780587775,1.06581410364015e-12
uw1,1.0,5,0.7892750419084588,1.06581410364015e-12
uw1,1.0,6,0.7892750419084585,1.06581410364015e-12
uw1,1.0,7,0.6439505508593798,1.06581410364015e-12
uw1,1.0,8,0.6439505508593786,1.06581410364015e-12
uw1,1.0,9,0.4790324110948551,1.06581410364015e-12
uw1,1.0,10,0.479032411094855,1.06581410364015e-12
uw1,1.0,11,0.30795984417042893,1.06581410364015e-12
uw1,1.0,12,0.3079598441704288,1.06581410364015e-12
uw1,1.0,13,0.23570226039551584,1.06581410364015e-12
uw1,1.0,14,0.23570226039551578,1.06581410364015e-12
uw1,1.0,15,0.23353438902443774,1.06581410364015e-12
uw1,1.0,16,0.2335343890244377,1.06581410364015e-12
uw1,1.0,17,0.20480416247382585,1.06581410364015e-12
uw1,1.0,18,0.20480416247382577,1.06581410364015e-12
uw1,1.0,19,0.19359165114922158,1.06581410364015e-12
uw1,1.0,20,0.19359165114922156,1.06581410364015e-12
uw1,1.0,21,0.17254603006834723,1.06581410364015e-12
uw1,1.0,22,0.17254603006834715,1.06581410364015e-12
uw1,1.0,23,0.16260959207973993,1.06581410364015e-12
uw1,1.0,24,0.16260959207973988,1.06581410364015e-12
uw1,1.0,25,0.1569965670996904,1.06581410364015e-12
uw1,1.0,26,0.15699656709969037,1.06581410364015e-12
uw1,1.0,27,0.1485480985742059,1.06581410364015e-12
uw1,1.0,28,0.14854809857420587,1.06581410364015e-12
uw1,1.0,29,0.1442057494829159,1.06581410364015e-12
uw1,1.0,30,0.14420574948291587,1.06581410364015e-12
uw1,1.0,31,0.1275611441216966,1.06581410364015e-12
uw1,1.0,32,0.12756114412169653,1.06581410364015e-12
uw1,1.0,33,0.11886806295456083,1.06581410364015e-12
uw1,1.0,34,0.11886806295456076,1.06581410364015e-12
uw1,1.0,35,0.11480199670560454,1.06581410364015e-12
uw1,1.0,36,0.11480199670560447,1.06581410364015e-12
uw1,1.0,37,0.07670824178916667,1.06581410364015e-12
uw1,1.0,38,0.07670824178916665,1.06581410364015e-12
uw1,1.0,39,0.07111440576491608,1.06581410364015e-12
uw1,1.0,40,0.07111440576491607,1.06581410364015e-12
uw1,1.0,41,0.06391742417239224,1.06581410364015e-12
uw1,1.0,42,0.06391742417239216,1.06581410364015e-12
uw1,1.0,43,9.635345952074163e-17,1.06581410364015e-12
uw1,1.0,44,5.821722042849251e-17,1.06581410364015e-12
uw1,1.0,45,4.1031555438023826e-17,1.06581410364015e-12
uw1,1.0,46,3.401012183880349e-17,1.06581410364015e-12
uw1,1.0,47,9.572217312720397e-18,1.06581410364015e-12
uw1,0.9,0,1.0,1.0658141036401503e-12
uw1,0.9,1,0.9735334240816862,1.0658141036401503e-12
uw1,0.9,2,0.9735334240816862,1.0658141036401503e-12
uw1,0.9,3,0.8970074480189524,1.0658141036401503e-12
uw1,0.9,4,0.8970074480189514,1.0658141036401503e-12
uw1,0.9,5,0.7791455229002494,1.0658141036401503e-12
uw1,0.9,6,0.7791455229002493,1.0658141036401503e-12
uw1,0.9,7,0.6594420805679305,1.0658141036401503e-12
uw1,0.9,8,0.5911267071999364,1.0658141036401503e-12
uw1,0.9,9,0.45507958061766973,1.0658141036401503e-12
uw1,0.9,10,0.4550795806176691,1.0658141036401503e-12
uw1,0.9,11,0.2887808961710895,1.0658141036401503e-12
uw1,0.9,12,0.28878089617108904,1.0658141036401503e-12
uw1,0.9,13,0.20648741235528065,1.0658141036401503e-12
uw1,0.9,14,0.19890583791492134,1.0658141036401503e-12
uw1,0.9,15,0.19890583791492117,1.0658141036401503e-12
uw1,0.9,16,0.17722120751357603,1.0658141036401503e-12
uw1,0.9,17,0.16592404067447244,1.0658141036401503e-12
uw1,0.9,18,0.16592404067447244,1.0658141036401503e-12
uw1,0.9,19,0.15896586992362832,1.0658141036401503e-12
uw1,0.9,20,0.15896586992362824,1.0658141036401503e-12
uw1,0.9,21,0.13355884729487263,1.0658141036401503e-12
uw1,0.9,22,0.13355884729487244,1.0658141036401503e-12
uw1,0.9,23,0.11995453397458257,1.0658141036401503e-12
uw1,0.9,24,0.11592152018465444,1.0658141036401503e-12
uw1,0.9,25,0.11592152018465435,1.0658141036401503e-12
uw1,0.9,26,0.11122418638844149,1.0658141036401503e-12
uw1,0.9,27,0.11122418638844145,1.0658141036401503e-12
uw1,0.9,28,0.09947789452155002,1.0658141036401503e-12
uw1,0.9,29,0.09947789452155002,1.0658141036401503e-12
uw1,0.9,30,0.0859341447161385,1.0658141036401503e-12
uw1,0.9,31,0.08593414471613843,1.0658141036401503e-12
uw1,0.9,32,0.08252716726261207,1.0658141036401503e-12
uw1,0.9,33,0.07622549618613542,1.0658141036401503e-12
uw1,0.9,34,0.0762254961861354,1.0658141036401503e-12
uw1,0.9,35,0.06044244966459916,1.0658141036401503e-12
uw1,0.9,36,0.06044244966459915,1.0658141036401503e-12
uw1,0.9,37,0.05830441974147603,1.0658141036401503e-12
uw1,0.9,38,0.05830441974147601,1.0658141036401503e-12
uw1,0.9,39,0.047010596763236163,1.0658141036401503e-12
uw1,0.9,40,0.04701059676323612,1.0658141036401503e-12
uw1,0.9,41,0.03153482935827358,1.0658141036401503e-12
uw1,0.9,42,0.03153482935827355,1.0658141036401503e-12
uw1,0.9,43,7.958698152347835e-17,1.0658141036401503e-12
uw1,0.9,44,5.103151274244257e-17,1.0658141036401503e-12
uw1,0.9,45,3.575139850302733e-17,1.0658141036401503e-12
uw1,0.9,46,2.282700209244678e-17,1.0658141036401503e-12
uw1,0.9,47,6.467381137140909e-18,1.0658141036401503e-12
uw1,0.5,0,1.0,1.0658141036401503e-12
uw1,0.5,1,0.9743454201561262,1.0658141036401503e-12
uw1,0.5,2,0.974345420156126,1.0658141036401503e-12
uw1,0.5,3,0.9045486712870221,1.0658141036401503e-12
uw1,0.5,4,0.9045486712870221,1.0658141036401503e-12
uw1,0.5,5,0.8156334635221393,1.0658141036401503e-12
uw1,0.5,6,0.8156334635221392,1.0658141036401503e-12
uw1,0.5,7,0.7670688025897942,1.0658141036401503e-12
uw1,0.5,8,0.3829014871077046,1.0658141036401503e-12
uw1,0.5,9,0.32903705818374335,1.0658141036401503e-12
uw1,0.5,10,0.3290370581837433,1.0658141036401503e-12
uw1,0.5,11,0.22059165727217653,1.0658141036401503e-12
uw1,0.5,12,0.22059165727217636,1.0658141036401503e-12
uw1,0.5,13,0.11223469598957436,1.0658141036401503e-12
uw1,0.5,14,0.10720858624041574,1.0658141036401503e-12
uw1,0.5,15,0.10720858624041571,1.0658141036401503e-12
uw1,0.5,16,0.10512899470904648,1.0658141036401503e-12
uw1,0.5,17,0.10512899470904644,1.0658141036401503e-12
uw1,0.5,18,0.08336438483866859,1.0658141036401503e-12
uw1,0.5,19,0.08336438483866838,1.0658141036401503e-12
uw1,0.5,20,0.04693454812420284,1.0658141036401503e-12
uw1,0.5,21,0.04693454812420284,1.0658141036401503e-12
uw1,0.5,22,0.040514884440349425,1.0658141036401503e-12
uw1,0.5,23,0.03731946840358316,1.0658141036401503e-12
uw1,0.5,24,0.03731946840358305,1.0658141036401503e-12
uw1,0.5,25,0.028361940652157747,1.0658141036401503e-12
uw1,0.5,26,0.028361940652157615,1.0658141036401503e-12
uw1,0.5,27,0.015243911442540352,1.0658141036401503e-12
uw1,0.5,28,0.015243911442540345,1.0658141036401503e-12
uw1,0.5,29,0.01001652011098029,1.0658141036401503e-12
uw1,0.5,30,0.009256526479787202,1.0658141036401503e-12
uw1,0.5,31,0.00925652647978717,1.0658141036401503e-12
uw1,0.5,32,0.007089209562911952,1.0658141036401503e-12
uw1,0.5,33,0.007089209562911947,1.0658141036401503e-12
uw1,0.5,34,0.003839133717191216,1.0658141036401503e-12
uw1,0.5,35,0.003839133717191195,1.0658141036401503e-12
uw1,0.5,36,0.001564633273387983,1.0658141036401503e-12
uw1,0.5,37,0.0014455176981414616,1.0658141036401503e-12
uw1,0.5,38,0.0014455176981414222,1.0658141036401503e-12
uw1,0.5,39,0.001106323710088683,1.0658141036401503e-12
uw1,0.5,40,0.0011063237100886738,1.0658141036401503e-12
uw1,0.5,41,0.0005987231212840026,1.0658141036401503e-12
uw1,0.5,42,0.0005987231212839934,1.0658141036401503e-12
uw1,0.5,43,5.2522650084096996e-17,1.0658141036401503e-12
uw1,0.5,44,4.7133489778099154e-17,1.0658141036401503e-12
uw1,0.5,45,3.144256322631978e-17,1.0658141036401503e-12
uw1,0.5,46,1.1852276834486813e-17,1.0658141036401503e-12
uw1,0.5,47,1.0026812132397289e-18,1.0658141036401503e-12
uw1,0.1,0,1.0000000000000002,1.0658141036401505e-12
uw1,0.1,1,0.9903536829690768,1.0658141036401505e-12
uw1,0.1,2,0.9903536829690763,1.0658141036401505e-12
uw1,0.1,3,0.966520505973125,1.0658141036401505e-12
uw1,0.1,4,0.966520505973125,1.0658141036401505e-12
uw1,0.1,5,0.9418393324585701,1.0658141036401505e-12
uw1,0.1,6,0.9418393324585698,1.0658141036401505e-12
uw1,0.1,7,0.9313413218410783,1.0658141036401505e-12
uw1,0.1,8,0.10988996650024034,1.0658141036401505e-12
uw1,0.1,9,0.10030894505327467,1.0658141036401505e-12
uw1,0.1,10,0.10030894505327467,1.0658141036401505e-12
uw1,0.1,11,0.07466018845578452,1.0658141036401505e-12
uw1,0.1,12,0.0746601884557844,1.0658141036401505e-12
uw1,0.1,13,0.03935268048873971,1.0658141036401505e-12
uw1,0.1,14,0.03935268048873964,1.0658141036401505e-12
uw1,0.1,15,0.008140121017759235,1.0658141036401505e-12
uw1,0.1,16,0.007527076789300987,1.0658141036401505e-12
uw1,0.1,17,0.007527076789300976,1.0658141036401505e-12
uw1,0.1,18,0.0057732008870184925,1.0658141036401505e-12
uw1,0.1,19,0.005773200887018476,1.0658141036401505e-12
uw1,0.1,20,0.003131094484020694,1.0658141036401505e-12
uw1,0.1,21,0.0031310944840206873,1.0658141036401505e-12
uw1,0.1,22,0.0003857368505091591,1.0658141036401505e-12
uw1,0.1,23,0.0003563623595934131,1.0658141036401505e-12
uw1,0.1,24,0.00035636235959339346,1.0658141036401505e-12
uw1,0.1,25,0.0002727257329990665,1.0658141036401505e-12
uw1,0.1,26,0.0002727257329990559,1.0658141036401505e-12
uw1,0.1,27,0.00014758608682643645,1.0658141036401505e-12
uw1,0.1,28,0.00014758608682641556,1.0658141036401505e-12
uw1,0.1,29,1.1434718371151796e-05,1.0658141036401505e-12
uw1,0.1,30,1.056430923075259e-05,1.0658141036401505e-12
uw1,0.1,31,1.0564309230712735e-05,1.0658141036401505e-12
uw1,0.1,32,8.085585108475063e-06,1.0658141036401505e-12
uw1,0.1,33,8.085585108418898e-06,1.0658141036401505e-12
uw1,0.1,34,4.375894095764921e-06,1.0658141036401505e-12
uw1,0.1,35,4.3758940957293735e-06,1.0658141036401505e-12
uw1,0.1,36,1.8665004474867876e-07,1.0658141036401505e-12
uw1,0.1,37,1.724421551426398e-07,1.0658141036401505e-12
uw1,0.1,38,1.7244215512211791e-07,1.0658141036401505e-12
uw1,0.1,39,1.3198150982308014e-07,1.0658141036401505e-12
uw1,0.1,40,1.3198150980875795e-07,1.0658141036401505e-12
uw1,0.1,41,7.14278774477262e-08,1.0658141036401505e-12
uw1,0.1,42,7.142787743849891e-08,1.0658141036401505e-12
uw1,0.1,43,6.799178153907058e-17,1.0658141036401505e-12
uw1,0.1,44,3.7760659573222387e-17,1.0658141036401505e-12
uw1,0.1,45,2.9796613755598063e-17,1.0658141036401505e-12
uw1,0.1,46,2.395355691835193e-17,1.0658141036401505e-12
uw1,0.1,47,7.415353859239567e-18,1.0658141036401505e-12
uw1,0.05,0,0.9999999999999999,1.06581410364015e-12
uw1,0.05,1,0.9946110438825835,1.06581410364015e-12
uw1,0.05,2,0.9946110438825833,1.06581410364015e-12
uw1,0.05,3,0.981455750081889,1.06581410364015e-12
uw1,0.05,4,0.9814557500818888,1.06581410364015e-12
uw1,0.05,5,0.9680860109687228,1.06581410364015e-12
uw1,0.05,6,0.9680860109687226,1.06581410364015e-12
uw1,0.05,7,0.9624824213780692,1.06581410364015e-12
uw1,0.05,8,0.05897716702292432,1.06581410364015e-12
uw1,0.05,9,0.05416009378570305,1.06581410364015e-12
uw1,0.05,10,0.05416009378570304,1.06581410364015e-12
uw1,0.05,11,0.04086521480391564,1.06581410364015e-12
uw1,0.05,12,0.040865214803915625,1.06581410364015e-12
uw1,0.05,13,0.021811579270562046,1.06581410364015e-12
uw1,0.05,14,0.021811579270561952,1.06581410364015e-12
uw1,0.05,15,0.002160353694640169,1.06581410364015e-12
uw1,0.05,16,0.001996368952734456,1.06581410364015e-12
uw1,0.05,17,0.0019963689527344557,1.06581410364015e-12
uw1,0.05,18,0.001528810068512656,1.06581410364015e-12
uw1,0.05,19,0.0015288100685126422,1.06581410364015e-12
uw1,0.05,20,0.000827849791959126,1.06581410364015e-12
uw1,0.05,21,0.0008278497919591008,1.06581410364015e-12
uw1,0.05,22,4.841488350930713e-05,1.06581410364015e-12
uw1,0.05,23,4.472932298991713e-05,1.06581410364015e-12
uw1,0.05,24,4.4729322989899615e-05,1.06581410364015e-12
uw1,0.05,25,3.4233977784527765e-05,1.06581410364015e-12
uw1,0.05,26,3.423397778448683e-05,1.06581410364015e-12
uw1,0.05,27,1.852709832716585e-05,1.06581410364015e-12
uw1,0.05,28,1.8527098327145655e-05,1.06581410364015e-12
uw1,0.05,29,6.783108357647458e-07,1.06581410364015e-12
uw1,0.05,30,6.266775245224018e-07,1.06581410364015e-12
uw1,0.05,31,6.266775244929545e-07,1.06581410364015e-12
uw1,0.05,32,4.796382613834709e-07,1.06581410364015e-12
uw1,0.05,33,4.796382613456893e-07,1.06581410364015e-12
uw1,0.05,34,2.5957838319481833e-07,1.06581410364015e-12
uw1,0.05,35,2.595783831465934e-07,1.06581410364015e-12
uw1,0.05,36,5.197366264827896e-09,1.06581410364015e-12
uw1,0.05,37,4.801740305015883e-09,1.06581410364015e-12
uw1,0.05,38,4.8017402907019015e-09,1.06581410364015e-12
uw1,0.05,39,3.6750929222789047e-09,1.06581410364015e-12
uw1,0.05,40,3.6750929082593985e-09,1.06581410364015e-12
uw1,0.05,41,1.988945963246525e-09,1.06581410364015e-12
uw1,0.05,42,1.9889459359005015e-09,1.06581410364015e-12
uw1,0.05,43,5.672501979217158e-17,1.06581410364015e-12
uw1,0.05,44,3.014337982640973e-17,1.06581410364015e-12
uw1,0.05,45,2.407365100002985e-17,1.06581410364015e-12
uw1,0.05,46,2.0086085386607328e-17,1.06581410364015e-12
uw1,0.05,47,3.2879308695701824e-18,1.06581410364015e-12
uw1,0.01,0,0.9999999999999998,1.06581410364015e-12
uw1,0.01,1,0.9988109632958924,1.06581410364015e-12
uw1,0.01,2,0.9988109632958921,1.06581410364015e-12
uw1,0.01,3,0.9959342975244059,1.06581410364015e-12
uw1,0.01,4,0.9959342975244059,1.06581410364015e-12
uw1,0.01,5,0.9930489725525522,1.06581410364015e-12
uw1,0.01,6,0.9930489725525521,1.06581410364015e-12
uw1,0.01,7,0.9918512764321055,1.06581410364015e-12
uw1,0.01,8,0.012532424193661003,1.06581410364015e-12
uw1,0.01,9,0.011564374308814478,1.06581410364015e-12
uw1,0.01,10,0.011564374308814475,1.06581410364015e-12
uw1,0.01,11,0.008825141493663166,1.06581410364015e-12
uw1,0.01,12,0.008825141493663154,1.06581410364015e-12
uw1,0.01,13,0.004762265741898069,1.06581410364015e-12
uw1,0.01,14,0.004762265741898054,1.06581410364015e-12
uw1,0.01,15,9.018587546290812e-05,1.06581410364015e-12
uw1,0.01,16,8.332168985577552e-05,1.06581410364015e-12
uw1,0.01,17,8.332168985574817e-05,1.06581410364015e-12
uw1,0.01,18,6.377314877686131e-05,1.06581410364015e-12
uw1,0.01,19,6.377314877685813e-05,1.06581410364015e-12
uw1,0.01,20,3.451458490267133e-05,1.06581410364015e-12
uw1,0.01,21,3.45145849026351e-05,1.06581410364015e-12
uw1,0.01,22,3.8742859359119655e-07,1.06581410364015e-12
uw1,0.01,23,3.579373349278382e-07,1.06581410364015e-12
uw1,0.01,24,3.5793733487167076e-07,1.06581410364015e-12
uw1,0.01,25,2.739533517773953e-07,1.06581410364015e-12
uw1,0.01,26,2.739533517492018e-07,1.06581410364015e-12
uw1,0.01,27,1.4826247258809018e-07,1.06581410364015e-12
uw1,0.01,28,1.482624725618948e-07,1.06581410364015e-12
uw1,0.01,29,1.0398700897195645e-09,1.06581410364015e-12
uw1,0.01,30,9.607147017901544e-10,1.06581410364015e-12
uw1,0.01,31,9.607146810419443e-10,1.06581410364015e-12
uw1,0.01,32,7.352992131425953e-10,1.06581410364015e-12
uw1,0.01,33,7.352991855008495e-10,1.06581410364015e-12
uw1,0.01,34,3.9794105829184106e-10,1.06581410364015e-12
uw1,0.01,35,3.979410404786669e-10,1.06581410364015e-12
uw1,0.01,36,1.5186191683710848e-12,1.06581410364015e-12
uw1,0.01,37,1.4030381240436752e-12,1.06581410364015e-12
uw1,0.01,38,1.4030185076782345e-12,1.06581410364015e-12
uw1,0.01,39,1.0738331531964962e-12,1.06581410364015e-12
uw1,0.01,40,1.073818874587254e-12,1.06581410364015e-12
uw1,0.01,41,5.811486748803495e-13,1.06581410364015e-12
uw1,0.01,42,5.81147096847464e-13,1.06581410364015e-12
uw1,0.01,43,5.114306119830707e-17,1.06581410364015e-12
uw1,0.01,44,3.544021531196964e-17,1.06581410364015e-12
uw1,0.01,45,2.269234669606892e-17,1.06581410364015e-12
uw1,0.01,46,1.6120229530222736e-17,1.06581410364015e-12
uw1,0.01,47,7.193715729774898e-18,1.06581410364015e-12
uw1,0.001,0,1.0,1.0658141036401503e-12
uw1,0.001,1,0.9998782817373645,1.0658141036401503e-12
uw1,0.001,2,0.999878281737364,1.0658141036401503e-12
uw1,0.001,3,0.9995843665353239,1.0658141036401503e-12
uw1,0.001,4,0.9995843665353239,1.0658141036401503e-12
uw1,0.001,5,0.9992903645493911,1.0658141036401503e-12
uw1,0.001,6,0.9992903645493908,1.0658141036401503e-12
uw1,0.001,7,0.999168559502843,1.0658141036401503e-12
uw1,0.001,8,0.0012709458791802916,1.0658141036401503e-12
uw1,0.001,9,0.0011740576450755672,1.0658141036401503e-12
uw1,0.001,10,0.0011740576450755668,1.0658141036401503e-12
uw1,0.001,11,0.0008983203118044951,1.0658141036401503e-12
uw1,0.001,12,0.000898320311804458,1.0658141036401503e-12
uw1,0.001,13,0.0004860244256306066,1.0658141036401503e-12
uw1,0.001,14,0.0004860244256305973,1.0658141036401503e-12
uw1,0.001,15,9.099509738301209e-07,1.0658141036401503e-12
uw1,0.001,16,8.406851623113415e-07,1.0658141036401503e-12
uw1,0.001,17,8.406851622993985e-07,1.0658141036401503e-12
uw1,0.001,18,6.434327184245228e-07,1.0658141036401503e-12
uw1,0.001,19,6.434327183902038e-07,1.0658141036401503e-12
uw1,0.001,20,3.4822335992831713e-07,1.0658141036401503e-12
uw1,0.001,21,3.4822335989823586e-07,1.0658141036401503e-12
uw1,0.001,22,3.873141661341913e-10,1.0658141036401503e-12
uw1,0.001,23,3.578316355138074e-10,1.0658141036401503e-12
uw1,0.001,24,3.578316092141482e-10,1.0658141036401503e-12
uw1,0.001,25,2.7387247897678166e-10,1.0658141036401503e-12
uw1,0.001,26,2.738724547216873e-10,1.0658141036401503e-12
uw1,0.001,27,1.4821870593010347e-10,1.0658141036401503e-12
uw1,0.001,28,1.4821869649958853e-10,1.0658141036401503e-12
uw1,0.001,29,1.0298722614583157e-13,1.0658141036401503e-12
uw1,0.001,30,9.515162794850681e-14,1.0658141036401503e-12
uw1,0.001,31,9.513578545632686e-14,1.0658141036401503e-12
uw1,0.001,32,7.283509793303203e-14,1.0658141036401503e-12
uw1,0.001,33,7.280352205239772e-14,1.0658141036401503e-12
uw1,0.001,34,3.941298112924896e-14,1.0658141036401503e-12
uw1,0.001,35,3.940650256136724e-14,1.0658141036401503e-12
uw1,0.001,36,7.226876599529916e-17,1.0658141036401503e-12
uw1,0.001,37,6.752130722276293e-17,1.0658141036401503e-12
uw1,0.001,38,4.611502794014399e-17,1.0658141036401503e-12
uw1,0.001,39,3.5995255454632536e-17,1.0658141036401503e-12
uw1,0.001,40,3.266962590416423e-17,1.0658141036401503e-12
uw1,0.001,41,2.7639207465566254e-17,1.0658141036401503e-12
uw1,0.001,42,2.3322767992126016e-17,1.0658141036401503e-12
uw1,0.001,43,1.859147834913018e-17,1.0658141036401503e-12
uw1,0.001,44,1.2972375323542258e-17,1.0658141036401503e-12
uw1,0.001,45,7.582163486863957e-18,1.0658141036401503e-12
uw1,0.001,46,6.2265050918807364e-18,1.0658141036401503e-12
uw1,0.001,47,2.8667182574911686e-18,1.0658141036401503e-12
lw,1.0,0,0.9999999999999998,1.06581410364015e-12
lw,1.0,1,0.9751914443789799,1.06581410364015e-12
lw,1.0,2,0.9751914443789793,1.06581410364015e-12
lw,1.0,3,0.9028925780587778,1.06581410364015e-12
lw,1.0,4,0.9028925780587775,1.06581410364015e-12
lw,1.0,5,0.7892750419084588,1.06581410364015e-12
lw,1.0,6,0.7892750419084585,1.06581410364015e-12
lw,1.0,7,0.6439505508593798,1.06581410364015e-12
lw,1.0,8,0.6439505508593786,1.06581410364015e-12
lw,1.0,9,0.4790324110948551,1.06581410364015e-12
lw,1.0,10,0.479032411094855,1.06581410364015e-12
lw,1.0,11,0.30795984417042893,1.06581410364015e-12
lw,1.0,12,0.3079598441704288,1.06581410364015e-12
lw,1.0,13,0.23570226039551584,1.06581410364015e-12
lw,1.0,14,0.23570226039551578,1.06581410364015e-12
lw,1.0,15,0.23353438902443774,1.06581410364015e-12
lw,1.0,16,0.2335343890244377,1.06581410364015e-12
lw,1.0,17,0.20480416247382585,1.06581410364015e-12
lw,1.0,18,0.20480416247382577,1.06581410364015e-12
lw,1.0,19,0.19359165114922158,1.06581410364015e-12
lw,1.0,20,0.19359165114922156,1.06581410364015e-12
lw,1.0,21,0.17254603006834723,1.06581410364015e-12
lw,1.0,22,0.17254603006834715,1.06581410364015e-12
lw,1.0,23,0.16260959207973993,1.06581410364015e-12
lw,1.0,24,0.16260959207973988,1.06581410364015e-12
lw,1.0,25,0.1569965670996904,1.06581410364015e-12
lw,1.0,26,0.15699656709969037,1.06581410364015e-12
lw,1.0,27,0.1485480985742059,1.06581410364015e-12
lw,1.0,28,0.14854809857420587,1.06581410364015e-12
lw,1.0,29,0.1442057494829159,1.06581410364015e-12
lw,1.0,30,0.14420574948291587,1.06581410364015e-12
lw,1.0,31,0.1275611441216966,1.06581410364015e-12
lw,1.0,32,0.12756114412169653,1.06581410364015e-12
lw,1.0,33,0.11886806295456083,1.06581410364015e-12
lw,1.0,34,0.11886806295456076,1.06581410364015e-12
lw,1.0,35,0.11480199670560454,1.06581410364015e-12
lw,1.0,36,0.11480199670560447,1.06581410364015e-12
lw,1.0,37,0.07670824178916667,1.06581410364015e-12
lw,1.0,38,0.07670824178916665,1.06581410364015e-12
lw,1.0,39,0.07111440576491608,1.06581410364015e-12
lw,1.0,40,0.07111440576491607,1.06581410364015e-12
lw,1.0,41,0.06391742417239224,1.06581410364015e-12
lw,1.0,42,0.06391742417239216,1.06581410364015e-12
lw,1.0,43,9.635345952074163e-17,1.06581410364015e-12
lw,1.0,44,5.821722042849251e-17,1.06581410364015e-12
lw,1.0,45,4.1031555438023826e-17,1.06581410364015e-12
lw,1.0,46,3.401012183880349e-17,1.06581410364015e-12
lw,1.0,47,9.572217312720397e-18,1.06581410364015e-12
lw,0.9,0,1.0,1.0658141036401503e-12
lw,0.9,1,0.9755982002922332,1.0658141036401503e-12
lw,0.9,2,0.9755982002922329,1.0658141036401503e-12
lw,0.9,3,0.9044435828278428,1.0658141036401503e-12
lw,0.9,4,0.9044435828278418,1.0658141036401503e-12
lw,0.9,5,0.7932018825291981,1.0658141036401503e-12
lw,0.9,6,0.7932018825291978,1.0658141036401503e-12
lw,0.9,7,0.6800016709796399,1.0658141036401503e-12
lw,0.9,8,0.6069377399431292,1.0658141036401503e-12
lw,0.9,9,0.4736886924218102,1.0658141036401503e-12
lw,0.9,10,0.47368869242181016,1.0658141036401503e-12
lw,0.9,11,0.3043000516023786,1.0658141036401503e-12
lw,0.9,12,0.3043000516023786,1.0658141036401503e-12
lw,0.9,13,0.21699532822404566,1.0658141036401503e-12
lw,0.9,14,0.20929979307406185,1.0658141036401503e-12
lw,0.9,15,0.2092997930740618,1.0658141036401503e-12
lw,0.9,16,0.17537653846489598,1.0658141036401503e-12
lw,0.9,17,0.1753765384648959,1.0658141036401503e-12
lw,0.9,18,0.17236846736030467,1.0658141036401503e-12
lw,0.9,19,0.15379931867116867,1.0658141036401503e-12
lw,0.9,20,0.1537993186711685,1.0658141036401503e-12
lw,0.9,21,0.14234057041531528,1.0658141036401503e-12
lw,0.9,22,0.1423405704153152,1.0658141036401503e-12
lw,0.9,23,0.11045838679366342,1.0658141036401503e-12
lw,0.9,24,0.11045838679366338,1.0658141036401503e-12
lw,0.9,25,0.10526321747642944,1.0658141036401503e-12
lw,0.9,26,0.10526321747642943,1.0658141036401503e-12
lw,0.9,27,0.09195204054508838,1.0658141036401503e-12
lw,0.9,28,0.08558818399309695,1.0658141036401503e-12
lw,0.9,29,0.08558818399309687,1.0658141036401503e-12
lw,0.9,30,0.06678212597500427,1.0658141036401503e-12
lw,0.9,31,0.06678212597500424,1.0658141036401503e-12
lw,0.9,32,0.056705971708295375,1.0658141036401503e-12
lw,0.9,33,0.056705971708295354,1.0658141036401503e-12
lw,0.9,34,0.046097120016570466,1.0658141036401503e-12
lw,0.9,35,0.042544352925205656,1.0658141036401503e-12
lw,0.9,36,0.04254435292520564,1.0658141036401503e-12
lw,0.9,37,0.036934365043115605,1.0658141036401503e-12
lw,0.9,38,0.03693436504311556,1.0658141036401503e-12
lw,0.9,39,0.03248218926937227,1.0658141036401503e-12
lw,0.9,40,0.03248218926937225,1.0658141036401503e-12
lw,0.9,41,0.017536865074932868,1.0658141036401503e-12
lw,0.9,42,0.017536865074932854,1.0658141036401503e-12
lw,0.9,43,5.709370933285229e-17,1.0658141036401503e-12
lw,0.9,44,4.173857982200125e-17,1.0658141036401503e-12
lw,0.9,45,3.223687023764783e-17,1.0658141036401503e-12
lw,0.9,46,2.307913432328179e-17,1.0658141036401503e-12
lw,0.9,47,4.100176876780328e-18,1.0658141036401503e-12
lw,0.5,0,0.9999999999999997,1.0658141036401499e-12
lw,0.5,1,0.9839604141615809,1.0658141036401499e-12
lw,0.5,2,0.9839604141615806,1.0658141036401499e-12
lw,0.5,3,0.9387833327065306,1.0658141036401499e-12
lw,0.5,4,0.9387833327065304,1.0658141036401499e-12
lw,0.5,5,0.8788675036108102,1.0658141036401499e-12
lw,0.5,6,0.8788675036108101,1.0658141036401499e-12
lw,0.5,7,0.8459540287187511,1.0658141036401499e-12
lw,0.5,8,0.4281791188712206,1.0658141036401499e-12
lw,0.5,9,0.3751579822651266,1.0658141036401499e-12
lw,0.5,10,0.37515798226512614,1.0658141036401499e-12
lw,0.5,11,0.25850129897064694,1.0658141036401499e-12
lw,0.5,12,0.25850129897064694,1.0658141036401499e-12
lw,0.5,13,0.12759051187579978,1.0658141036401499e-12
lw,0.5,14,0.12759051187579978,1.0658141036401499e-12
lw,0.5,15,0.09192846950060923,1.0658141036401499e-12
lw,0.5,16,0.08877911536666802,1.0658141036401499e-12
lw,0.5,17,0.08877911536666797,1.0658141036401499e-12
lw,0.5,18,0.07527073127767053,1.0658141036401499e-12
lw,0.5,19,0.07527073127767046,1.0658141036401499e-12
lw,0.5,20,0.04501573597842215,1.0658141036401499e-12
lw,0.5,21,0.04501573597842213,1.0658141036401499e-12
lw,0.5,22,0.02215018248249411,1.0658141036401499e-12
lw,0.5,23,0.019522922053029267,1.0658141036401499e-12
lw,0.5,24,0.01952292205302926,1.0658141036401499e-12
lw,0.5,25,0.013422333817179817,1.0658141036401499e-12
lw,0.5,26,0.013422333817179784,1.0658141036401499e-12
lw,0.5,27,0.0065655594999958836,1.0658141036401499e-12
lw,0.5,28,0.006565559499995877,1.0658141036401499e-12
lw,0.5,29,0.00228994040815129,1.0658141036401499e-12
lw,0.5,30,0.0021346924170672554,1.0658141036401499e-12
lw,0.5,31,0.0021346924170672155,1.0658141036401499e-12
lw,0.5,32,0.0016673357719106739,1.0658141036401499e-12
lw,0.5,33,0.0016673357719106344,1.0658141036401499e-12
lw,0.5,34,0.0009191894771543884,1.0658141036401499e-12
lw,0.5,35,0.0009191894771543403,1.0658141036401499e-12
lw,0.5,36,0.00017127331165255727,1.0658141036401499e-12
lw,0.5,37,0.00015842703640732086,1.0658141036401499e-12
lw,0.5,38,0.00015842703640730265,1.0658141036401499e-12
lw,0.5,39,0.00012137227521408835,1.0658141036401499e-12
lw,0.5,40,0.00012137227521407835,1.0658141036401499e-12
lw,0.5,41,6.556998367115445e-05,1.0658141036401499e-12
lw,0.5,42,6.556998367114196e-05,1.0658141036401499e-12
lw,0.5,43,5.991064978262531e-17,1.0658141036401499e-12
lw,0.5,44,4.652097262836247e-17,1.0658141036401499e-12
lw,0.5,45,2.924327247098977e-17,1.0658141036401499e-12
lw,0.5,46,1.3469986989284756e-17,1.0658141036401499e-12
lw,0.5,47,3.7762800372801997e-19,1.0658141036401499e-12
lw,0.1,0,1.0,1.0658141036401503e-12
lw,0.1,1,0.9989104056669451,1.0658141036401503e-12
lw,0.1,2,0.9989104056669449,1.0658141036401503e-12
lw,0.1,3,0.995992330730821,1.0658141036401503e-12
lw,0.1,4,0.9959923307308208,1.0658141036401503e-12
lw,0.1,5,0.9926556604516661,1.0658141036401503e-12
lw,0.1,6,0.9926556604516658,1.0658141036401503e-12
lw,0.1,7,0.9911469335856847,1.0658141036401503e-12
lw,0.1,8,0.0981563671378187,1.0658141036401503e-12
lw,0.1,9,0.08837827899430523,1.0658141036401503e-12
lw,0.1,10,0.08837827899430518,1.0658141036401503e-12
lw,0.1,11,0.06324029463074425,1.0658141036401503e-12
lw,0.1,12,0.06324029463074418,1.0658141036401503e-12
lw,0.1,13,0.031709176391136205,1.0658141036401503e-12
lw,0.1,14,0.03170917639113619,1.0658141036401503e-12
lw,0.1,15,0.003035273028664622,1.0658141036401503e-12
lw,0.1,16,0.003035273028664596,1.0658141036401503e-12
lw,0.1,17,0.003006263436609646,1.0658141036401503e-12
lw,0.1,18,0.0028149134961253258,1.0658141036401503e-12
lw,0.1,19,0.002814913496125318,1.0658141036401503e-12
lw,0.1,20,0.001815205781892634,1.0658141036401503e-12
lw,0.1,21,0.0018152057818926286,1.0658141036401503e-12
lw,0.1,22,0.00011443207908656997,1.0658141036401503e-12
lw,0.1,23,9.216596755585286e-05,1.0658141036401503e-12
lw,0.1,24,9.216596755579447e-05,1.0658141036401503e-12
lw,0.1,25,4.9032649326974195e-05,1.0658141036401503e-12
lw,0.1,26,4.903264932695151e-05,1.0658141036401503e-12
lw,0.1,27,1.52077803284696e-05,1.0658141036401503e-12
lw,0.1,28,1.5207780328435959e-05,1.0658141036401503e-12
lw,0.1,29,6.626685748431485e-07,1.0658141036401503e-12
lw,0.1,30,6.626685748147067e-07,1.0658141036401503e-12
lw,0.1,31,6.327326696220867e-07,1.0658141036401503e-12
lw,0.1,32,6.327326696034806e-07,1.0658141036401503e-12
lw,0.1,33,4.805496481182209e-07,1.0658141036401503e-12
lw,0.1,34,2.75542524770646e-07,1.0658141036401503e-12
lw,0.1,35,2.755425247640556e-07,1.0658141036401503e-12
lw,0.1,36,5.681154739953645e-09,1.0658141036401503e-12
lw,0.1,37,5.681154680136819e-09,1.0658141036401503e-12
lw,0.1,38,5.414181232996853e-09,1.0658141036401503e-12
lw,0.1,39,5.414181223613057e-09,1.0658141036401503e-12
lw,0.1,40,4.123040327763232e-09,1.0658141036401503e-12
lw,0.1,41,2.3532083028255425e-09,1.0658141036401503e-12
lw,0.1,42,2.3532082670722645e-09,1.0658141036401503e-12
lw,0.1,43,4.692099401607274e-17,1.0658141036401503e-12
lw,0.1,44,4.0407464364963754e-17,1.0658141036401503e-12
lw,0.1,45,2.885399798256706e-17,1.0658141036401503e-12
lw,0.1,46,8.150901602124134e-18,1.0658141036401503e-12
lw,0.1,47,1.3158546027266565e-18,1.0658141036401503e-12
lw,0.05,0,0.9999999999999998,1.06581410364015e-12
lw,0.05,1,0.9997220180725006,1.06581410364015e-12
lw,0.05,2,0.9997220180724997,1.06581410364015e-12
lw,0.05,3,0.9989792213998554,1.06581410364015e-12
lw,0.05,4,0.9989792213998553,1.06581410364015e-12
lw,0.05,5,0.9981342912643357,1.06581410364015e-12
lw,0.05,6,0.9981342912643357,1.06581410364015e-12
lw,0.05,7,0.9977541482492855,1.06581410364015e-12
lw,0.05,8,0.04924592395435286,1.06581410364015e-12
lw,0.05,9,0.04436488590536339,1.06581410364015e-12
lw,0.05,10,0.04436488590536338,1.06581410364015e-12
lw,0.05,11,0.031773427997903315,1.06581410364015e-12
lw,0.05,12,0.0317734279979033,1.06581410364015e-12
lw,0.05,13,0.015933046311659853,1.06581410364015e-12
lw,0.05,14,0.015933046311659836,1.06581410364015e-12
lw,0.05,15,0.0007488621859201647,1.06581410364015e-12
lw,0.05,16,0.0007488621859201508,1.06581410364015e-12
lw,0.05,17,0.0007391969118365455,1.06581410364015e-12
lw,0.05,18,0.0006988879966136821,1.06581410364015e-12
lw,0.05,19,0.0006988879966136459,1.06581410364015e-12
lw,0.05,20,0.0004529675013143913,1.06581410364015e-12
lw,0.05,21,0.0004529675013143634,1.06581410364015e-12
lw,0.05,22,1.4057131622342113e-05,1.06581410364015e-12
lw,0.05,23,1.1236193219184419e-05,1.06581410364015e-12
lw,0.05,24,1.1236193219171483e-05,1.06581410364015e-12
lw,0.05,25,5.813368184429403e-06,1.06581410364015e-12
lw,0.05,26,5.813368184426241e-06,1.06581410364015e-12
lw,0.05,27,1.6109002736633652e-06,1.06581410364015e-12
lw,0.05,28,1.6109002736286756e-06,1.06581410364015e-12
lw,0.05,29,3.598594301071352e-08,1.06581410364015e-12
lw,0.05,30,3.598594296960285e-08,1.06581410364015e-12
lw,0.05,31,3.461364146927197e-08,1.06581410364015e-12
lw,0.05,32,3.461364144980509e-08,1.06581410364015e-12
lw,0.05,33,1.4826723852803709e-08,1.06581410364015e-12
lw,0.05,34,1.4351745004343749e-08,1.06581410364015e-12
lw,0.05,35,1.435174498638545e-08,1.06581410364015e-12
lw,0.05,36,1.5094619464831598e-10,1.06581410364015e-12
lw,0.05,37,1.5094617833288068e-10,1.06581410364015e-12
lw,0.05,38,1.4526191050632498e-10,1.06581410364015e-12
lw,0.05,39,1.4526188431684096e-10,1.06581410364015e-12
lw,0.05,40,6.223546342919647e-11,1.06581410364015e-12
lw,0.05,41,6.0169445995053e-11,1.06581410364015e-12
lw,0.05,42,6.016943044368839e-11,1.06581410364015e-12
lw,0.05,43,6.24039537786092e-17,1.06581410364015e-12
lw,0.05,44,5.059320273870903e-17,1.06581410364015e-12
lw,0.05,45,3.49422706635788e-17,1.06581410364015e-12
lw,0.05,46,1.2830335700496928e-17,1.06581410364015e-12
lw,0.05,47,5.349990240506006e-18,1.06581410364015e-12
lw,0.01,0,1.0000000000000002,1.0658141036401505e-12
lw,0.01,1,0.9999888076504055,1.0658141036401505e-12
lw,0.01,2,0.9999888076504053,1.0658141036401505e-12
lw,0.01,3,0.9999589223619489,1.0658141036401505e-12
lw,0.01,4,0.9999589223619487,1.0658141036401505e-12
lw,0.01,5,0.9999249847625402,1.0658141036401505e-12
lw,0.01,6,0.99992498476254,1.0658141036401505e-12
lw,0.01,7,0.9999097400608419,1.0658141036401505e-12
lw,0.01,8,0.009859697384200361,1.0658141036401505e-12
lw,0.01,9,0.00888399242662739,1.0658141036401505e-12
lw,0.01,10,0.008883992426627352,1.0658141036401505e-12
lw,0.01,11,0.006364290504931235,1.0658141036401505e-12
lw,0.01,12,0.006364290504931216,1.0658141036401505e-12
lw,0.01,13,0.0031914962782419315,1.0658141036401505e-12
lw,0.01,14,0.0031914962782419094,1.0658141036401505e-12
lw,0.01,15,2.9822706024564272e-05,1.0658141036401505e-12
lw,0.01,16,2.9822706024526477e-05,1.0658141036401505e-12
lw,0.01,17,2.94041185784577e-05,1.0658141036401505e-12
lw,0.01,18,2.789136414204445e-05,1.0658141036401505e-12
lw,0.01,19,2.7891364142013337e-05,1.0658141036401505e-12
lw,0.01,20,1.8107584530003845e-05,1.0658141036401505e-12
lw,0.01,21,1.8107584529989496e-05,1.0658141036401505e-12
lw,0.01,22,1.1182949617414889e-07,1.0658141036401505e-12
lw,0.01,23,8.915743932646718e-08,1.0658141036401505e-12
lw,0.01,24,8.91574392972915e-08,1.0658141036401505e-12
lw,0.01,25,4.567830313523372e-08,1.0658141036401505e-12
lw,0.01,26,4.567830312890125e-08,1.0658141036401505e-12
lw,0.01,27,1.206179444708301e-08,1.0658141036401505e-12
lw,0.01,28,1.2061794435953508e-08,1.0658141036401505e-12
lw,0.01,29,5.5755353098823025e-11,1.0658141036401505e-12
lw,0.01,30,5.5755321336101956e-11,1.0658141036401505e-12
lw,0.01,31,5.16026176148664e-11,1.0658141036401505e-12
lw,0.01,32,5.1602610487150544e-11,1.0658141036401505e-12
lw,0.01,33,2.137536670565954e-11,1.0658141036401505e-12
lw,0.01,34,2.137535343560096e-11,1.0658141036401505e-12
lw,0.01,35,4.725325609716334e-12,1.0658141036401505e-12
lw,0.01,36,4.648994447124206e-14,1.0658141036401505e-12
lw,0.01,37,4.647462144766778e-14,1.0658141036401505e-12
lw,0.01,38,4.30211101507201e-14,1.0658141036401505e-12
lw,0.01,39,4.299029597632751e-14,1.0658141036401505e-12
lw,0.01,40,1.7839492412493713e-14,1.0658141036401505e-12
lw,0.01,41,1.7801995855404097e-14,1.0658141036401505e-12
lw,0.01,42,3.9432989448806755e-15,1.0658141036401505e-12
lw,0.01,43,7.439394857813354e-17,1.0658141036401505e-12
lw,0.01,44,5.674524744427028e-17,1.0658141036401505e-12
lw,0.01,45,2.7399276529268556e-17,1.0658141036401505e-12
lw,0.01,46,1.2092878094475578e-17,1.0658141036401505e-12
lw,0.01,47,2.114282658984938e-18,1.0658141036401505e-12
lw,0.001,0,0.9999999999999997,1.0658141036401499e-12
lw,0.001,1,0.9999998880461909,1.0658141036401499e-12
lw,0.001,2,0.9999998880461909,1.0658141036401499e-12
lw,0.001,3,0.9999995891214026,1.0658141036401499e-12
lw,0.001,4,0.9999995891214024,1.0658141036401499e-12
lw,0.001,5,0.9999992496872168,1.0658141036401499e-12
lw,0.001,6,0.9999992496872168,1.0658141036401499e-12
lw,0.001,7,0.9999990972240062,1.0658141036401499e-12
lw,0.001,8,0.0009860128616931067,1.0658141036401499e-12
lw,0.001,9,0.0008884444293722615,1.0658141036401499e-12
lw,0.001,10,0.0008884444293722568,1.0658141036401499e-12
lw,0.001,11,0.000636468448651102,1.0658141036401499e-12
lw,0.001,12,0.0006364684486510721,1.0658141036401499e-12
lw,0.001,13,0.0003191696410535891,1.0658141036401499e-12
lw,0.001,14,0.0003191696410535604,1.0658141036401499e-12
lw,0.001,15,2.9817223897403754e-07,1.0658141036401499e-12
lw,0.001,16,2.9817223896861113e-07,1.0658141036401499e-12
lw,0.001,17,2.9397305631167625e-07,1.0658141036401499e-12
lw,0.001,18,2.7888694528660616e-07,1.0658141036401499e-12
lw,0.001,19,2.788869452670035e-07,1.0658141036401499e-12
lw,0.001,20,1.810712149710966e-07,1.0658141036401499e-12
lw,0.001,21,1.8107121493228756e-07,1.0658141036401499e-12
lw,0.001,22,1.1180363532129238e-10,1.0658141036401499e-12
lw,0.001,23,8.912718702081348e-11,1.0658141036401499e-12
lw,0.001,24,8.912717416834231e-11,1.0658141036401499e-12
lw,0.001,25,4.564387164429756e-11,1.0658141036401499e-12
lw,0.001,26,4.5643860397391236e-11,1.0658141036401499e-12
lw,0.001,27,1.2026651303045796e-11,1.0658141036401499e-12
lw,0.001,28,1.2026623354029858e-11,1.0658141036401499e-12
lw,0.001,29,5.561172175289939e-15,1.0658141036401499e-12
lw,0.001,30,5.54987133470093e-15,1.0658141036401499e-12
lw,0.001,31,5.155882960636474e-15,1.0658141036401499e-12
lw,0.001,32,5.112569139152384e-15,1.0658141036401499e-12
lw,0.001,33,2.1612475205866836e-15,1.0658141036401499e-12
lw,0.001,34,2.1411284716097705e-15,1.0658141036401499e-12
lw,0.001,35,9.575286129199082e-17,1.0658141036401499e-12
lw,0.001,36,7.889639835497304e-17,1.0658141036401499e-12
lw,0.001,37,6.459487962914785e-17,1.0658141036401499e-12
lw,0.001,38,6.237776811039922e-17,1.0658141036401499e-12
lw,0.001,39,5.749045420636404e-17,1.0658141036401499e-12
lw,0.001,40,4.519806444463862e-17,1.0658141036401499e-12
lw,0.001,41,3.830675026242084e-17,1.0658141036401499e-12
lw,0.001,42,3.4452833095596694e-17,1.0658141036401499e-12
lw,0.001,43,2.7564310059568408e-17,1.0658141036401499e-12
lw,0.001,44,1.2471730096251905e-17,1.0658141036401499e-12
lw,0.001,45,1.1195222430766861e-17,1.0658141036401499e-12
lw,0.001,46,5.147146513694013e-18,1.0658141036401499e-12
lw,0.001,47,2.0866525980262476e-18,1.0658141036401499e-12
bw,1.0,0,0.9999999999999998,1.06581410364015e-12
bw,1.0,1,0.9751914443789799,1.06581410364015e-12
bw,1.0,2,0.9751914443789793,1.06581410364015e-12
bw,1.0,3,0.9028925780587778,1.06581410364015e-12
bw,1.0,4,0.9028925780587775,1.06581410364015e-12
bw,1.0,5,0.7892750419084588,1.06581410364015e-12
bw,1.0,6,0.7892750419084585,1.06581410364015e-12
bw,1.0,7,0.6439505508593798,1.06581410364015e-12
bw,1.0,8,0.6439505508593786,1.06581410364015e-12
bw,1.0,9,0.4790324110948551,1.06581410364015e-12
bw,1.0,10,0.479032411094855,1.06581410364015e-12
bw,1.0,11,0.30795984417042893,1.06581410364015e-12
bw,1.0,12,0.3079598441704288,1.06581410364015e-12
bw,1.0,13,0.23570226039551584,1.06581410364015e-12
bw,1.0,14,0.23570226039551578,1.06581410364015e-12
bw,1.0,15,0.23353438902443774,1.06581410364015e-12
bw,1.0,16,0.2335343890244377,1.06581410364015e-12
bw,1.0,17,0.20480416247382585,1.06581410364015e-12
bw,1.0,18,0.20480416247382577,1.06581410364015e-12
bw,1.0,19,0.19359165114922158,1.06581410364015e-12
bw,1.0,20,0.19359165114922156,1.06581410364015e-12
bw,1.0,21,0.17254603006834723,1.06581410364015e-12
bw,1.0,22,0.17254603006834715,1.06581410364015e-12
bw,1.0,23,0.16260959207973993,1.06581410364015e-12
bw,1.0,24,0.16260959207973988,1.06581410364015e-12
bw,1.0,25,0.1569965670996904,1.06581410364015e-12
bw,1.0,26,0.15699656709969037,1.06581410364015e-12
bw,1.0,27,0.1485480985742059,1.06581410364015e-12
bw,1.0,28,0.14854809857420587,1.06581410364015e-12
bw,1.0,29,0.1442057494829159,1.06581410364015e-12
bw,1.0,30,0.14420574948291587,1.06581410364015e-12
bw,1.0,31,0.1275611441216966,1.06581410364015e-12
bw,1.0,32,0.12756114412169653,1.06581410364015e-12
bw,1.0,33,0.11886806295456083,1.06581410364015e-12
bw,1.0,34,0.11886806295456076,1.06581410364015e-12
bw,1.0,35,0.11480199670560454,1.06581410364015e-12
bw,1.0,36,0.11480199670560447,1.06581410364015e-12
bw,1.0,37,0.07670824178916667,1.06581410364015e-12
bw,1.0,38,0.07670824178916665,1.06581410364015e-12
bw,1.0,39,0.07111440576491608,1.06581410364015e-12
bw,1.0,40,0.07111440576491607,1.06581410364015e-12
bw,1.0,41,0.06391742417239224,1.06581410364015e-12
bw,1.0,42,0.06391742417239216,1.06581410364015e-12
bw,1.0,43,9.635345952074163e-17,1.06581410364015e-12
bw,1.0,44,5.821722042849251e-17,1.06581410364015e-12
bw,1.0,45,4.1031555438023826e-17,1.06581410364015e-12
bw,1.0,46,3.401012183880349e-17,1.06581410364015e-12
bw,1.0,47,9.572217312720397e-18,1.06581410364015e-12
bw,0.9,0,1.0000000000000002,1.0658141036401505e-12
bw,0.9,1,0.9753621433575356,1.0658141036401505e-12
bw,0.9,2,0.9753621433575356,1.0658141036401505e-12
bw,0.9,3,0.9037124667623795,1.0658141036401505e-12
bw,0.9,4,0.9037124667623794,1.0658141036401505e-12
bw,0.9,5,0.7921372220777939,1.0658141036401505e-12
bw,0.9,6,0.7921372220777938,1.0658141036401505e-12
bw,0.9,7,0.6777976456263427,1.0658141036401505e-12
bw,0.9,8,0.6092481282639335,1.0658141036401505e-12
bw,0.9,9,0.4755300573479536,1.0658141036401505e-12
bw,0.9,10,0.4755300573479534,1.0658141036401505e-12
bw,0.9,11,0.3070942376546103,1.0658141036401505e-12
bw,0.9,12,0.3070942376546103,1.0658141036401505e-12
bw,0.9,13,0.2451491246033463,1.0658141036401505e-12
bw,0.9,14,0.23403141883323766,1.0658141036401505e-12
bw,0.9,15,0.23403141883323764,1.0658141036401505e-12
bw,0.9,16,0.21868835459531002,1.0658141036401505e-12
bw,0.9,17,0.19742586118402725,1.0658141036401505e-12
bw,0.9,18,0.19742586118402705,1.0658141036401505e-12
bw,0.9,19,0.19169031617622623,1.0658141036401505e-12
bw,0.9,20,0.19169031617622623,1.0658141036401505e-12
bw,0.9,21,0.17063692431825542,1.0658141036401505e-12
bw,0.9,22,0.15828624469698188,1.0658141036401505e-12
bw,0.9,23,0.1582862446969818,1.0658141036401505e-12
bw,0.9,24,0.15615180818958627,1.0658141036401505e-12
bw,0.9,25,0.14542934890774495,1.0658141036401505e-12
bw,0.9,26,0.14542934890774487,1.0658141036401505e-12
bw,0.9,27,0.14478460241924027,1.0658141036401505e-12
bw,0.9,28,0.1447846024192402,1.0658141036401505e-12
bw,0.9,29,0.14412764077023638,1.0658141036401505e-12
bw,0.9,30,0.14412764077023635,1.0658141036401505e-12
bw,0.9,31,0.12244698658031694,1.0658141036401505e-12
bw,0.9,32,0.12244698658031691,1.0658141036401505e-12
bw,0.9,33,0.11258072598128392,1.0658141036401505e-12
bw,0.9,34,0.11258072598128387,1.0658141036401505e-12
bw,0.9,35,0.11007612428544482,1.0658141036401505e-12
bw,0.9,36,0.11007612428544475,1.0658141036401505e-12
bw,0.9,37,0.07629473277267078,1.0658141036401505e-12
bw,0.9,38,0.07629473277267075,1.0658141036401505e-12
bw,0.9,39,0.06712859207900486,1.0658141036401505e-12
bw,0.9,40,0.06712859207900483,1.0658141036401505e-12
bw,0.9,41,0.05945855566651816,1.0658141036401505e-12
bw,0.9,42,0.05945855566651813,1.0658141036401505e-12
bw,0.9,43,8.520199251685518e-17,1.0658141036401505e-12
bw,0.9,44,5.424791094851542e-17,1.0658141036401505e-12
bw,0.9,45,3.139156437581125e-17,1.0658141036401505e-12
bw,0.9,46,1.4035223030361164e-17,1.0658141036401505e-12
bw,0.9,47,6.252469534417413e-18,1.0658141036401505e-12
bw,0.5,0,0.9999999999999997,1.0658141036401499e-12
bw,0.5,1,0.9804211821657149,1.0658141036401499e-12
bw,0.5,2,0.9804211821657146,1.0658141036401499e-12
bw,0.5,3,0.9264765939774731,1.0658141036401499e-12
bw,0.5,4,0.9264765939774725,1.0658141036401499e-12
bw,0.5,5,0.8566491148024962,1.0658141036401499e-12
bw,0.5,6,0.8566491148024951,1.0658141036401499e-12
bw,0.5,7,0.8184263043866324,1.0658141036401499e-12
bw,0.5,8,0.43430271412248717,1.0658141036401499e-12
bw,0.5,9,0.3807700203842008,1.0658141036401499e-12
bw,0.5,10,0.38077002038420077,1.0658141036401499e-12
bw,0.5,11,0.26484084303245886,1.0658141036401499e-12
bw,0.5,12,0.26484084303245886,1.0658141036401499e-12
bw,0.5,13,0.1857701755745057,1.0658141036401499e-12
bw,0.5,14,0.17237474790465893,1.0658141036401499e-12
bw,0.5,15,0.17237474790465887,1.0658141036401499e-12
bw,0.5,16,0.1334600383050578,1.0658141036401499e-12
bw,0.5,17,0.13346003830505776,1.0658141036401499e-12
bw,0.5,18,0.1328757399461114,1.0658141036401499e-12
bw,0.5,19,0.1328757399461114,1.0658141036401499e-12
bw,0.5,20,0.10551570433674504,1.0658141036401499e-12
bw,0.5,21,0.09808682747712723,1.0658141036401499e-12
bw,0.5,22,0.09808682747712717,1.0658141036401499e-12
bw,0.5,23,0.07617575684715966,1.0658141036401499e-12
bw,0.5,24,0.07617575684715962,1.0658141036401499e-12
bw,0.5,25,0.07320140068481555,1.0658141036401499e-12
bw,0.5,26,0.0732014006848155,1.0658141036401499e-12
bw,0.5,27,0.05758916443084379,1.0658141036401499e-12
bw,0.5,28,0.052970158865021655,1.0658141036401499e-12
bw,0.5,29,0.052970158865021606,1.0658141036401499e-12
bw,0.5,30,0.041815457629633936,1.0658141036401499e-12
bw,0.5,31,0.041815457629633866,1.0658141036401499e-12
bw,0.5,32,0.04012156346534706,1.0658141036401499e-12
bw,0.5,33,0.04012156346534702,1.0658141036401499e-12
bw,0.5,34,0.022830390547409426,1.0658141036401499e-12
bw,0.5,35,0.021496549907497314,1.0658141036401499e-12
bw,0.5,36,0.02149654990749731,1.0658141036401499e-12
bw,0.5,37,0.021109876758602653,1.0658141036401499e-12
bw,0.5,38,0.021109876758602635,1.0658141036401499e-12
bw,0.5,39,0.016189044823594578,1.0658141036401499e-12
bw,0.5,40,0.016189044823594515,1.0658141036401499e-12
bw,0.5,41,0.008779048999630685,1.0658141036401499e-12
bw,0.5,42,0.008779048999630643,1.0658141036401499e-12
bw,0.5,43,8.742131088122699e-17,1.0658141036401499e-12
bw,0.5,44,5.290615575594536e-17,1.0658141036401499e-12
bw,0.5,45,3.0982402636889805e-17,1.0658141036401499e-12
bw,0.5,46,4.8499386643569336e-18,1.0658141036401499e-12
bw,0.5,47,3.170261834016834e-18,1.0658141036401499e-12
bw,0.1,0,1.0,1.0658141036401503e-12
bw,0.1,1,0.9924228763602342,1.0658141036401503e-12
bw,0.1,2,0.9924228763602337,1.0658141036401503e-12
bw,0.1,3,0.9736417386878166,1.0658141036401503e-12
bw,0.1,4,0.9736417386878166,1.0658141036401503e-12
bw,0.1,5,0.9540944549719326,1.0658141036401503e-12
bw,0.1,6,0.9540944549719321,1.0658141036401503e-12
bw,0.1,7,0.9457474083247641,1.0658141036401503e-12
bw,0.1,8,0.15210528162829007,1.0658141036401503e-12
bw,0.1,9,0.139118831217503,1.0658141036401503e-12
bw,0.1,10,0.13911883121750293,1.0658141036401503e-12
bw,0.1,11,0.1040147784698588,1.0658141036401503e-12
bw,0.1,12,0.10401477846985878,1.0658141036401503e-12
bw,0.1,13,0.055054101759315036,1.0658141036401503e-12
bw,0.1,14,0.055054101759315015,1.0658141036401503e-12
bw,0.1,15,0.023935347564840125,1.0658141036401503e-12
bw,0.1,16,0.022142472581055585,1.0658141036401503e-12
bw,0.1,17,0.02214247258105555,1.0658141036401503e-12
bw,0.1,18,0.017001248383585767,1.0658141036401503e-12
bw,0.1,19,0.017001248383585757,1.0658141036401503e-12
bw,0.1,20,0.009230596744173402,1.0658141036401503e-12
bw,0.1,21,0.00923059674417337,1.0658141036401503e-12
bw,0.1,22,0.0025625478942479635,1.0658141036401503e-12
bw,0.1,23,0.002367006126732273,1.0658141036401503e-12
bw,0.1,24,0.0023670061267322684,1.0658141036401503e-12
bw,0.1,25,0.0018107434626002594,1.0658141036401503e-12
bw,0.1,26,0.0018107434626002483,1.0658141036401503e-12
bw,0.1,27,0.0009794895264835142,1.0658141036401503e-12
bw,0.1,28,0.000979489526483491,1.0658141036401503e-12
bw,0.1,29,0.0001770219843523002,1.0658141036401503e-12
bw,0.1,30,0.00016349473082544932,1.0658141036401503e-12
bw,0.1,31,0.00016349473082543904,1.0658141036401503e-12
bw,0.1,32,0.0001250367296531706,1.0658141036401503e-12
bw,0.1,33,0.00012503672965316276,1.0658141036401503e-12
bw,0.1,34,6.761692247149892e-05,1.0658141036401503e-12
bw,0.1,35,6.761692247144013e-05,1.0658141036401503e-12
bw,0.1,36,6.635751747333745e-06,1.0658141036401503e-12
bw,0.1,37,6.1419659489747235e-06,1.0658141036401503e-12
bw,0.1,38,6.141965948954378e-06,1.0658141036401503e-12
bw,0.1,39,4.721792123490848e-06,1.0658141036401503e-12
bw,0.1,40,4.7217921234684835e-06,1.0658141036401503e-12
bw,0.1,41,2.566744471729531e-06,1.0658141036401503e-12
bw,0.1,42,2.5667444717250665e-06,1.0658141036401503e-12
bw,0.1,43,6.454906868649924e-17,1.0658141036401503e-12
bw,0.1,44,4.8396596000857226e-17,1.0658141036401503e-12
bw,0.1,45,4.683142411785234e-17,1.0658141036401503e-12
bw,0.1,46,2.2777049855133237e-17,1.0658141036401503e-12
bw,0.1,47,7.57642605357868e-18,1.0658141036401503e-12
bw,0.05,0,0.9999999999999999,1.06581410364015e-12
bw,0.05,1,0.9953631745461763,1.06581410364015e-12
bw,0.05,2,0.9953631745461761,1.06581410364015e-12
bw,0.05,3,0.9840314588245823,1.06581410364015e-12
bw,0.05,4,0.9840314588245819,1.06581410364015e-12
bw,0.05,5,0.9724955707437792,1.06581410364015e-12
bw,0.05,6,0.9724955707437792,1.06581410364015e-12
bw,0.05,7,0.9676543461943867,1.06581410364015e-12
bw,0.05,8,0.08836414984174797,1.06581410364015e-12
bw,0.05,9,0.08120015380682157,1.06581410364015e-12
bw,0.05,10,0.08120015380682157,1.06581410364015e-12
bw,0.05,11,0.06136220599367226,1.06581410364015e-12
bw,0.05,12,0.06136220599367222,1.06581410364015e-12
bw,0.05,13,0.03280032448823952,1.06581410364015e-12
bw,0.05,14,0.03280032448823951,1.06581410364015e-12
bw,0.05,15,0.0070709916378597975,1.06581410364015e-12
bw,0.05,16,0.006535218980224357,1.06581410364015e-12
bw,0.05,17,0.006535218980224348,1.06581410364015e-12
bw,0.05,18,0.005006420671660512,1.06581410364015e-12
bw,0.05,19,0.005006420671660441,1.06581410364015e-12
bw,0.05,20,0.002711940709553106,1.06581410364015e-12
bw,0.05,21,0.002711940709553069,1.06581410364015e-12
bw,0.05,22,0.00035311483514548914,1.06581410364015e-12
bw,0.05,23,0.00032619527564718714,1.06581410364015e-12
bw,0.05,24,0.0003261952756471746,1.06581410364015e-12
bw,0.05,25,0.0002495846057576099,1.06581410364015e-12
bw,0.05,26,0.00024958460575759064,1.06581410364015e-12
bw,0.05,27,0.00013503392525947405,1.06581410364015e-12
bw,0.05,28,0.00013503392525943556,1.06581410364015e-12
bw,0.05,29,1.1275834518409217e-05,1.06581410364015e-12
bw,0.05,30,1.0411819898610568e-05,1.06581410364015e-12
bw,0.05,31,1.041181989858729e-05,1.06581410364015e-12
bw,0.05,32,7.958323700856737e-06,1.06581410364015e-12
bw,0.05,33,7.958323700828472e-06,1.06581410364015e-12
bw,0.05,34,4.301295673994304e-06,1.06581410364015e-12
bw,0.05,35,4.301295673946207e-06,1.06581410364015e-12
bw,0.05,36,1.9382264678801237e-07,1.06581410364015e-12
bw,0.05,37,1.7947812137303172e-07,1.06581410364015e-12
bw,0.05,38,1.7947812136118205e-07,1.06581410364015e-12
bw,0.05,39,1.381233043634931e-07,1.06581410364015e-12
bw,0.05,40,1.3812330435928431e-07,1.06581410364015e-12
bw,0.05,41,7.51615814394812e-08,1.06581410364015e-12
bw,0.05,42,7.516158143171728e-08,1.06581410364015e-12
bw,0.05,43,5.865298654564173e-17,1.06581410364015e-12
bw,0.05,44,3.0820120145036365e-17,1.06581410364015e-12
bw,0.05,45,1.926784823486313e-17,1.06581410364015e-12
bw,0.05,46,6.1984706602535965e-18,1.06581410364015e-12
bw,0.05,47,3.3449421235964723e-18,1.06581410364015e-12
bw,0.01,0,0.9999999999999998,1.06581410364015e-12
bw,0.01,1,0.9988528812237117,1.06581410364015e-12
bw,0.01,2,0.9988528812237115,1.06581410364015e-12
bw,0.01,3,0.996077458009738,1.06581410364015e-12
bw,0.01,4,0.9960774580097378,1.06581410364015e-12
bw,0.01,5,0.9932934329553335,1.06581410364015e-12
bw,0.01,6,0.9932934329553332,1.06581410364015e-12
bw,0.01,7,0.9921377120837833,1.06581410364015e-12
bw,0.01,8,0.020459562429555413,1.06581410364015e-12
bw,0.01,9,0.01887984370698995,1.06581410364015e-12
bw,0.01,10,0.01887984370698993,1.06581410364015e-12
bw,0.01,11,0.014409003498389708,1.06581410364015e-12
bw,0.01,12,0.01440900349838967,1.06581410364015e-12
bw,0.01,13,0.007776096339546599,1.06581410364015e-12
bw,0.01,14,0.007776096339546584,1.06581410364015e-12
bw,0.01,15,0.0003197629472659922,1.06581410364015e-12
bw,0.01,16,0.00029542734926403996,1.06581410364015e-12
bw,0.01,17,0.000295427349264033,1.06581410364015e-12
bw,0.01,18,0.0002261193717309479,1.06581410364015e-12
bw,0.01,19,0.0002261193717309253,1.06581410364015e-12
bw,0.01,20,0.00012237983004139918,1.06581410364015e-12
bw,0.01,21,0.00012237983004138788,1.06581410364015e-12
bw,0.01,22,3.0157168399040196e-06,1.06581410364015e-12
bw,0.01,23,2.786070061299517e-06,1.06581410364015e-12
bw,0.01,24,2.786070061261394e-06,1.06581410364015e-12
bw,0.01,25,2.13220124199532e-06,1.06581410364015e-12
bw,0.01,26,2.132201241960846e-06,1.06581410364015e-12
bw,0.01,27,1.1538499812057094e-06,1.06581410364015e-12
bw,0.01,28,1.1538499811998007e-06,1.06581410364015e-12
bw,0.01,29,1.8117561113936185e-08,1.06581410364015e-12
bw,0.01,30,1.6724749282169484e-08,1.06581410364015e-12
bw,0.01,31,1.672474923714352e-08,1.06581410364015e-12
bw,0.01,32,1.2775223366355425e-08,1.06581410364015e-12
bw,0.01,33,1.277522335562919e-08,1.06581410364015e-12
bw,0.01,34,6.900152460368161e-09,1.06581410364015e-12
bw,0.01,35,6.900152449102147e-09,1.06581410364015e-12
bw,0.01,36,5.84209094303435e-11,1.06581410364015e-12
bw,0.01,37,5.4118539624926054e-11,1.06581410364015e-12
bw,0.01,38,5.411850626592671e-11,1.06581410364015e-12
bw,0.01,39,4.1688013154888933e-11,1.06581410364015e-12
bw,0.01,40,4.1687992382894704e-11,1.06581410364015e-12
bw,0.01,41,2.2706348785137433e-11,1.06581410364015e-12
bw,0.01,42,2.270632645986887e-11,1.06581410364015e-12
bw,0.01,43,4.836961516545294e-17,1.06581410364015e-12
bw,0.01,44,3.747985993680983e-17,1.06581410364015e-12
bw,0.01,45,2.4962899805804233e-17,1.06581410364015e-12
bw,0.01,46,1.2370412811958645e-17,1.06581410364015e-12
bw,0.01,47,5.687113217373775e-18,1.06581410364015e-12
bw,0.001,0,0.9999999999999997,1.0658141036401499e-12
bw,0.001,1,0.9998787353413882,1.0658141036401499e-12
bw,0.001,2,0.9998787353413879,1.0658141036401499e-12
bw,0.001,3,0.9995859152685669,1.0658141036401499e-12
bw,0.001,4,0.9995859152685669,1.0658141036401499e-12
bw,0.001,5,0.9992930084568513,1.0658141036401499e-12
bw,0.001,6,0.9992930084568513,1.0658141036401499e-12
bw,0.001,7,0.9991716570593254,1.0658141036401499e-12
bw,0.001,8,0.002121341107250424,1.0658141036401499e-12
bw,0.001,9,0.0019596252724863655,1.0658141036401499e-12
bw,0.001,10,0.0019596252724863503,1.0658141036401499e-12
bw,0.001,11,0.0014993920973572794,1.0658141036401499e-12
bw,0.001,12,0.0014993920973572518,1.0658141036401499e-12
bw,0.001,13,0.0008112271562632457,1.0658141036401499e-12
bw,0.001,14,0.00081122715626323,1.0658141036401499e-12
bw,0.001,15,3.280787223745957e-06,1.0658141036401499e-12
bw,0.001,16,3.031052679409797e-06,1.0658141036401499e-12
bw,0.001,17,3.03105267936612e-06,1.0658141036401499e-12
bw,0.001,18,2.319868233650238e-06,1.0658141036401499e-12
bw,0.001,19,2.3198682336140712e-06,1.0658141036401499e-12
bw,0.001,20,1.255504153741284e-06,1.0658141036401499e-12
bw,0.001,21,1.2555041537078496e-06,1.0658141036401499e-12
bw,0.001,22,3.055319539357073e-09,1.0658141036401499e-12
bw,0.001,23,2.8227374204374464e-09,1.0658141036401499e-12
bw,0.001,24,2.8227374138268315e-09,1.0658141036401499e-12
bw,0.001,25,2.160411638788637e-09,1.0658141036401499e-12
bw,0.001,26,2.1604116258316127e-09,1.0658141036401499e-12
bw,0.001,27,1.1691965908403683e-09,1.0658141036401499e-12
bw,0.001,28,1.1691965714639375e-09,1.0658141036401499e-12
bw,0.001,29,1.8111158045280344e-12,1.0658141036401499e-12
bw,0.001,30,1.6717676992078984e-12,1.0658141036401499e-12
bw,0.001,31,1.671751664422832e-12,1.0658141036401499e-12
bw,0.001,32,1.2767673664033546e-12,1.0658141036401499e-12
bw,0.001,33,1.2767484866022973e-12,1.0658141036401499e-12
bw,0.001,34,6.894959929840057e-13,1.0658141036401499e-12
bw,0.001,35,6.894860302376166e-13,1.0658141036401499e-12
bw,0.001,36,5.714125657585237e-16,1.0658141036401499e-12
bw,0.001,37,5.315400437752686e-16,1.0658141036401499e-12
bw,0.001,38,5.164692085010908e-16,1.0658141036401499e-12
bw,0.001,39,4.098052471624983e-16,1.0658141036401499e-12
bw,0.001,40,3.875551849777513e-16,1.0658141036401499e-12
bw,0.001,41,2.3832857705854385e-16,1.0658141036401499e-12
bw,0.001,42,2.2967881687046803e-16,1.0658141036401499e-12
bw,0.001,43,6.657109744857987e-17,1.0658141036401499e-12
bw,0.001,44,3.991662381200599e-17,1.0658141036401499e-12
bw,0.001,45,3.176014223282102e-17,1.0658141036401499e-12
bw,0.001,46,9.92249446260453e-18,1.0658141036401499e-12
bw,0.001,47,5.197567288836514e-18,1.0658141036401499e-12
fromm,1.0,0,0.9999999999999998,1.06581410364015e-12
fromm,1.0,1,0.9751914443789799,1.06581410364015e-12
fromm,1.0,2,0.9751914443789793,1.06581410364015e-12
fromm,1.0,3,0.9028925780587778,1.06581410364015e-12
fromm,1.0,4,0.9028925780587775,1.06581410364015e-12
fromm,1.0,5,0.7892750419084588,1.06581410364015e-12
fromm,1.0,6,0.7892750419084585,1.06581410364015e-12
fromm,1.0,7,0.6439505508593798,1.06581410364015e-12
fromm,1.0,8,0.6439505508593786,1.06581410364015e-12
fromm,1.0,9,0.4790324110948551,1.06581410364015e-12
fromm,1.0,10,0.479032411094855,1.06581410364015e-12
fromm,1.0,11,0.30795984417042893,1.06581410364015e-12
fromm,1.0,12,0.3079598441704288,1.06581410364015e-12
fromm,1.0,13,0.23570226039551584,1.06581410364015e-12
fromm,1.0,14,0.23570226039551578,1.06581410364015e-12
fromm,1.0,15,0.23353438902443774,1.06581410364015e-12
fromm,1.0,16,0.2335343890244377,1.06581410364015e-12
fromm,1.0,17,0.20480416247382585,1.06581410364015e-12
fromm,1.0,18,0.20480416247382577,1.06581410364015e-12
fromm,1.0,19,0.19359165114922158,1.06581410364015e-12
fromm,1.0,20,0.19359165114922156,1.06581410364015e-12
fromm,1.0,21,0.17254603006834723,1.06581410364015e-12
fromm,1.0,22,0.17254603006834715,1.06581410364015e-12
fromm,1.0,23,0.16260959207973993,1.06581410364015e-12
fromm,1.0,24,0.16260959207973988,1.06581410364015e-12
fromm,1.0,25,0.1569965670996904,1.06581410364015e-12
fromm,1.0,26,0.15699656709969037,1.06581410364015e-12
fromm,1.0,27,0.1485480985742059,1.06581410364015e-12
fromm,1.0,28,0.14854809857420587,1.06581410364015e-12
fromm,1.0,29,0.1442057494829159,1.06581410364015e-12
fromm,1.0,30,0.14420574948291587,1.06581410364015e-12
fromm,1.0,31,0.1275611441216966,1.06581410364015e-12
fromm,1.0,32,0.12756114412169653,1.06581410364015e-12
fromm,1.0,33,0.11886806295456083,1.06581410364015e-12
fromm,1.0,34,0.11886806295456076,1.06581410364015e-12
fromm,1.0,35,0.11480199670560454,1.06581410364015e-12
fromm,1.0,36,0.11480199670560447,1.06581410364015e-12
fromm,1.0,37,0.07670824178916667,1.06581410364015e-12
fromm,1.0,38,0.07670824178916665,1.06581410364015e-12
fromm,1.0,39,0.07111440576491608,1.06581410364015e-12
fromm,1.0,40,0.07111440576491607,1.06581410364015e-12
fromm,1.0,41,0.06391742417239224,1.06581410364015e-12
fromm,1.0,42,0.06391742417239216,1.06581410364015e-12
fromm,1.0,43,9.635345952074163e-17,1.06581410364015e-12
fromm,1.0,44,5.821722042849251e-17,1.06581410364015e-12
fromm,1.0,45,4.1031555438023826e-17,1.06581410364015e-12
fromm,1.0,46,3.401012183880349e-17,1.06581410364015e-12
fromm,1.0,47,9.572217312720397e-18,1.06581410364015e-12
fromm,0.9,0,1.0000000000000004,1.0658141036401507e-12
fromm,0.9,1,0.9754683962923667,1.0658141036401507e-12
fromm,0.9,2,0.9754683962923664,1.0658141036401507e-12
fromm,0.9,3,0.9040321905866548,1.0658141036401507e-12
fromm,0.9,4,0.9040321905866546,1.0658141036401507e-12
fromm,0.9,5,0.7925757822487,1.0658141036401507e-12
fromm,0.9,6,0.7925757822486962,1.0658141036401507e-12
fromm,0.9,7,0.6788222345668401,1.0658141036401507e-12
fromm,0.9,8,0.6078225041246442,1.0658141036401507e-12
fromm,0.9,9,0.47436867001304855,1.0658141036401507e-12
fromm,0.9,10,0.4743686700130481,1.0658141036401507e-12
fromm,0.9,11,0.30545444069206273,1.0658141036401507e-12
fromm,0.9,12,0.3054544406920626,1.0658141036401507e-12
fromm,0.9,13,0.2292139235859129,1.0658141036401507e-12
fromm,0.9,14,0.22030781879455763,1.0658141036401507e-12
fromm,0.9,15,0.22030781879455755,1.0658141036401507e-12
fromm,0.9,16,0.19480117425380764,1.0658141036401507e-12
fromm,0.9,17,0.18282400034796578,1.0658141036401507e-12
fromm,0.9,18,0.18282400034796573,1.0658141036401507e-12
fromm,0.9,19,0.17449082829661164,1.0658141036401507e-12
fromm,0.9,20,0.1744908282966116,1.0658141036401507e-12
fromm,0.9,21,0.1433830167297479,1.0658141036401507e-12
fromm,0.9,22,0.14338301672974788,1.0658141036401507e-12
fromm,0.9,23,0.12730010410502415,1.0658141036401507e-12
fromm,0.9,24,0.12657438852153033,1.0658141036401507e-12
fromm,0.9,25,0.12657438852153027,1.0658141036401507e-12
fromm,0.9,26,0.11833538692264448,1.0658141036401507e-12
fromm,0.9,27,0.11833538692264442,1.0658141036401507e-12
fromm,0.9,28,0.10866260310208296,1.0658141036401507e-12
fromm,0.9,29,0.10866260310208292,1.0658141036401507e-12
fromm,0.9,30,0.09205185753008159,1.0658141036401507e-12
fromm,0.9,31,0.09205185753008154,1.0658141036401507e-12
fromm,0.9,32,0.08723714696807543,1.0658141036401507e-12
fromm,0.9,33,0.08051866255816217,1.0658141036401507e-12
fromm,0.9,34,0.0805186625581621,1.0658141036401507e-12
fromm,0.9,35,0.06553431317044901,1.0658141036401507e-12
fromm,0.9,36,0.06553431317044896,1.0658141036401507e-12
fromm,0.9,37,0.061485454483180726,1.0658141036401507e-12
fromm,0.9,38,0.061485454483180706,1.0658141036401507e-12
fromm,0.9,39,0.05077646243499669,1.0658141036401507e-12
fromm,0.9,40,0.05077646243499664,1.0658141036401507e-12
fromm,0.9,41,0.033201748324578007,1.0658141036401507e-12
fromm,0.9,42,0.03320174832457793,1.0658141036401507e-12
fromm,0.9,43,7.030368229004055e-17,1.0658141036401507e-12
fromm,0.9,44,3.73081002847097e-17,1.0658141036401507e-12
fromm,0.9,45,2.644163679653385e-17,1.0658141036401507e-12
fromm,0.9,46,1.8970988989590588e-17,1.0658141036401507e-12
fromm,0.9,47,5.609260230002668e-20,1.0658141036401507e-12
fromm,0.5,0,0.9999999999999999,1.06581410364015e-12
fromm,0.5,1,0.9817871147902442,1.06581410364015e-12
fromm,0.5,2,0.9817871147902433,1.06581410364015e-12
fromm,0.5,3,0.9311723933504482,1.06581410364015e-12
fromm,0.5,4,0.9311723933504479,1.06581410364015e-12
fromm,0.5,5,0.8649200989264006,1.06581410364015e-12
fromm,0.5,6,0.8649200989264001,1.06581410364015e-12
fromm,0.5,7,0.8284800209380001,1.06581410364015e-12
fromm,0.5,8,0.4340133979828808,1.06581410364015e-12
fromm,0.5,9,0.3800680335323511,1.06581410364015e-12
fromm,0.5,10,0.38006803353235086,1.06581410364015e-12
fromm,0.5,11,0.2628611860185125,1.06581410364015e-12
fromm,0.5,12,0.26286118601851227,1.06581410364015e-12
fromm,0.5,13,0.14466244606477083,1.06581410364015e-12
fromm,0.5,14,0.1360464708294933,1.06581410364015e-12
fromm,0.5,15,0.13604647082949325,1.06581410364015e-12
fromm,0.5,16,0.13074687662134754,1.06581410364015e-12
fromm,0.5,17,0.13074687662134749,1.06581410364015e-12
fromm,0.5,18,0.10882829186956396,1.06581410364015e-12
fromm,0.5,19,0.10882829186956394,1.06581410364015e-12
fromm,0.5,20,0.061734136773787196,1.06581410364015e-12
fromm,0.5,21,0.06173413677378716,1.06581410364015e-12
fromm,0.5,22,0.05770462849568969,1.06581410364015e-12
fromm,0.5,23,0.05277168049760783,1.06581410364015e-12
fromm,0.5,24,0.05277168049760775,1.06581410364015e-12
fromm,0.5,25,0.039439486436751284,1.06581410364015e-12
fromm,0.5,26,0.03943948643675124,1.06581410364015e-12
fromm,0.5,27,0.020862446470000018,1.06581410364015e-12
fromm,0.5,28,0.020862446469999966,1.06581410364015e-12
fromm,0.5,29,0.015296697420420174,1.06581410364015e-12
fromm,0.5,30,0.014170305175613603,1.06581410364015e-12
fromm,0.5,31,0.0141703051756136,1.06581410364015e-12
fromm,0.5,32,0.010916817618691892,1.06581410364015e-12
fromm,0.5,33,0.010916817618691845,1.06581410364015e-12
fromm,0.5,34,0.005947639658833632,1.06581410364015e-12
fromm,0.5,35,0.005947639658833578,1.06581410364015e-12
fromm,0.5,36,0.0027596707995061146,1.06581410364015e-12
fromm,0.5,37,0.0025492889159339665,1.06581410364015e-12
fromm,0.5,38,0.0025492889159339544,1.06581410364015e-12
fromm,0.5,39,0.00195055662364868,1.06581410364015e-12
fromm,0.5,40,0.0019505566236486648,1.06581410364015e-12
fromm,0.5,41,0.0010553144615215856,1.06581410364015e-12
fromm,0.5,42,0.001055314461521536,1.06581410364015e-12
fromm,0.5,43,6.504527679348377e-17,1.06581410364015e-12
fromm,0.5,44,6.104630198590324e-17,1.06581410364015e-12
fromm,0.5,45,5.480288004533989e-17,1.06581410364015e-12
fromm,0.5,46,1.8052956114415416e-17,1.06581410364015e-12
fromm,0.5,47,6.021266697709629e-18,1.06581410364015e-12
fromm,0.1,0,1.0000000000000002,1.0658141036401505e-12
fromm,0.1,1,0.9949212545679236,1.0658141036401505e-12
fromm,0.1,2,0.9949212545679236,1.0658141036401505e-12
fromm,0.1,3,0.9822946557184195,1.0658141036401505e-12
fromm,0.1,4,0.9822946557184192,1.0658141036401505e-12
fromm,0.1,5,0.9691055778901967,1.0658141036401505e-12
fromm,0.1,6,0.9691055778901964,1.0658141036401505e-12
fromm,0.1,7,0.9634625102483068,1.0658141036401505e-12
fromm,0.1,8,0.1271424969052446,1.0658141036401505e-12
fromm,0.1,9,0.11574425237948008,1.0658141036401505e-12
fromm,0.1,10,0.11574425237948004,1.0658141036401505e-12
fromm,0.1,11,0.08547744909798131,1.0658141036401505e-12
fromm,0.1,12,0.08547744909798123,1.0658141036401505e-12
fromm,0.1,13,0.044622083709950425,1.0658141036401505e-12
fromm,0.1,14,0.04462208370995042,1.0658141036401505e-12
fromm,0.1,15,0.011147410294288644,1.0658141036401505e-12
fromm,0.1,16,0.010408616937586275,1.0658141036401505e-12
fromm,0.1,17,0.010408616937586268,1.0658141036401505e-12
fromm,0.1,18,0.008178561823297653,1.0658141036401505e-12
fromm,0.1,19,0.008178561823297608,1.0658141036401505e-12
fromm,0.1,20,0.004548877529018192,1.0658141036401505e-12
fromm,0.1,21,0.004548877529018178,1.0658141036401505e-12
fromm,0.1,22,0.0007004048828978378,1.0658141036401505e-12
fromm,0.1,23,0.0006447511215401414,1.0658141036401505e-12
fromm,0.1,24,0.0006447511215401246,1.0658141036401505e-12
fromm,0.1,25,0.0004891600985835927,1.0658141036401505e-12
fromm,0.1,26,0.00048916009858356,1.0658141036401505e-12
fromm,0.1,27,0.00026240597075255853,1.0658141036401505e-12
fromm,0.1,28,0.0002624059707525448,1.0658141036401505e-12
fromm,0.1,29,2.7171887568305512e-05,1.0658141036401505e-12
fromm,0.1,30,2.5086467507562455e-05,1.0658141036401505e-12
fromm,0.1,31,2.5086467507520706e-05,1.0658141036401505e-12
fromm,0.1,32,1.9167849179507742e-05,1.0658141036401505e-12
fromm,0.1,33,1.9167849179450595e-05,1.0658141036401505e-12
fromm,0.1,34,1.035527529760001e-05,1.0658141036401505e-12
fromm,0.1,35,1.0355275297569226e-05,1.0658141036401505e-12
fromm,0.1,36,6.420679308049599e-07,1.0658141036401505e-12
fromm,0.1,37,5.940434742710194e-07,1.0658141036401505e-12
fromm,0.1,38,5.940434742550284e-07,1.0658141036401505e-12
fromm,0.1,39,4.5622785721547376e-07,1.0658141036401505e-12
fromm,0.1,40,4.562278571859978e-07,1.0658141036401505e-12
fromm,0.1,41,2.4775345783869033e-07,1.0658141036401505e-12
fromm,0.1,42,2.4775345781834243e-07,1.0658141036401505e-12
fromm,0.1,43,5.778132125717436e-17,1.0658141036401505e-12
fromm,0.1,44,4.211443587140528e-17,1.0658141036401505e-12
fromm,0.1,45,2.3586725037939103e-17,1.0658141036401505e-12
fromm,0.1,46,1.506705130862763e-17,1.0658141036401505e-12
fromm,0.1,47,8.261748710315326e-18,1.0658141036401505e-12
fromm,0.05,0,1.0,1.0658141036401503e-12
fromm,0.05,1,0.9972448554677626,1.0658141036401503e-12
fromm,0.05,2,0.9972448554677626,1.0658141036401503e-12
fromm,0.05,3,0.9905007526379727,1.0658141036401503e-12
fromm,0.05,4,0.9905007526379727,1.0658141036401503e-12
fromm,0.05,5,0.9836202632809286,1.0658141036401503e-12
fromm,0.05,6,0.9836202632809284,1.0658141036401503e-12
fromm,0.05,7,0.9807286318846588,1.0658141036401503e-12
fromm,0.05,8,0.0677565213247053,1.0658141036401503e-12
fromm,0.05,9,0.061874121257294114,1.0658141036401503e-12
fromm,0.05,10,0.061874121257294086,1.0658141036401503e-12
fromm,0.05,11,0.04601997166340252,1.0658141036401503e-12
fromm,0.05,12,0.04601997166340247,1.0658141036401503e-12
fromm,0.05,13,0.024183567799986663,1.0658141036401503e-12
fromm,0.05,14,0.024183567799986653,1.0658141036401503e-12
fromm,0.05,15,0.0030072570939892675,1.0658141036401503e-12
fromm,0.05,16,0.00280537923494097,1.0658141036401503e-12
fromm,0.05,17,0.0028053792349409675,1.0658141036401503e-12
fromm,0.05,18,0.0021993813318819592,1.0658141036401503e-12
fromm,0.05,19,0.0021993813318819423,1.0658141036401503e-12
fromm,0.05,20,0.0012204732789037314,1.0658141036401503e-12
fromm,0.05,21,0.001220473278903699,1.0658141036401503e-12
fromm,0.05,22,9.111974867346982e-05,1.0658141036401503e-12
fromm,0.05,23,8.395325994556993e-05,1.0658141036401503e-12
fromm,0.05,24,8.395325994550346e-05,1.0658141036401503e-12
fromm,0.05,25,6.382699919425188e-05,1.0658141036401503e-12
fromm,0.05,26,6.382699919421417e-05,1.0658141036401503e-12
fromm,0.05,27,3.430949505411418e-05,1.0658141036401503e-12
fromm,0.05,28,3.430949505406216e-05,1.0658141036401503e-12
fromm,0.05,29,1.7099002645010692e-06,1.0658141036401503e-12
fromm,0.05,30,1.5777455546713164e-06,1.0658141036401503e-12
fromm,0.05,31,1.5777455546291382e-06,1.0658141036401503e-12
fromm,0.05,32,1.2038017826514153e-06,1.0658141036401503e-12
fromm,0.05,33,1.2038017826035823e-06,1.0658141036401503e-12
fromm,0.05,34,6.494149341257896e-07,1.0658141036401503e-12
fromm,0.05,35,6.494149340994942e-07,1.0658141036401503e-12
fromm,0.05,36,1.9423713684991382e-08,1.0658141036401503e-12
fromm,0.05,37,1.797682556902151e-08,1.0658141036401503e-12
fromm,0.05,38,1.797682556136298e-08,1.0658141036401503e-12
fromm,0.05,39,1.3817268957936286e-08,1.0658141036401503e-12
fromm,0.05,40,1.3817268928321773e-08,1.0658141036401503e-12
fromm,0.05,41,7.509390052650749e-09,1.0658141036401503e-12
fromm,0.05,42,7.509390039792554e-09,1.0658141036401503e-12
fromm,0.05,43,7.053916789456053e-17,1.0658141036401503e-12
fromm,0.05,44,4.092492366097803e-17,1.0658141036401503e-12
fromm,0.05,45,2.803335470744302e-17,1.0658141036401503e-12
fromm,0.05,46,2.492867978667025e-17,1.0658141036401503e-12
fromm,0.05,47,5.70625671991153e-18,1.0658141036401503e-12
fromm,0.01,0,1.0,1.0658141036401503e-12
fromm,0.01,1,0.9994032316535736,1.0658141036401503e-12
fromm,0.01,2,0.9994032316535736,1.0658141036401503e-12
fromm,0.01,3,0.9979588100727006,1.0658141036401503e-12
fromm,0.01,4,0.9979588100727004,1.0658141036401503e-12
fromm,0.01,5,0.99650912154017,1.0658141036401503e-12
fromm,0.01,6,0.9965091215401698,1.0658141036401503e-12
fromm,0.01,7,0.9959070861025764,1.0658141036401503e-12
fromm,0.01,8,0.014310432024482235,1.0658141036401503e-12
fromm,0.01,9,0.013100611326511172,1.0658141036401503e-12
fromm,0.01,10,0.013100611326511148,1.0658141036401503e-12
fromm,0.01,11,0.00980149718110488,1.0658141036401503e-12
fromm,0.01,12,0.009801497181104844,1.0658141036401503e-12
fromm,0.01,13,0.005180490830287575,1.0658141036401503e-12
fromm,0.01,14,0.005180490830287548,1.0658141036401503e-12
fromm,0.01,15,0.00012752668701628678,1.0658141036401503e-12
fromm,0.01,16,0.00011888280414337274,1.0658141036401503e-12
fromm,0.01,17,0.00011888280414336103,1.0658141036401503e-12
fromm,0.01,18,9.304279430615504e-05,1.0658141036401503e-12
fromm,0.01,19,9.304279430613766e-05,1.0658141036401503e-12
fromm,0.01,20,5.1539950477318625e-05,1.0658141036401503e-12
fromm,0.01,21,5.153995047731077e-05,1.0658141036401503e-12
fromm,0.01,22,7.509486789460306e-07,1.0658141036401503e-12
fromm,0.01,23,6.923799920793076e-07,1.0658141036401503e-12
fromm,0.01,24,6.923799920548663e-07,1.0658141036401503e-12
fromm,0.01,25,5.27293511300495e-07,1.0658141036401503e-12
fromm,0.01,26,5.272935112760166e-07,1.0658141036401503e-12
fromm,0.01,27,2.8391961195581017e-07,1.0658141036401503e-12
fromm,0.01,28,2.839196119086691e-07,1.0658141036401503e-12
fromm,0.01,29,2.7483449160509285e-09,1.0658141036401503e-12
fromm,0.01,30,2.534649414936895e-09,1.0658141036401503e-12
fromm,0.01,31,2.5346493975910693e-09,1.0658141036401503e-12
fromm,0.01,32,1.9315353946163123e-09,1.0658141036401503e-12
fromm,0.01,33,1.9315353808961627e-09,1.0658141036401503e-12
fromm,0.01,34,1.0407164431823276e-09,1.0658141036401503e-12
fromm,0.01,35,1.040716406513481e-09,1.0658141036401503e-12
fromm,0.01,36,6.060106133089066e-12,1.0658141036401503e-12
fromm,0.01,37,5.610329059326688e-12,1.0658141036401503e-12
fromm,0.01,38,5.610291540696389e-12,1.0658141036401503e-12
fromm,0.01,39,4.3151985640584434e-12,1.0658141036401503e-12
fromm,0.01,40,4.315182649045991e-12,1.0658141036401503e-12
fromm,0.01,41,2.3468490482297924e-12,1.0658141036401503e-12
fromm,0.01,42,2.3468472988181595e-12,1.0658141036401503e-12
fromm,0.01,43,6.348199792296468e-17,1.0658141036401503e-12
fromm,0.01,44,4.7340700921883715e-17,1.0658141036401503e-12
fromm,0.01,45,3.9675764610630364e-17,1.0658141036401503e-12
fromm,0.01,46,1.930788051409727e-17,1.0658141036401503e-12
fromm,0.01,47,2.0876200059537053e-18,1.0658141036401503e-12
fromm,0.001,0,0.9999999999999998,1.06581410364015e-12
fromm,0.001,1,0.999939118877387,1.06581410364015e-12
fromm,0.001,2,0.9999391188773867,1.06581410364015e-12
fromm,0.001,3,0.9997921020021765,1.06581410364015e-12
fromm,0.001,4,0.9997921020021765,1.06581410364015e-12
fromm,0.001,5,0.9996450329824446,1.06581410364015e-12
fromm,0.001,6,0.9996450329824443,1.06581410364015e-12
fromm,0.001,7,0.9995840997152964,1.06581410364015e-12
fromm,0.001,8,0.0014493143099704804,1.06581410364015e-12
fromm,0.001,9,0.0013275458709706646,1.06581410364015e-12
fromm,0.001,10,0.001327545870970661,1.06581410364015e-12
fromm,0.001,11,0.000994601346070496,1.06581410364015e-12
fromm,0.001,12,0.0009946013460704654,1.06581410364015e-12
fromm,0.001,13,0.0005264121724917955,1.06581410364015e-12
fromm,0.001,14,0.0005264121724917776,1.06581410364015e-12
fromm,0.001,15,1.2916645255426699e-06,1.06581410364015e-12
fromm,0.001,16,1.2039350472861138e-06,1.06581410364015e-12
fromm,0.001,17,1.2039350472796191e-06,1.06581410364015e-12
fromm,0.001,18,9.419054931961096e-07,1.06581410364015e-12
fromm,0.001,19,9.419054931529398e-07,1.06581410364015e-12
fromm,0.001,20,5.215597681718439e-07,1.06581410364015e-12
fromm,0.001,21,5.215597681688197e-07,1.06581410364015e-12
fromm,0.001,22,7.557732278819542e-10,1.06581410364015e-12
fromm,0.001,23,6.969404146204748e-10,1.06581410364015e-12
fromm,0.001,24,6.969404010354249e-10,1.06581410364015e-12
fromm,0.001,25,5.30972422651875e-10,1.06581410364015e-12
fromm,0.001,26,5.309724108324695e-10,1.06581410364015e-12
fromm,0.001,27,2.8601099324520934e-10,1.06581410364015e-12
fromm,0.001,28,2.860109798463698e-10,1.06581410364015e-12
fromm,0.001,29,2.750533090759898e-13,1.06581410364015e-12
fromm,0.001,30,2.5366411982365757e-13,1.06581410364015e-12
fromm,0.001,31,2.5363424430432807e-13,1.06581410364015e-12
fromm,0.001,32,1.9324144671920822e-13,1.06581410364015e-12
fromm,0.001,33,1.932129950680465e-13,1.06581410364015e-12
fromm,0.001,34,1.0408891773238579e-13,1.06581410364015e-12
fromm,0.001,35,1.0405804319058616e-13,1.06581410364015e-12
fromm,0.001,36,9.832734396461975e-17,1.06581410364015e-12
fromm,0.001,37,9.395508424406731e-17,1.06581410364015e-12
fromm,0.001,38,7.941917319021538e-17,1.06581410364015e-12
fromm,0.001,39,6.785811380614451e-17,1.06581410364015e-12
fromm,0.001,40,6.048763353517049e-17,1.06581410364015e-12
fromm,0.001,41,4.749977692022806e-17,1.06581410364015e-12
fromm,0.001,42,4.1703348581922195e-17,1.06581410364015e-12
fromm,0.001,43,3.885700906112518e-17,1.06581410364015e-12
fromm,0.001,44,2.781050132416804e-17,1.06581410364015e-12
fromm,0.001,45,1.7348601193999985e-17,1.06581410364015e-12
fromm,0.001,46,9.197927888366422e-18,1.06581410364015e-12
fromm,0.001,47,1.6847224669961863e-18,1.06581410364015e-12
ub3,1.0,0,0.9999999999999998,1.06581410364015e-12
ub3,1.0,1,0.9751914443789799,1.06581410364015e-12
ub3,1.0,2,0.9751914443789793,1.06581410364015e-12
ub3,1.0,3,0.9028925780587778,1.06581410364015e-12
ub3,1.0,4,0.9028925780587775,1.06581410364015e-12
ub3,1.0,5,0.7892750419084588,1.06581410364015e-12
ub3,1.0,6,0.7892750419084585,1.06581410364015e-12
ub3,1.0,7,0.6439505508593798,1.06581410364015e-12
ub3,1.0,8,0.6439505508593786,1.06581410364015e-12
ub3,1.0,9,0.4790324110948551,1.06581410364015e-12
ub3,1.0,10,0.479032411094855,1.06581410364015e-12
ub3,1.0,11,0.30795984417042893,1.06581410364015e-12
ub3,1.0,12,0.3079598441704288,1.06581410364015e-12
ub3,1.0,13,0.23570226039551584,1.06581410364015e-12
ub3,1.0,14,0.23570226039551578,1.06581410364015e-12
ub3,1.0,15,0.23353438902443774,1.06581410364015e-12
ub3,1.0,16,0.2335343890244377,1.06581410364015e-12
ub3,1.0,17,0.20480416247382585,1.06581410364015e-12
ub3,1.0,18,0.20480416247382577,1.06581410364015e-12
ub3,1.0,19,0.19359165114922158,1.06581410364015e-12
ub3,1.0,20,0.19359165114922156,1.06581410364015e-12
ub3,1.0,21,0.17254603006834723,1.06581410364015e-12
ub3,1.0,22,0.17254603006834715,1.06581410364015e-12
ub3,1.0,23,0.16260959207973993,1.06581410364015e-12
ub3,1.0,24,0.16260959207973988,1.06581410364015e-12
ub3,1.0,25,0.1569965670996904,1.06581410364015e-12
ub3,1.0,26,0.15699656709969037,1.06581410364015e-12
ub3,1.0,27,0.1485480985742059,1.06581410364015e-12
ub3,1.0,28,0.14854809857420587,1.06581410364015e-12
ub3,1.0,29,0.1442057494829159,1.06581410364015e-12
ub3,1.0,30,0.14420574948291587,1.06581410364015e-12
ub3,1.0,31,0.1275611441216966,1.06581410364015e-12
ub3,1.0,32,0.12756114412169653,1.06581410364015e-12
ub3,1.0,33,0.11886806295456083,1.06581410364015e-12
ub3,1.0,34,0.11886806295456076,1.06581410364015e-12
ub3,1.0,35,0.11480199670560454,1.06581410364015e-12
ub3,1.0,36,0.11480199670560447,1.06581410364015e-12
ub3,1.0,37,0.07670824178916667,1.06581410364015e-12
ub3,1.0,38,0.07670824178916665,1.06581410364015e-12
ub3,1.0,39,0.07111440576491608,1.06581410364015e-12
ub3,1.0,40,0.07111440576491607,1.06581410364015e-12
ub3,1.0,41,0.06391742417239224,1.06581410364015e-12
ub3,1.0,42,0.06391742417239216,1.06581410364015e-12
ub3,1.0,43,9.635345952074163e-17,1.06581410364015e-12
ub3,1.0,44,5.821722042849251e-17,1.06581410364015e-12
ub3,1.0,45,4.1031555438023826e-17,1.06581410364015e-12
ub3,1.0,46,3.401012183880349e-17,1.06581410364015e-12
ub3,1.0,47,9.572217312720397e-18,1.06581410364015e-12
ub3,0.9,0,1.0000000000000002,1.0658141036401505e-12
ub3,0.9,1,0.9754364394715015,1.0658141036401505e-12
ub3,0.9,2,0.9754364394715009,1.0658141036401505e-12
ub3,0.9,3,0.9039332180108051,1.0658141036401505e-12
ub3,0.9,4,0.9039332180108048,1.0658141036401505e-12
ub3,0.9,5,0.7924320508510275,1.0658141036401505e-12
ub3,0.9,6,0.7924320508510267,1.0658141036401505e-12
ub3,0.9,7,0.678533134426643,1.0658141036401505e-12
ub3,0.9,8,0.6081165789074106,1.0658141036401505e-12
ub3,0.9,9,0.47460774659813104,1.0658141036401505e-12
ub3,0.9,10,0.47460774659813104,1.0658141036401505e-12
ub3,0.9,11,0.3058234972412346,1.0658141036401505e-12
ub3,0.9,12,0.3058234972412344,1.0658141036401505e-12
ub3,0.9,13,0.23295055755443242,1.0658141036401505e-12
ub3,0.9,14,0.22357893715118557,1.0658141036401505e-12
ub3,0.9,15,0.2235789371511855,1.0658141036401505e-12
ub3,0.9,16,0.2007870797382841,1.0658141036401505e-12
ub3,0.9,17,0.18496761942564452,1.0658141036401505e-12
ub3,0.9,18,0.18496761942564446,1.0658141036401505e-12
ub3,0.9,19,0.18013893091280356,1.0658141036401505e-12
ub3,0.9,20,0.1801389309128035,1.0658141036401505e-12
ub3,0.9,21,0.1437098415200173,1.0658141036401505e-12
ub3,0.9,22,0.14370984152001728,1.0658141036401505e-12
ub3,0.9,23,0.13798874045517773,1.0658141036401505e-12
ub3,0.9,24,0.13110686442809055,1.0658141036401505e-12
ub3,0.9,25,0.13110686442809047,1.0658141036401505e-12
ub3,0.9,26,0.1282142848875636,1.0658141036401505e-12
ub3,0.9,27,0.1282142848875636,1.0658141036401505e-12
ub3,0.9,28,0.10961602351536176,1.0658141036401505e-12
ub3,0.9,29,0.10961602351536173,1.0658141036401505e-12
ub3,0.9,30,0.1026581980851898,1.0658141036401505e-12
ub3,0.9,31,0.09962883562529325,1.0658141036401505e-12
ub3,0.9,32,0.0996288356252932,1.0658141036401505e-12
ub3,0.9,33,0.09475431940829886,1.0658141036401505e-12
ub3,0.9,34,0.09475431940829877,1.0658141036401505e-12
ub3,0.9,35,0.07236090590073506,1.0658141036401505e-12
ub3,0.9,36,0.072360905900735,1.0658141036401505e-12
ub3,0.9,37,0.06806393445071603,1.0658141036401505e-12
ub3,0.9,38,0.06806393445071603,1.0658141036401505e-12
ub3,0.9,39,0.054901650193821455,1.0658141036401505e-12
ub3,0.9,40,0.05490165019382142,1.0658141036401505e-12
ub3,0.9,41,0.039077524829005075,1.0658141036401505e-12
ub3,0.9,42,0.03907752482900505,1.0658141036401505e-12
ub3,0.9,43,8.983983531387965e-17,1.0658141036401505e-12
ub3,0.9,44,6.257892785061886e-17,1.0658141036401505e-12
ub3,0.9,45,3.8940436070247756e-17,1.0658141036401505e-12
ub3,0.9,46,2.5619568511500935e-17,1.0658141036401505e-12
ub3,0.9,47,1.4765357507987548e-17,1.0658141036401505e-12
ub3,0.5,0,0.9999999999999999,1.06581410364015e-12
ub3,0.5,1,0.9817871147902442,1.06581410364015e-12
ub3,0.5,2,0.9817871147902433,1.06581410364015e-12
ub3,0.5,3,0.9311723933504482,1.06581410364015e-12
ub3,0.5,4,0.9311723933504479,1.06581410364015e-12
ub3,0.5,5,0.8649200989264006,1.06581410364015e-12
ub3,0.5,6,0.8649200989264001,1.06581410364015e-12
ub3,0.5,7,0.8284800209380001,1.06581410364015e-12
ub3,0.5,8,0.4340133979828808,1.06581410364015e-12
ub3,0.5,9,0.3800680335323511,1.06581410364015e-12
ub3,0.5,10,0.38006803353235086,1.06581410364015e-12
ub3,0.5,11,0.2628611860185125,1.06581410364015e-12
ub3,0.5,12,0.26286118601851227,1.06581410364015e-12
ub3,0.5,13,0.14466244606477083,1.06581410364015e-12
ub3,0.5,14,0.1360464708294933,1.06581410364015e-12
ub3,0.5,15,0.13604647082949325,1.06581410364015e-12
ub3,0.5,16,0.13074687662134754,1.06581410364015e-12
ub3,0.5,17,0.13074687662134749,1.06581410364015e-12
ub3,0.5,18,0.10882829186956396,1.06581410364015e-12
ub3,0.5,19,0.10882829186956394,1.06581410364015e-12
ub3,0.5,20,0.061734136773787196,1.06581410364015e-12
ub3,0.5,21,0.06173413677378716,1.06581410364015e-12
ub3,0.5,22,0.05770462849568969,1.06581410364015e-12
ub3,0.5,23,0.05277168049760783,1.06581410364015e-12
ub3,0.5,24,0.05277168049760775,1.06581410364015e-12
ub3,0.5,25,0.039439486436751284,1.06581410364015e-12
ub3,0.5,26,0.03943948643675124,1.06581410364015e-12
ub3,0.5,27,0.020862446470000018,1.06581410364015e-12
ub3,0.5,28,0.020862446469999966,1.06581410364015e-12
ub3,0.5,29,0.015296697420420174,1.06581410364015e-12
ub3,0.5,30,0.014170305175613603,1.06581410364015e-12
ub3,0.5,31,0.0141703051756136,1.06581410364015e-12
ub3,0.5,32,0.010916817618691892,1.06581410364015e-12
ub3,0.5,33,0.010916817618691845,1.06581410364015e-12
ub3,0.5,34,0.005947639658833632,1.06581410364015e-12
ub3,0.5,35,0.005947639658833578,1.06581410364015e-12
ub3,0.5,36,0.0027596707995061146,1.06581410364015e-12
ub3,0.5,37,0.0025492889159339665,1.06581410364015e-12
ub3,0.5,38,0.0025492889159339544,1.06581410364015e-12
ub3,0.5,39,0.00195055662364868,1.06581410364015e-12
ub3,0.5,40,0.0019505566236486648,1.06581410364015e-12
ub3,0.5,41,0.0010553144615215856,1.06581410364015e-12
ub3,0.5,42,0.001055314461521536,1.06581410364015e-12
ub3,0.5,43,6.504527679348377e-17,1.06581410364015e-12
ub3,0.5,44,6.104630198590324e-17,1.06581410364015e-12
ub3,0.5,45,5.480288004533989e-17,1.06581410364015e-12
ub3,0.5,46,1.8052956114415416e-17,1.06581410364015e-12
ub3,0.5,47,6.021266697709629e-18,1.06581410364015e-12
ub3,0.1,0,1.0000000000000002,1.0658141036401505e-12
ub3,0.1,1,0.9957959308346869,1.0658141036401505e-12
ub3,0.1,2,0.9957959308346869,1.0658141036401505e-12
ub3,0.1,3,0.9853086290388792,1.0658141036401505e-12
ub3,0.1,4,0.9853086290388792,1.0658141036401505e-12
ub3,0.1,5,0.9743062137860053,1.0658141036401505e-12
ub3,0.1,6,0.9743062137860052,1.0658141036401505e-12
ub3,0.1,7,0.9695856210058958,1.0658141036401505e-12
ub3,0.1,8,0.11919574644005476,1.0658141036401505e-12
ub3,0.1,9,0.10826481922421947,1.0658141036401505e-12
ub3,0.1,10,0.10826481922421945,1.0658141036401505e-12
ub3,0.1,11,0.07946336613067408,1.0658141036401505e-12
ub3,0.1,12,0.07946336613067405,1.0658141036401505e-12
ub3,0.1,13,0.041183094842330736,1.0658141036401505e-12
ub3,0.1,14,0.04118309484233073,1.0658141036401505e-12
ub3,0.1,15,0.00836056469593236,1.0658141036401505e-12
ub3,0.1,16,0.007867203677555818,1.0658141036401505e-12
ub3,0.1,17,0.007867203677555806,1.0658141036401505e-12
ub3,0.1,18,0.0063005445874012534,1.0658141036401505e-12
ub3,0.1,19,0.006300544587401222,1.0658141036401505e-12
ub3,0.1,20,0.0035739687983586967,1.0658141036401505e-12
ub3,0.1,21,0.003573968798358687,1.0658141036401505e-12
ub3,0.1,22,0.000445169435679988,1.0658141036401505e-12
ub3,0.1,23,0.00040675751585399385,1.0658141036401505e-12
ub3,0.1,24,0.00040675751585397585,1.0658141036401505e-12
ub3,0.1,25,0.00030305653393241164,1.0658141036401505e-12
ub3,0.1,26,0.00030305653393236805,1.0658141036401505e-12
ub3,0.1,27,0.00015960964263958985,1.0658141036401505e-12
ub3,0.1,28,0.00015960964263952914,1.0658141036401505e-12
ub3,0.1,29,1.3763331482000537e-05,1.0658141036401505e-12
ub3,0.1,30,1.2713212654159998e-05,1.0658141036401505e-12
ub3,0.1,31,1.2713212654139171e-05,1.0658141036401505e-12
ub3,0.1,32,9.722202872080408e-06,1.0658141036401505e-12
ub3,0.1,33,9.722202872047486e-06,1.0658141036401505e-12
ub3,0.1,34,5.254752331294328e-06,1.0658141036401505e-12
ub3,0.1,35,5.254752331278803e-06,1.0658141036401505e-12
ub3,0.1,36,2.663568853812129e-07,1.0658141036401505e-12
ub3,0.1,37,2.463460779557514e-07,1.0658141036401505e-12
ub3,0.1,38,2.463460779140755e-07,1.0658141036401505e-12
ub3,0.1,39,1.889769187766657e-07,1.0658141036401505e-12
ub3,0.1,40,1.8897691875945202e-07,1.0658141036401505e-12
ub3,0.1,41,1.0246299644758971e-07,1.0658141036401505e-12
ub3,0.1,42,1.0246299641993295e-07,1.0658141036401505e-12
ub3,0.1,43,6.061594832683101e-17,1.0658141036401505e-12
ub3,0.1,44,5.053814126521986e-17,1.0658141036401505e-12
ub3,0.1,45,3.2555085210341117e-17,1.0658141036401505e-12
ub3,0.1,46,1.2843526014596981e-17,1.0658141036401505e-12
ub3,0.1,47,6.313897747262583e-18,1.0658141036401505e-12
ub3,0.05,0,1.0,1.0658141036401503e-12
ub3,0.05,1,0.9979151261690388,1.0658141036401503e-12
ub3,0.05,2,0.9979151261690385,1.0658141036401503e-12
ub3,0.05,3,0.9927985662156285,1.0658141036401503e-12
ub3,0.05,4,0.9927985662156285,1.0658141036401503e-12
ub3,0.05,5,0.9875601824427602,1.0658141036401503e-12
ub3,0.05,6,0.98756018244276,1.0658141036401503e-12
ub3,0.05,7,0.9853534143765287,1.0658141036401503e-12
ub3,0.05,8,0.061439731002087605,1.0658141036401503e-12
ub3,0.05,9,0.05591592588129723,1.0658141036401503e-12
ub3,0.05,10,0.05591592588129722,1.0658141036401503e-12
ub3,0.05,11,0.0412164385581605,1.0658141036401503e-12
ub3,0.05,12,0.041216438558160436,1.0658141036401503e-12
ub3,0.05,13,0.021437783948228574,1.0658141036401503e-12
ub3,0.05,14,0.021437783948228564,1.0658141036401503e-12
ub3,0.05,15,0.0020960288454838156,1.0658141036401503e-12
ub3,0.05,16,0.001974462134979583,1.0658141036401503e-12
ub3,0.05,17,0.0019744621349795767,1.0658141036401503e-12
ub3,0.05,18,0.0015855024059804677,1.0658141036401503e-12
ub3,0.05,19,0.0015855024059804315,1.0658141036401503e-12
ub3,0.05,20,0.0009019015061833208,1.0658141036401503e-12
ub3,0.05,21,0.000901901506183278,1.0658141036401503e-12
ub3,0.05,22,5.3120329192730603e-05,1.0658141036401503e-12
ub3,0.05,23,4.848270492896485e-05,1.0658141036401503e-12
ub3,0.05,24,4.8482704928943554e-05,1.0658141036401503e-12
ub3,0.05,25,3.601350078828971e-05,1.0658141036401503e-12
ub3,0.05,26,3.6013500788252e-05,1.0658141036401503e-12
ub3,0.05,27,1.8900465047656077e-05,1.0658141036401503e-12
ub3,0.05,28,1.8900465047636832e-05,1.0658141036401503e-12
ub3,0.05,29,7.716924438333862e-07,1.0658141036401503e-12
ub3,0.05,30,7.124690623088916e-07,1.0658141036401503e-12
ub3,0.05,31,7.124690622799087e-07,1.0658141036401503e-12
ub3,0.05,32,5.440720715901369e-07,1.0658141036401503e-12
ub3,0.05,33,5.440720715854443e-07,1.0658141036401503e-12
ub3,0.05,34,2.935550611108945e-07,1.0658141036401503e-12
ub3,0.05,35,2.9355506108729444e-07,1.0658141036401503e-12
ub3,0.05,36,7.00436226418158e-09,1.0658141036401503e-12
ub3,0.05,37,6.479853071173182e-09,1.0658141036401503e-12
ub3,0.05,38,6.479853057530346e-09,1.0658141036401503e-12
ub3,0.05,39,4.972844820604261e-09,1.0658141036401503e-12
ub3,0.05,40,4.9728447999619044e-09,1.0658141036401503e-12
ub3,0.05,41,2.6964577772145798e-09,1.0658141036401503e-12
ub3,0.05,42,2.6964577359121663e-09,1.0658141036401503e-12
ub3,0.05,43,6.432386961759604e-17,1.0658141036401503e-12
ub3,0.05,44,4.968842091063906e-17,1.0658141036401503e-12
ub3,0.05,45,2.789043345549425e-17,1.0658141036401503e-12
ub3,0.05,46,6.056375644906018e-18,1.0658141036401503e-12
ub3,0.05,47,9.90655522179853e-19,1.0658141036401503e-12
ub3,0.01,0,0.9999999999999998,1.06581410364015e-12
ub3,0.01,1,0.9995905088796357,1.06581410364015e-12
ub3,0.01,2,0.9995905088796355,1.06581410364015e-12
ub3,0.01,3,0.9985986573063621,1.06581410364015e-12
ub3,0.01,4,0.9985986573063619,1.06581410364015e-12
ub3,0.01,5,0.9976021769702835,1.06581410364015e-12
ub3,0.01,6,0.9976021769702833,1.06581410364015e-12
ub3,0.01,7,0.997188056995357,1.06581410364015e-12
ub3,0.01,8,0.012533988554138342,1.06581410364015e-12
ub3,0.01,9,0.011421572971816549,1.06581410364015e-12
ub3,0.01,10,0.011421572971816538,1.06581410364015e-12
ub3,0.01,11,0.008442868791367528,1.06581410364015e-12
ub3,0.01,12,0.008442868791367488,1.06581410364015e-12
ub3,0.01,13,0.004402281141733714,1.06581410364015e-12
ub3,0.01,14,0.004402281141733682,1.06581410364015e-12
ub3,0.01,15,8.335342869160786e-05,1.06581410364015e-12
ub3,0.01,16,7.860880790084674e-05,1.06581410364015e-12
ub3,0.01,17,7.860880790080737e-05,1.06581410364015e-12
ub3,0.01,18,6.3299765998563e-05,1.06581410364015e-12
ub3,0.01,19,6.32997659985514e-05,1.06581410364015e-12
ub3,0.01,20,3.61114398462588e-05,1.06581410364015e-12
ub3,0.01,21,3.611143984625312e-05,1.06581410364015e-12
ub3,0.01,22,4.0740110321725526e-07,1.06581410364015e-12
ub3,0.01,23,3.713550890387142e-07,1.06581410364015e-12
ub3,0.01,24,3.713550889853437e-07,1.06581410364015e-12
ub3,0.01,25,2.748845345168446e-07,1.06581410364015e-12
ub3,0.01,26,2.748845345021514e-07,1.06581410364015e-12
ub3,0.01,27,1.4367084168646525e-07,1.06581410364015e-12
ub3,0.01,28,1.4367084166484164e-07,1.06581410364015e-12
ub3,0.01,29,1.1258775118129368e-09,1.06581410364015e-12
ub3,0.01,30,1.0391689188628214e-09,1.06581410364015e-12
ub3,0.01,31,1.0391688943129866e-09,1.06581410364015e-12
ub3,0.01,32,7.927250315433773e-10,1.06581410364015e-12
ub3,0.01,33,7.927250135808954e-10,1.06581410364015e-12
ub3,0.01,34,4.2710260320001805e-10,1.06581410364015e-12
ub3,0.01,35,4.271025745420594e-10,1.06581410364015e-12
ub3,0.01,36,1.9434003591871887e-12,1.06581410364015e-12
ub3,0.01,37,1.798359556992136e-12,1.06581410364015e-12
ub3,0.01,38,1.7983410771072668e-12,1.06581410364015e-12
ub3,0.01,39,1.3806066219980167e-12,1.06581410364015e-12
ub3,0.01,40,1.3805811898771715e-12,1.06581410364015e-12
ub3,0.01,41,7.485600243317903e-13,1.06581410364015e-12
ub3,0.01,42,7.485236557088062e-13,1.06581410364015e-12
ub3,0.01,43,5.341177545826087e-17,1.06581410364015e-12
ub3,0.01,44,4.07316123016167e-17,1.06581410364015e-12
ub3,0.01,45,2.0350994071708845e-17,1.06581410364015e-12
ub3,0.01,46,1.448496542222943e-17,1.06581410364015e-12
ub3,0.01,47,2.9164510141247524e-18,1.06581410364015e-12
ub3,0.001,0,0.9999999999999999,1.06581410364015e-12
ub3,0.001,1,0.9999592917959894,1.06581410364015e-12
ub3,0.001,2,0.9999592917959894,1.06581410364015e-12
ub3,0.001,3,0.9998609811907176,1.06581410364015e-12
ub3,0.001,4,0.9998609811907171,1.06581410364015e-12
ub3,0.001,5,0.9997626248683715,1.06581410364015e-12
ub3,0.001,6,0.9997626248683714,1.06581410364015e-12
ub3,0.001,7,0.9997218709472784,1.06581410364015e-12
ub3,0.001,8,0.0012581992913753388,1.06581410364015e-12
ub3,0.001,9,0.0011468140653201329,1.06581410364015e-12
ub3,0.001,10,0.0011468140653201162,1.06581410364015e-12
ub3,0.001,11,0.0008482040870446827,1.06581410364015e-12
ub3,0.001,12,0.0008482040870446482,1.06581410364015e-12
ub3,0.001,13,0.0004424933848076352,1.06581410364015e-12
ub3,0.001,14,0.00044249338480756366,1.06581410364015e-12
ub3,0.001,15,8.316224810711232e-07,1.06581410364015e-12
ub3,0.001,16,7.845178003496143e-07,1.06581410364015e-12
ub3,0.001,17,7.845178003289519e-07,1.06581410364015e-12
ub3,0.001,18,6.321869460732186e-07,1.06581410364015e-12
ub3,0.001,19,6.32186946055658e-07,1.06581410364015e-12
ub3,0.001,20,3.6091582901720053e-07,1.06581410364015e-12
ub3,0.001,21,3.6091582898918587e-07,1.06581410364015e-12
ub3,0.001,22,4.033284418345184e-10,1.06581410364015e-12
ub3,0.001,23,3.6751475296408615e-10,1.06581410364015e-12
ub3,0.001,24,3.6751474076962035e-10,1.06581410364015e-12
ub3,0.001,25,2.717835593443003e-10,1.06581410364015e-12
ub3,0.001,26,2.717835439586397e-10,1.06581410364015e-12
ub3,0.001,27,1.4188976896414738e-10,1.06581410364015e-12
ub3,0.001,28,1.418897611850369e-10,1.06581410364015e-12
ub3,0.001,29,1.1019930675846141e-13,1.06581410364015e-12
ub3,0.001,30,1.0171015222609859e-13,1.06581410364015e-12
ub3,0.001,31,1.0168000380856153e-13,1.06581410364015e-12
ub3,0.001,32,7.757866907724131e-14,1.06581410364015e-12
ub3,0.001,33,7.755133619196507e-14,1.06581410364015e-12
ub3,0.001,34,4.1800801837269434e-14,1.06581410364015e-12
ub3,0.001,35,4.17731745615271e-14,1.06581410364015e-12
ub3,0.001,36,7.858142745862231e-17,1.06581410364015e-12
ub3,0.001,37,7.12650328907323e-17,1.06581410364015e-12
ub3,0.001,38,5.163371779596759e-17,1.06581410364015e-12
ub3,0.001,39,5.056005559052461e-17,1.06581410364015e-12
ub3,0.001,40,4.661699320588896e-17,1.06581410364015e-12
ub3,0.001,41,3.6478602211440716e-17,1.06581410364015e-12
ub3,0.001,42,2.760896300408871e-17,1.06581410364015e-12
ub3,0.001,43,2.235686265290681e-17,1.06581410364015e-12
ub3,0.001,44,1.786507980542553e-17,1.06581410364015e-12
ub3,0.001,45,6.5956610011039385e-18,1.06581410364015e-12
ub3,0.001,46,4.916090967931314e-18,1.06581410364015e-12
ub3,0.001,47,3.9632568562264374e-18,1.06581410364015e-12
ub5,1.0,0,0.9999999999999998,1.06581410364015e-12
ub5,1.0,1,0.9751914443789799,1.06581410364015e-12
ub5,1.0,2,0.9751914443789793,1.06581410364015e-12
ub5,1.0,3,0.9028925780587778,1.06581410364015e-12
ub5,1.0,4,0.9028925780587775,1.06581410364015e-12
ub5,1.0,5,0.7892750419084588,1.06581410364015e-12
ub5,1.0,6,0.7892750419084585,1.06581410364015e-12
ub5,1.0,7,0.6439505508593798,1.06581410364015e-12
ub5,1.0,8,0.6439505508593786,1.06581410364015e-12
ub5,1.0,9,0.4790324110948551,1.06581410364015e-12
ub5,1.0,10,0.479032411094855,1.06581410364015e-12
ub5,1.0,11,0.30795984417042893,1.06581410364015e-12
ub5,1.0,12,0.3079598441704288,1.06581410364015e-12
ub5,1.0,13,0.23570226039551584,1.06581410364015e-12
ub5,1.0,14,0.23570226039551578,1.06581410364015e-12
ub5,1.0,15,0.23353438902443774,1.06581410364015e-12
ub5,1.0,16,0.2335343890244377,1.06581410364015e-12
ub5,1.0,17,0.20480416247382585,1.06581410364015e-12
ub5,1.0,18,0.20480416247382577,1.06581410364015e-12
ub5,1.0,19,0.19359165114922158,1.06581410364015e-12
ub5,1.0,20,0.19359165114922156,1.06581410364015e-12
ub5,1.0,21,0.17254603006834723,1.06581410364015e-12
ub5,1.0,22,0.17254603006834715,1.06581410364015e-12
ub5,1.0,23,0.16260959207973993,1.06581410364015e-12
ub5,1.0,24,0.16260959207973988,1.06581410364015e-12
ub5,1.0,25,0.1569965670996904,1.06581410364015e-12
ub5,1.0,26,0.15699656709969037,1.06581410364015e-12
ub5,1.0,27,0.1485480985742059,1.06581410364015e-12
ub5,1.0,28,0.14854809857420587,1.06581410364015e-12
ub5,1.0,29,0.1442057494829159,1.06581410364015e-12
ub5,1.0,30,0.14420574948291587,1.06581410364015e-12
ub5,1.0,31,0.1275611441216966,1.06581410364015e-12
ub5,1.0,32,0.12756114412169653,1.06581410364015e-12
ub5,1.0,33,0.11886806295456083,1.06581410364015e-12
ub5,1.0,34,0.11886806295456076,1.06581410364015e-12
ub5,1.0,35,0.11480199670560454,1.06581410364015e-12
ub5,1.0,36,0.11480199670560447,1.06581410364015e-12
ub5,1.0,37,0.07670824178916667,1.06581410364015e-12
ub5,1.0,38,0.07670824178916665,1.06581410364015e-12
ub5,1.0,39,0.07111440576491608,1.06581410364015e-12
ub5,1.0,40,0.07111440576491607,1.06581410364015e-12
ub5,1.0,41,0.06391742417239224,1.06581410364015e-12
ub5,1.0,42,0.06391742417239216,1.06581410364015e-12
ub5,1.0,43,9.635345952074163e-17,1.06581410364015e-12
ub5,1.0,44,5.821722042849251e-17,1.06581410364015e-12
ub5,1.0,45,4.1031555438023826e-17,1.06581410364015e-12
ub5,1.0,46,3.401012183880349e-17,1.06581410364015e-12
ub5,1.0,47,9.572217312720397e-18,1.06581410364015e-12
ub5,0.9,0,1.0000000000000004,1.0658141036401507e-12
ub5,0.9,1,0.9754646282088437,1.0658141036401507e-12
ub5,0.9,2,0.9754646282088436,1.0658141036401507e-12
ub5,0.9,3,0.9040975365891809,1.0658141036401507e-12
ub5,0.9,4,0.9040975365891802,1.0658141036401507e-12
ub5,0.9,5,0.7929368667027609,1.0658141036401507e-12
ub5,0.9,6,0.7929368667027606,1.0658141036401507e-12
ub5,0.9,7,0.6794799743771429,1.0658141036401507e-12
ub5,0.9,8,0.6093763535262186,1.0658141036401507e-12
ub5,0.9,9,0.47636848578478164,1.0658141036401507e-12
ub5,0.9,10,0.4763684857847813,1.0658141036401507e-12
ub5,0.9,11,0.307902150753821,1.0658141036401507e-12
ub5,0.9,12,0.3079021507538206,1.0658141036401507e-12
ub5,0.9,13,0.24425040606298376,1.0658141036401507e-12
ub5,0.9,14,0.23277776934181085,1.0658141036401507e-12
ub5,0.9,15,0.23277776934181074,1.0658141036401507e-12
ub5,0.9,16,0.20828536086671376,1.0658141036401507e-12
ub5,0.9,17,0.19070053862697142,1.0658141036401507e-12
ub5,0.9,18,0.19070053862697134,1.0658141036401507e-12
ub5,0.9,19,0.18816560646441952,1.0658141036401507e-12
ub5,0.9,20,0.18816560646441938,1.0658141036401507e-12
ub5,0.9,21,0.1464149320476202,1.0658141036401507e-12
ub5,0.9,22,0.1453459172909332,1.0658141036401507e-12
ub5,0.9,23,0.14534591729093319,1.0658141036401507e-12
ub5,0.9,24,0.13824410796720357,1.0658141036401507e-12
ub5,0.9,25,0.13824410796720352,1.0658141036401507e-12
ub5,0.9,26,0.13595613810393423,1.0658141036401507e-12
ub5,0.9,27,0.13595613810393414,1.0658141036401507e-12
ub5,0.9,28,0.11204830514937046,1.0658141036401507e-12
ub5,0.9,29,0.11204830514937042,1.0658141036401507e-12
ub5,0.9,30,0.1108000676817692,1.0658141036401507e-12
ub5,0.9,31,0.1054371700846378,1.0658141036401507e-12
ub5,0.9,32,0.10543717008463775,1.0658141036401507e-12
ub5,0.9,33,0.10225949966514536,1.0658141036401507e-12
ub5,0.9,34,0.10225949966514533,1.0658141036401507e-12
ub5,0.9,35,0.07807496586641167,1.0658141036401507e-12
ub5,0.9,36,0.07807496586641165,1.0658141036401507e-12
ub5,0.9,37,0.07230179539021467,1.0658141036401507e-12
ub5,0.9,38,0.07230179539021463,1.0658141036401507e-12
ub5,0.9,39,0.05793107745829952,1.0658141036401507e-12
ub5,0.9,40,0.057931077458299465,1.0658141036401507e-12
ub5,0.9,41,0.04215441013368821,1.0658141036401507e-12
ub5,0.9,42,0.04215441013368813,1.0658141036401507e-12
ub5,0.9,43,1.1053612260661559e-16,1.0658141036401507e-12
ub5,0.9,44,9.30265267736073e-17,1.0658141036401507e-12
ub5,0.9,45,2.4993248600867363e-17,1.0658141036401507e-12
ub5,0.9,46,1.935979515911489e-17,1.0658141036401507e-12
ub5,0.9,47,8.70771111883815e-18,1.0658141036401507e-12
ub5,0.5,0,0.9999999999999994,1.0658141036401497e-12
ub5,0.5,1,0.9823770714717079,1.0658141036401497e-12
ub5,0.5,2,0.9823770714717075,1.0658141036401497e-12
ub5,0.5,3,0.9333471683236568,1.0658141036401497e-12
ub5,0.5,4,0.9333471683236558,1.0658141036401497e-12
ub5,0.5,5,0.8688858166379013,1.0658141036401497e-12
ub5,0.5,6,0.8688858166378995,1.0658141036401497e-12
ub5,0.5,7,0.8331688503266336,1.0658141036401497e-12
ub5,0.5,8,0.45065648416579135,1.0658141036401497e-12
ub5,0.5,9,0.39571022598854527,1.0658141036401497e-12
ub5,0.5,10,0.39571022598854516,1.0658141036401497e-12
ub5,0.5,11,0.27546632958033557,1.0658141036401497e-12
ub5,0.5,12,0.27546632958033535,1.0658141036401497e-12
ub5,0.5,13,0.1642170345278244,1.0658141036401497e-12
ub5,0.5,14,0.1540493393735538,1.0658141036401497e-12
ub5,0.5,15,0.15404933937355372,1.0658141036401497e-12
ub5,0.5,16,0.13792602904781887,1.0658141036401497e-12
ub5,0.5,17,0.1379260290478188,1.0658141036401497e-12
ub5,0.5,18,0.12247641597058327,1.0658141036401497e-12
ub5,0.5,19,0.12247641597058315,1.0658141036401497e-12
ub5,0.5,20,0.06902995617756856,1.0658141036401497e-12
ub5,0.5,21,0.06902995617756856,1.0658141036401497e-12
ub5,0.5,22,0.0663551626552532,1.0658141036401497e-12
ub5,0.5,23,0.06072931654101012,1.0658141036401497e-12
ub5,0.5,24,0.06072931654100982,1.0658141036401497e-12
ub5,0.5,25,0.04545542515919021,1.0658141036401497e-12
ub5,0.5,26,0.04545542515919015,1.0658141036401497e-12
ub5,0.5,27,0.02407056877030832,1.0658141036401497e-12
ub5,0.5,28,0.02407056877030827,1.0658141036401497e-12
ub5,0.5,29,0.017893403017300236,1.0658141036401497e-12
ub5,0.5,30,0.016597738955937046,1.0658141036401497e-12
ub5,0.5,31,0.016597738955937028,1.0658141036401497e-12
ub5,0.5,32,0.012829135914500111,1.0658141036401497e-12
ub5,0.5,33,0.012829135914500092,1.0658141036401497e-12
ub5,0.5,34,0.007013690741255918,1.0658141036401497e-12
ub5,0.5,35,0.007013690741255859,1.0658141036401497e-12
ub5,0.5,36,0.0033401638283060762,1.0658141036401497e-12
ub5,0.5,37,0.0030836517314642405,1.0658141036401497e-12
ub5,0.5,38,0.0030836517314642127,1.0658141036401497e-12
ub5,0.5,39,0.0023561249488923417,1.0658141036401497e-12
ub5,0.5,40,0.0023561249488923313,1.0658141036401497e-12
ub5,0.5,41,0.00127308733815504,1.0658141036401497e-12
ub5,0.5,42,0.0012730873381549925,1.0658141036401497e-12
ub5,0.5,43,8.805931577909673e-17,1.0658141036401497e-12
ub5,0.5,44,4.6823295956173965e-17,1.0658141036401497e-12
ub5,0.5,45,2.5029538432575175e-17,1.0658141036401497e-12
ub5,0.5,46,2.2442993020773076e-17,1.0658141036401497e-12
ub5,0.5,47,5.959699888072979e-18,1.0658141036401497e-12
ub5,0.1,0,1.0000000000000004,1.0658141036401507e-12
ub5,0.1,1,0.9968314060703606,1.0658141036401507e-12
ub5,0.1,2,0.9968314060703604,1.0658141036401507e-12
ub5,0.1,3,0.9888694941162657,1.0658141036401507e-12
ub5,0.1,4,0.988869494116265,1.0658141036401507e-12
ub5,0.1,5,0.9804364772093257,1.0658141036401507e-12
ub5,0.1,6,0.9804364772093257,1.0658141036401507e-12
ub5,0.1,7,0.9767957091548508,1.0658141036401507e-12
ub5,0.1,8,0.12479571973733776,1.0658141036401507e-12
ub5,0.1,9,0.11348026811103272,1.0658141036401507e-12
ub5,0.1,10,0.11348026811103272,1.0658141036401507e-12
ub5,0.1,11,0.08351210199071916,1.0658141036401507e-12
ub5,0.1,12,0.08351210199071908,1.0658141036401507e-12
ub5,0.1,13,0.043390315887722804,1.0658141036401507e-12
ub5,0.1,14,0.04339031588772277,1.0658141036401507e-12
ub5,0.1,15,0.00913991155615867,1.0658141036401507e-12
ub5,0.1,16,0.008660696793039359,1.0658141036401507e-12
ub5,0.1,17,0.008660696793039354,1.0658141036401507e-12
ub5,0.1,18,0.007046738275280536,1.0658141036401507e-12
ub5,0.1,19,0.0070467382752805235,1.0658141036401507e-12
ub5,0.1,20,0.004056010073573857,1.0658141036401507e-12
ub5,0.1,21,0.00405601007357384,1.0658141036401507e-12
ub5,0.1,22,0.0004982628294144041,1.0658141036401507e-12
ub5,0.1,23,0.0004538632726993396,1.0658141036401507e-12
ub5,0.1,24,0.00045386327269933006,1.0658141036401507e-12
ub5,0.1,25,0.00033443999308736767,1.0658141036401507e-12
ub5,0.1,26,0.00033443999308735645,1.0658141036401507e-12
ub5,0.1,27,0.0001732016687843253,1.0658141036401507e-12
ub5,0.1,28,0.00017320166878428533,1.0658141036401507e-12
ub5,0.1,29,1.4740953370512035e-05,1.0658141036401507e-12
ub5,0.1,30,1.3673971936991974e-05,1.0658141036401507e-12
ub5,0.1,31,1.3673971936981973e-05,1.0658141036401507e-12
ub5,0.1,32,1.0633680586178644e-05,1.0658141036401507e-12
ub5,0.1,33,1.0633680586171555e-05,1.0658141036401507e-12
ub5,0.1,34,5.9039565884107815e-06,1.0658141036401507e-12
ub5,0.1,35,5.9039565883767105e-06,1.0658141036401507e-12
ub5,0.1,36,3.0255596759247367e-07,1.0658141036401507e-12
ub5,0.1,37,2.7810691212224217e-07,1.0658141036401507e-12
ub5,0.1,38,2.781069120917719e-07,1.0658141036401507e-12
ub5,0.1,39,2.1154460385539218e-07,1.0658141036401507e-12
ub5,0.1,40,2.115446038174804e-07,1.0658141036401507e-12
ub5,0.1,41,1.1456005709182865e-07,1.0658141036401507e-12
ub5,0.1,42,1.1456005706432631e-07,1.0658141036401507e-12
ub5,0.1,43,6.584365817239238e-17,1.0658141036401507e-12
ub5,0.1,44,4.6993135765006026e-17,1.0658141036401507e-12
ub5,0.1,45,3.1720815195906754e-17,1.0658141036401507e-12
ub5,0.1,46,2.5032262428032358e-17,1.0658141036401507e-12
ub5,0.1,47,6.5621822794371615e-18,1.0658141036401507e-12
ub5,0.05,0,0.9999999999999999,1.06581410364015e-12
ub5,0.05,1,0.9985715294407754,1.06581410364015e-12
ub5,0.05,2,0.9985715294407754,1.06581410364015e-12
ub5,0.05,3,0.9950460329765959,1.06581410364015e-12
ub5,0.05,4,0.9950460329765957,1.06581410364015e-12
ub5,0.05,5,0.9914088874961894,1.06581410364015e-12
ub5,0.05,6,0.9914088874961893,1.06581410364015e-12
ub5,0.05,7,0.9898687180832966,1.06581410364015e-12
ub5,0.05,8,0.06378248880428808,1.06581410364015e-12
ub5,0.05,9,0.05807512565125653,1.06581410364015e-12
ub5,0.05,10,0.05807512565125651,1.06581410364015e-12
ub5,0.05,11,0.04285303340184499,1.06581410364015e-12
ub5,0.05,12,0.04285303340184492,1.06581410364015e-12
ub5,0.05,13,0.022309827662038442,1.06581410364015e-12
ub5,0.05,14,0.0223098276620384,1.06581410364015e-12
ub5,0.05,15,0.0022646024394622844,1.06581410364015e-12
ub5,0.05,16,0.0021523504232448393,1.06581410364015e-12
ub5,0.05,17,0.0021523504232448297,1.06581410364015e-12
ub5,0.05,18,0.0017628715531869473,1.06581410364015e-12
ub5,0.05,19,0.0017628715531869176,1.06581410364015e-12
ub5,0.05,20,0.001020658164789857,1.06581410364015e-12
ub5,0.05,21,0.0010206581647898133,1.06581410364015e-12
ub5,0.05,22,5.913535712249067e-05,1.06581410364015e-12
ub5,0.05,23,5.380565643813767e-05,1.06581410364015e-12
ub5,0.05,24,5.3805656438128495e-05,1.06581410364015e-12
ub5,0.05,25,3.946814224756168e-05,1.06581410364015e-12
ub5,0.05,26,3.9468142247537834e-05,1.06581410364015e-12
ub5,0.05,27,2.0280352180022977e-05,1.06581410364015e-12
ub5,0.05,28,2.0280352179972863e-05,1.06581410364015e-12
ub5,0.05,29,8.069974420085062e-07,1.06581410364015e-12
ub5,0.05,30,7.482041400113824e-07,1.06581410364015e-12
ub5,0.05,31,7.482041399838509e-07,1.06581410364015e-12
ub5,0.05,32,5.83403760347505e-07,1.06581410364015e-12
ub5,0.05,33,5.834037603043854e-07,1.06581410364015e-12
ub5,0.05,34,3.2684635842408776e-07,1.06581410364015e-12
ub5,0.05,35,3.2684635839189585e-07,1.06581410364015e-12
ub5,0.05,36,7.821278666418754e-09,1.06581410364015e-12
ub5,0.05,37,7.168879682819082e-09,1.06581410364015e-12
ub5,0.05,38,7.16887962664837e-09,1.06581410364015e-12
ub5,0.05,39,5.4396433226553725e-09,1.06581410364015e-12
ub5,0.05,40,5.439643317689023e-09,1.06581410364015e-12
ub5,0.05,41,2.9491837205360875e-09,1.06581410364015e-12
ub5,0.05,42,2.9491837155819353e-09,1.06581410364015e-12
ub5,0.05,43,1.0812011652533703e-16,1.06581410364015e-12
ub5,0.05,44,5.396292395044974e-17,1.06581410364015e-12
ub5,0.05,45,2.386004641861433e-17,1.06581410364015e-12
ub5,0.05,46,2.0519972818886862e-17,1.06581410364015e-12
ub5,0.05,47,1.1763663266958895e-17,1.06581410364015e-12
ub5,0.01,0,1.0000000000000004,1.0658141036401507e-12
ub5,0.01,1,0.9997467129578828,1.0658141036401507e-12
ub5,0.01,2,0.9997467129578828,1.0658141036401507e-12
ub5,0.01,3,0.9991322105786659,1.0658141036401507e-12
ub5,0.01,4,0.9991322105786654,1.0658141036401507e-12
ub5,0.01,5,0.9985134282265132,1.0658141036401507e-12
ub5,0.01,6,0.9985134282265131,1.0658141036401507e-12
ub5,0.01,7,0.9982558611493387,1.0658141036401507e-12
ub5,0.01,8,0.01290533930451482,1.0658141036401507e-12
ub5,0.01,9,0.011758170119102298,1.0658141036401507e-12
ub5,0.01,10,0.011758170119102287,1.0658141036401507e-12
ub5,0.01,11,0.00868782030551614,1.0658141036401507e-12
ub5,0.01,12,0.008687820305516113,1.0658141036401507e-12
ub5,0.01,13,0.004527416553160936,1.0658141036401507e-12
ub5,0.01,14,0.004527416553160922,1.0658141036401507e-12
ub5,0.01,15,8.925075103507002e-05,1.0658141036401507e-12
ub5,0.01,16,8.506863711082852e-05,1.0658141036401507e-12
ub5,0.01,17,8.506863711082364e-05,1.0658141036401507e-12
ub5,0.01,18,7.009771916443767e-05,1.0658141036401507e-12
ub5,0.01,19,7.009771916440253e-05,1.0658141036401507e-12
ub5,0.01,20,4.0794281562289024e-05,1.0658141036401507e-12
ub5,0.01,21,4.0794281562262935e-05,1.0658141036401507e-12
ub5,0.01,22,4.523833011199659e-07,1.0658141036401507e-12
ub5,0.01,23,4.11102658559741e-07,1.0658141036401507e-12
ub5,0.01,24,4.1110265853979163e-07,1.0658141036401507e-12
ub5,0.01,25,3.000719273933887e-07,1.0658141036401507e-12
ub5,0.01,26,3.000719273690955e-07,1.0658141036401507e-12
ub5,0.01,27,1.528629947537464e-07,1.0658141036401507e-12
ub5,0.01,28,1.5286299473301875e-07,1.0658141036401507e-12
ub5,0.01,29,1.1507307189138599e-09,1.0658141036401507e-12
ub5,0.01,30,1.0661964123992823e-09,1.0658141036401507e-12
ub5,0.01,31,1.0661963951502446e-09,1.0658141036401507e-12
ub5,0.01,32,8.340162329373731e-10,1.0658141036401507e-12
ub5,0.01,33,8.340162229978268e-10,1.0658141036401507e-12
ub5,0.01,34,4.725044023001082e-10,1.0658141036401507e-12
ub5,0.01,35,4.72504355543353e-10,1.0658141036401507e-12
ub5,0.01,36,2.135594322515709e-12,1.0658141036401507e-12
ub5,0.01,37,1.950299522681463e-12,1.0658141036401507e-12
ub5,0.01,38,1.950249808229858e-12,1.0658141036401507e-12
ub5,0.01,39,1.4756306847440546e-12,1.0658141036401507e-12
ub5,0.01,40,1.4756233845803403e-12,1.0658141036401507e-12
ub5,0.01,41,8.009561745077285e-13,1.0658141036401507e-12
ub5,0.01,42,8.009238820167554e-13,1.0658141036401507e-12
ub5,0.01,43,5.185486733903182e-17,1.0658141036401507e-12
ub5,0.01,44,3.0769628091171793e-17,1.0658141036401507e-12
ub5,0.01,45,2.6436109973587296e-17,1.0658141036401507e-12
ub5,0.01,46,2.3229324829197888e-17,1.0658141036401507e-12
ub5,0.01,47,4.323078570803898e-18,1.0658141036401507e-12
ub5,0.001,0,0.9999999999999997,1.0658141036401499e-12
ub5,0.001,1,0.9999754981082224,1.0658141036401499e-12
ub5,0.001,2,0.9999754981082222,1.0658141036401499e-12
ub5,0.001,3,0.9999163153365569,1.0658141036401499e-12
ub5,0.001,4,0.9999163153365567,1.0658141036401499e-12
ub5,0.001,5,0.9998570901605262,1.0658141036401499e-12
ub5,0.001,6,0.9998570901605259,1.0658141036401499e-12
ub5,0.001,7,0.9998325458643783,1.0658141036401499e-12
ub5,0.001,8,0.0012929039303588641,1.0658141036401499e-12
ub5,0.001,9,0.0011780912003768772,1.0658141036401499e-12
ub5,0.001,10,0.0011780912003768636,1.0658141036401499e-12
ub5,0.001,11,0.0008706357563009689,1.0658141036401499e-12
ub5,0.001,12,0.0008706357563009328,1.0658141036401499e-12
ub5,0.001,13,0.00045377089565706613,1.0658141036401499e-12
ub5,0.001,14,0.0004537708956570429,1.0658141036401499e-12
ub5,0.001,15,8.887685700881917e-07,1.0658141036401499e-12
ub5,0.001,16,8.477102593282604e-07,1.0658141036401499e-12
ub5,0.001,17,8.477102592798336e-07,1.0658141036401499e-12
ub5,0.001,18,6.995357506138797e-07,1.0658141036401499e-12
ub5,0.001,19,6.995357505656162e-07,1.0658141036401499e-12
ub5,0.001,20,4.075930077281234e-07,1.0658141036401499e-12
ub5,0.001,21,4.075930077155264e-07,1.0658141036401499e-12
ub5,0.001,22,4.4773979848708396e-10,1.0658141036401499e-12
ub5,0.001,23,4.067497723138915e-10,1.0658141036401499e-12
ub5,0.001,24,4.067497520302017e-10,1.0658141036401499e-12
ub5,0.001,25,2.9651031626813343e-10,1.0658141036401499e-12
ub5,0.001,26,2.9651030136078457e-10,1.0658141036401499e-12
ub5,0.001,27,1.5070298729358166e-10,1.0658141036401499e-12
ub5,0.001,28,1.5070298152614458e-10,1.0658141036401499e-12
ub5,0.001,29,1.1202651407568223e-13,1.0658141036401499e-12
ub5,0.001,30,1.0377042100809373e-13,1.0658141036401499e-12
ub5,0.001,31,1.0373495119180145e-13,1.0658141036401499e-12
ub5,0.001,32,8.124502518544609e-14,1.0658141036401499e-12
ub5,0.001,33,8.121875119428306e-14,1.0658141036401499e-12
ub5,0.001,34,4.618660966154892e-14,1.0658141036401499e-12
ub5,0.001,35,4.617376906907276e-14,1.0658141036401499e-12
ub5,0.001,36,8.567077691979536e-17,1.0658141036401499e-12
ub5,0.001,37,5.995191660021376e-17,1.0658141036401499e-12
ub5,0.001,38,4.874911850599032e-17,1.0658141036401499e-12
ub5,0.001,39,4.6462293034899143e-17,1.0658141036401499e-12
ub5,0.001,40,4.058541674838811e-17,1.0658141036401499e-12
ub5,0.001,41,3.5052973697575865e-17,1.0658141036401499e-12
ub5,0.001,42,2.9980294811706875e-17,1.0658141036401499e-12
ub5,0.001,43,2.2036716100588132e-17,1.0658141036401499e-12
ub5,0.001,44,1.604925191185968e-17,1.0658141036401499e-12
ub5,0.001,45,1.239852337020372e-17,1.0658141036401499e-12
ub5,0.001,46,4.0141593596274045e-18,1.0658141036401499e-12
ub5,0.001,47,2.3878719421634974e-19,1.0658141036401499e-12
weno5l,1.0,0,2.2656978613746084,2.4148127352403835e-12
weno5l,1.0,1,2.074259667299856,2.4148127352403835e-12
weno5l,1.0,2,2.0742596672998532,2.4148127352403835e-12
weno5l,1.0,3,1.570217272202332,2.4148127352403835e-12
weno5l,1.0,4,1.5702172722023318,2.4148127352403835e-12
weno5l,1.0,5,1.3421018716001438,2.4148127352403835e-12
weno5l,1.0,6,1.252233326450375,2.4148127352403835e-12
weno5l,1.0,7,1.2522333264503749,2.4148127352403835e-12
weno5l,1.0,8,1.0808183219396787,2.4148127352403835e-12
weno5l,1.0,9,1.0808183219396787,2.4148127352403835e-12
weno5l,1.0,10,1.0362571299635117,2.4148127352403835e-12
weno5l,1.0,11,1.0362571299635113,2.4148127352403835e-12
weno5l,1.0,12,1.0,2.4148127352403835e-12
weno5l,1.0,13,0.6918483683416522,2.4148127352403835e-12
weno5l,1.0,14,0.6904089103822152,2.4148127352403835e-12
weno5l,1.0,15,0.6904089103822152,2.4148127352403835e-12
weno5l,1.0,16,0.6898724190915031,2.4148127352403835e-12
weno5l,1.0,17,0.6898724190915027,2.4148127352403835e-12
weno5l,1.0,18,0.6400121357844203,2.4148127352403835e-12
weno5l,1.0,19,0.6400121357844201,2.4148127352403835e-12
weno5l,1.0,20,0.40548983097866226,2.4148127352403835e-12
weno5l,1.0,21,0.4054898309786619,2.4148127352403835e-12
weno5l,1.0,22,0.3397405695233839,2.4148127352403835e-12
weno5l,1.0,23,0.30973524629055493,2.4148127352403835e-12
weno5l,1.0,24,0.30973524629055493,2.4148127352403835e-12
weno5l,1.0,25,0.2316642301491037,2.4148127352403835e-12
weno5l,1.0,26,0.23166423014910364,2.4148127352403835e-12
weno5l,1.0,27,0.12353522590864806,2.4148127352403835e-12
weno5l,1.0,28,0.12353522590864802,2.4148127352403835e-12
weno5l,1.0,29,0.08061773173189765,2.4148127352403835e-12
weno5l,1.0,30,0.07724398329906688,2.4148127352403835e-12
weno5l,1.0,31,0.07724398329906655,2.4148127352403835e-12
weno5l,1.0,32,0.06421348372298986,2.4148127352403835e-12
weno5l,1.0,33,0.06421348372298982,2.4148127352403835e-12
weno5l,1.0,34,0.03791406022928001,2.4148127352403835e-12
weno5l,1.0,35,0.03791406022927994,2.4148127352403835e-12
weno5l,1.0,36,0.020410625055707086,2.4148127352403835e-12
weno5l,1.0,37,0.01830104967883452,2.4148127352403835e-12
weno5l,1.0,38,0.018301049678834433,2.4148127352403835e-12
weno5l,1.0,39,0.013327827665924314,2.4148127352403835e-12
weno5l,1.0,40,0.013327827665924226,2.4148127352403835e-12
weno5l,1.0,41,0.0069407315090432645,2.4148127352403835e-12
weno5l,1.0,42,0.00694073150904319,2.4148127352403835e-12
weno5l,1.0,43,1.9696597970087512e-16,2.4148127352403835e-12
weno5l,1.0,44,1.0072769181878004e-16,2.4148127352403835e-12
weno5l,1.0,45,8.87761426737957e-17,2.4148127352403835e-12
weno5l,1.0,46,4.730617254682709e-17,2.4148127352403835e-12
weno5l,1.0,47,4.399069135361486e-17,2.4148127352403835e-12
weno5l,0.9,0,1.6978416033411017,1.8095835265879518e-12
weno5l,0.9,1,1.5642728112735582,1.8095835265879518e-12
weno5l,0.9,2,1.5642728112735578,1.8095835265879518e-12
weno5l,0.9,3,1.2410628399288754,1.8095835265879518e-12
weno5l,0.9,4,1.241062839928875,1.8095835265879518e-12
weno5l,0.9,5,1.1047947791247377,1.8095835265879518e-12
weno5l,0.9,6,1.0469995535318752,1.8095835265879518e-12
weno5l,0.9,7,1.046999553531875,1.8095835265879518e-12
weno5l,0.9,8,1.0336153513814237,1.8095835265879518e-12
weno5l,0.9,9,1.0336153513814232,1.8095835265879518e-12
weno5l,0.9,10,1.0,1.8095835265879518e-12
weno5l,0.9,11,0.8912304162717815,1.8095835265879518e-12
weno5l,0.9,12,0.8912304162717809,1.8095835265879518e-12
weno5l,0.9,13,0.6392406185468077,1.8095835265879518e-12
weno5l,0.9,14,0.6236717357063423,1.8095835265879518e-12
weno5l,0.9,15,0.6236717357063423,1.8095835265879518e-12
weno5l,0.9,16,0.5380040367920694,1.8095835265879518e-12
weno5l,0.9,17,0.5380040367920692,1.8095835265879518e-12
weno5l,0.9,18,0.5274755454915199,1.8095835265879518e-12
weno5l,0.9,19,0.5274755454915189,1.8095835265879518e-12
weno5l,0.9,20,0.3182045263782889,1.8095835265879518e-12
weno5l,0.9,21,0.31820452637828883,1.8095835265879518e-12
weno5l,0.9,22,0.2720232705047034,1.8095835265879518e-12
weno5l,0.9,23,0.2475695752601368,1.8095835265879518e-12
weno5l,0.9,24,0.24756957526013654,1.8095835265879518e-12
weno5l,0.9,25,0.18336753405961703,1.8095835265879518e-12
weno5l,0.9,26,0.18336753405961703,1.8095835265879518e-12
weno5l,0.9,27,0.0962039376979317,1.8095835265879518e-12
weno5l,0.9,28,0.0962039376979317,1.8095835265879518e-12
weno5l,0.9,29,0.05724227494360184,1.8095835265879518e-12
weno5l,0.9,30,0.054794384811344,1.8095835265879518e-12
weno5l,0.9,31,0.05479438481134396,1.8095835265879518e-12
weno5l,0.9,32,0.045650503135475806,1.8095835265879518e-12
weno5l,0.9,33,0.04565050313547578,1.8095835265879518e-12
weno5l,0.9,34,0.027159606888581194,1.8095835265879518e-12
weno5l,0.9,35,0.02715960688858112,1.8095835265879518e-12
weno5l,0.9,36,0.012968932761554915,1.8095835265879518e-12
weno5l,0.9,37,0.01165836670086109,1.8095835265879518e-12
weno5l,0.9,38,0.01165836670086103,1.8095835265879518e-12
weno5l,0.9,39,0.008534152437848623,1.8095835265879518e-12
weno5l,0.9,40,0.00853415243784857,1.8095835265879518e-12
weno5l,0.9,41,0.004467752299768299,1.8095835265879518e-12
weno5l,0.9,42,0.0044677522997682495,1.8095835265879518e-12
weno5l,0.9,43,1.6284635602359506e-16,1.8095835265879518e-12
weno5l,0.9,44,9.88208406052591e-17,1.8095835265879518e-12
weno5l,0.9,45,6.559176507631394e-17,1.8095835265879518e-12
weno5l,0.9,46,4.029696293761534e-17,1.8095835265879518e-12
weno5l,0.9,47,9.212103209939897e-18,1.8095835265879518e-12
weno5l,0.5,0,0.9999999999999998,1.06581410364015e-12
weno5l,0.5,1,0.9967619126887888,1.06581410364015e-12
weno5l,0.5,2,0.9967619126887881,1.06581410364015e-12
weno5l,0.5,3,0.9859711094363652,1.06581410364015e-12
weno5l,0.5,4,0.9859711094363652,1.06581410364015e-12
weno5l,0.5,5,0.9679255048255484,1.06581410364015e-12
weno5l,0.5,6,0.9679255048255483,1.06581410364015e-12
weno5l,0.5,7,0.9564471306442995,1.06581410364015e-12
weno5l,0.5,8,0.5930746337036386,1.06581410364015e-12
weno5l,0.5,9,0.5354812742742874,1.06581410364015e-12
weno5l,0.5,10,0.5354812742742874,1.06581410364015e-12
weno5l,0.5,11,0.39126284210567747,1.06581410364015e-12
weno5l,0.5,12,0.39126284210567674,1.06581410364015e-12
weno5l,0.5,13,0.21658210467613323,1.06581410364015e-12
weno5l,0.5,14,0.20392794615024185,1.06581410364015e-12
weno5l,0.5,15,0.2039279461502418,1.06581410364015e-12
weno5l,0.5,16,0.20325750190787673,1.06581410364015e-12
weno5l,0.5,17,0.2032575019078767,1.06581410364015e-12
weno5l,0.5,18,0.16382393948240553,1.06581410364015e-12
weno5l,0.5,19,0.16382393948240548,1.06581410364015e-12
weno5l,0.5,20,0.0934193786654154,1.06581410364015e-12
weno5l,0.5,21,0.09341937866541536,1.06581410364015e-12
weno5l,0.5,22,0.055279956368979345,1.06581410364015e-12
weno5l,0.5,23,0.049972632629365375,1.06581410364015e-12
weno5l,0.5,24,0.04997263262936533,1.06581410364015e-12
weno5l,0.5,25,0.036002155171212184,1.06581410364015e-12
weno5l,0.5,26,0.03600215517121211,1.06581410364015e-12
weno5l,0.5,27,0.018084335088932233,1.06581410364015e-12
weno5l,0.5,28,0.018084335088932205,1.06581410364015e-12
weno5l,0.5,29,0.006790020379654971,1.06581410364015e-12
weno5l,0.5,30,0.00641623360002328,1.06581410364015e-12
weno5l,0.5,31,0.0064162336000232415,1.06581410364015e-12
weno5l,0.5,32,0.005244896536915166,1.06581410364015e-12
weno5l,0.5,33,0.00524489653691514,1.06581410364015e-12
weno5l,0.5,34,0.0031042347322792693,1.06581410364015e-12
weno5l,0.5,35,0.0031042347322792108,1.06581410364015e-12
weno5l,0.5,36,0.0007783072853372388,1.06581410364015e-12
weno5l,0.5,37,0.0007065178752235864,1.06581410364015e-12
weno5l,0.5,38,0.0007065178752235805,1.06581410364015e-12
weno5l,0.5,39,0.0005280007674085388,1.06581410364015e-12
weno5l,0.5,40,0.0005280007674085211,1.06581410364015e-12
weno5l,0.5,41,0.00028252272087575796,1.06581410364015e-12
weno5l,0.5,42,0.00028252272087569323,1.06581410364015e-12
weno5l,0.5,43,1.401652515402426e-16,1.06581410364015e-12
weno5l,0.5,44,7.510733745248489e-17,1.06581410364015e-12
weno5l,0.5,45,6.239755444177346e-17,1.06581410364015e-12
weno5l,0.5,46,4.3309101664162166e-17,1.06581410364015e-12
weno5l,0.5,47,3.82628028757648e-17,1.06581410364015e-12
weno5l,0.1,0,0.9999999999999997,1.0658141036401499e-12
weno5l,0.1,1,0.9979785437310483,1.0658141036401499e-12
weno5l,0.1,2,0.9979785437310483,1.0658141036401499e-12
weno5l,0.1,3,0.9928047850487229,1.0658141036401499e-12
weno5l,0.1,4,0.9928047850487227,1.0658141036401499e-12
weno5l,0.1,5,0.9871952037421062,1.0658141036401499e-12
weno5l,0.1,6,0.987195203742106,1.0658141036401499e-12
weno5l,0.1,7,0.9847371672185313,1.0658141036401499e-12
weno5l,0.1,8,0.12489845826622689,1.0658141036401499e-12
weno5l,0.1,9,0.11356528121885145,1.0658141036401499e-12
weno5l,0.1,10,0.11356528121885144,1.0658141036401499e-12
weno5l,0.1,11,0.0835289740666123,1.0658141036401499e-12
weno5l,0.1,12,0.0835289740666122,1.0658141036401499e-12
weno5l,0.1,13,0.04335002837316089,1.0658141036401499e-12
weno5l,0.1,14,0.04335002837316082,1.0658141036401499e-12
weno5l,0.1,15,0.008634249980507802,1.0658141036401499e-12
weno5l,0.1,16,0.008227521747017656,1.0658141036401499e-12
weno5l,0.1,17,0.00822752174701764,1.0658141036401499e-12
weno5l,0.1,18,0.006780528432941826,1.0658141036401499e-12
weno5l,0.1,19,0.006780528432941772,1.0658141036401499e-12
weno5l,0.1,20,0.0039501752890472325,1.0658141036401499e-12
weno5l,0.1,21,0.003950175289047194,1.0658141036401499e-12
weno5l,0.1,22,0.00044707650425629517,1.0658141036401499e-12
weno5l,0.1,23,0.00040501490925828545,1.0658141036401499e-12
weno5l,0.1,24,0.00040501490925824816,1.0658141036401499e-12
weno5l,0.1,25,0.0002932028223452443,1.0658141036401499e-12
weno5l,0.1,26,0.0002932028223452073,1.0658141036401499e-12
weno5l,0.1,27,0.00014794905646771823,1.0658141036401499e-12
weno5l,0.1,28,0.0001479490564676504,1.0658141036401499e-12
weno5l,0.1,29,1.1306066448134062e-05,1.0658141036401499e-12
weno5l,0.1,30,1.0513322702921348e-05,1.0658141036401499e-12
weno5l,0.1,31,1.0513322702904953e-05,1.0658141036401499e-12
weno5l,0.1,32,8.301735161826733e-06,1.0658141036401499e-12
weno5l,0.1,33,8.301735161792005e-06,1.0658141036401499e-12
weno5l,0.1,34,4.757758203825203e-06,1.0658141036401499e-12
weno5l,0.1,35,4.757758203795691e-06,1.0658141036401499e-12
weno5l,0.1,36,2.1909742924126075e-07,1.0658141036401499e-12
weno5l,0.1,37,1.9976517991103256e-07,1.0658141036401499e-12
weno5l,0.1,38,1.9976517990054082e-07,1.0658141036401499e-12
weno5l,0.1,39,1.508545807795827e-07,1.0658141036401499e-12
weno5l,0.1,40,1.5085458076861378e-07,1.0658141036401499e-12
weno5l,0.1,41,8.176997833820358e-08,1.0658141036401499e-12
weno5l,0.1,42,8.176997833586648e-08,1.0658141036401499e-12
weno5l,0.1,43,6.614877660339165e-17,1.0658141036401499e-12
weno5l,0.1,44,4.1195116349532806e-17,1.0658141036401499e-12
weno5l,0.1,45,2.2732384628845872e-17,1.0658141036401499e-12
weno5l,0.1,46,6.371171660808909e-18,1.0658141036401499e-12
weno5l,0.1,47,3.5310623374185626e-18,1.0658141036401499e-12
weno5l,0.05,0,0.9999999999999998,1.06581410364015e-12
weno5l,0.05,1,0.9988912837136441,1.06581410364015e-12
weno5l,0.05,2,0.9988912837136439,1.06581410364015e-12
weno5l,0.05,3,0.9961399289341638,1.06581410364015e-12
weno5l,0.05,4,0.9961399289341634,1.06581410364015e-12
weno5l,0.05,5,0.9932805985262478,1.06581410364015e-12
weno5l,0.05,6,0.9932805985262477,1.06581410364015e-12
weno5l,0.05,7,0.9920638648605021,1.06581410364015e-12
weno5l,0.05,8,0.06347801422988625,1.06581410364015e-12
weno5l,0.05,9,0.057778985324100446,1.06581410364015e-12
weno5l,0.05,10,0.057778985324100446,1.06581410364015e-12
weno5l,0.05,11,0.04259384316338011,1.06581410364015e-12
weno5l,0.05,12,0.04259384316338008,1.06581410364015e-12
weno5l,0.05,13,0.02214769933905759,1.06581410364015e-12
weno5l,0.05,14,0.022147699339057587,1.06581410364015e-12
weno5l,0.05,15,0.0021866026843118235,1.06581410364015e-12
weno5l,0.05,16,0.0020848959151699886,1.06581410364015e-12
weno5l,0.05,17,0.002084895915169944,1.06581410364015e-12
weno5l,0.05,18,0.0017199204610283255,1.06581410364015e-12
weno5l,0.05,19,0.0017199204610283017,1.06581410364015e-12
weno5l,0.05,20,0.0010023725260246519,1.06581410364015e-12
weno5l,0.05,21,0.0010023725260246469,1.06581410364015e-12
weno5l,0.05,22,5.5896403389504195e-05,1.06581410364015e-12
weno5l,0.05,23,5.070322092774259e-05,1.06581410364015e-12
weno5l,0.05,24,5.0703220927734344e-05,1.06581410364015e-12
weno5l,0.05,25,3.6823303631718465e-05,1.06581410364015e-12
weno5l,0.05,26,3.682330363167664e-05,1.06581410364015e-12
weno5l,0.05,27,1.864207959594816e-05,1.06581410364015e-12
weno5l,0.05,28,1.8642079595929032e-05,1.06581410364015e-12
weno5l,0.05,29,7.02930228570057e-07,1.06581410364015e-12
weno5l,0.05,30,6.523838123824895e-07,1.06581410364015e-12
weno5l,0.05,31,6.523838123323697e-07,1.06581410364015e-12
weno5l,0.05,32,5.129560232250915e-07,1.06581410364015e-12
weno5l,0.05,33,5.129560232036031e-07,1.06581410364015e-12
weno5l,0.05,34,2.927905305836763e-07,1.06581410364015e-12
weno5l,0.05,35,2.9279053056865285e-07,1.06581410364015e-12
weno5l,0.05,36,6.633669457092032e-09,1.06581410364015e-12
weno5l,0.05,37,6.049695985491172e-09,1.06581410364015e-12
weno5l,0.05,38,6.049695960291285e-09,1.06581410364015e-12
weno5l,0.05,39,4.571215702772543e-09,1.06581410364015e-12
weno5l,0.05,40,4.571215694174504e-09,1.06581410364015e-12
weno5l,0.05,41,2.4800366003106152e-09,1.06581410364015e-12
weno5l,0.05,42,2.4800365689404406e-09,1.06581410364015e-12
weno5l,0.05,43,5.890932660915552e-17,1.06581410364015e-12
weno5l,0.05,44,4.80592661135655e-17,1.06581410364015e-12
weno5l,0.05,45,4.0329481886001344e-17,1.06581410364015e-12
weno5l,0.05,46,1.6249640363058874e-17,1.06581410364015e-12
weno5l,0.05,47,2.175040235350651e-18,1.06581410364015e-12
weno5l,0.01,0,0.9999999999999998,1.06581410364015e-12
weno5l,0.01,1,0.9997606525694333,1.06581410364015e-12
weno5l,0.01,2,0.9997606525694333,1.06581410364015e-12
weno5l,0.01,3,0.9991798192144619,1.06581410364015e-12
weno5l,0.01,4,0.9991798192144619,1.06581410364015e-12
weno5l,0.01,5,0.9985947292318673,1.06581410364015e-12
weno5l,0.01,6,0.9985947292318671,1.06581410364015e-12
weno5l,0.01,7,0.9983511251136554,1.06581410364015e-12
weno5l,0.01,8,0.01288175806174706,1.06581410364015e-12
weno5l,0.01,9,0.011735355481711385,1.06581410364015e-12
weno5l,0.01,10,0.011735355481711372,1.06581410364015e-12
weno5l,0.01,11,0.00866832008941519,1.06581410364015e-12
weno5l,0.01,12,0.008668320089415177,1.06581410364015e-12
weno5l,0.01,13,0.004515639868098457,1.06581410364015e-12
weno5l,0.01,14,0.004515639868098427,1.06581410364015e-12
weno5l,0.01,15,8.854079424107051e-05,1.06581410364015e-12
weno5l,0.01,16,8.445147524888343e-05,1.06581410364015e-12
weno5l,0.01,17,8.445147524885642e-05,1.06581410364015e-12
weno5l,0.01,18,6.969708619504635e-05,1.06581410364015e-12
weno5l,0.01,19,6.969708619502766e-05,1.06581410364015e-12
weno5l,0.01,20,4.061762122024029e-05,1.06581410364015e-12
weno5l,0.01,21,4.061762122023593e-05,1.06581410364015e-12
weno5l,0.01,22,4.472202449460738e-07,1.06581410364015e-12
weno5l,0.01,23,4.0613922630070083e-07,1.06581410364015e-12
weno5l,0.01,24,4.061392262743847e-07,1.06581410364015e-12
weno5l,0.01,25,2.958003301880363e-07,1.06581410364015e-12
weno5l,0.01,26,2.958003301634515e-07,1.06581410364015e-12
weno5l,0.01,27,1.501880127547859e-07,1.06581410364015e-12
weno5l,0.01,28,1.501880127209157e-07,1.06581410364015e-12
weno5l,0.01,29,1.1183119393323383e-09,1.06581410364015e-12
weno5l,0.01,30,1.0363185754648502e-09,1.06581410364015e-12
weno5l,0.01,31,1.0363185387493136e-09,1.06581410364015e-12
weno5l,0.01,32,8.121049851005172e-10,1.06581410364015e-12
weno5l,0.01,33,8.121049585054582e-10,1.06581410364015e-12
weno5l,0.01,34,4.620784728819388e-10,1.06581410364015e-12
weno5l,0.01,35,4.620784488237729e-10,1.06581410364015e-12
weno5l,0.01,36,2.0651323378313996e-12,1.06581410364015e-12
weno5l,0.01,37,1.883611877875996e-12,1.06581410364015e-12
weno5l,0.01,38,1.8835818420903994e-12,1.06581410364015e-12
weno5l,0.01,39,1.4238456186473467e-12,1.06581410364015e-12
weno5l,0.01,40,1.4238341849839987e-12,1.06581410364015e-12
weno5l,0.01,41,7.729846804644654e-13,1.06581410364015e-12
weno5l,0.01,42,7.729619808193174e-13,1.06581410364015e-12
weno5l,0.01,43,6.397113566257051e-17,1.06581410364015e-12
weno5l,0.01,44,4.015092927181039e-17,1.06581410364015e-12
weno5l,0.01,45,2.6693018657587004e-17,1.06581410364015e-12
weno5l,0.01,46,1.2032549373738575e-17,1.06581410364015e-12
weno5l,0.01,47,6.106040755830818e-18,1.06581410364015e-12
weno5l,0.001,0,1.0,1.0658141036401503e-12
weno5l,0.001,1,0.9999756401869171,1.0658141036401503e-12
weno5l,0.001,2,0.9999756401869166,1.0658141036401503e-12
weno5l,0.001,3,0.9999168004388963,1.0658141036401503e-12
weno5l,0.001,4,0.9999168004388961,1.0658141036401503e-12
weno5l,0.001,5,0.9998579183082938,1.0658141036401503e-12
weno5l,0.001,6,0.9998579183082936,1.0658141036401503e-12
weno5l,0.001,7,0.9998335161126235,1.0658141036401503e-12
weno5l,0.001,8,0.0012926416575383133,1.0658141036401503e-12
weno5l,0.001,9,0.0011778375778738767,1.0658141036401503e-12
weno5l,0.001,10,0.001177837577873856,1.0658141036401503e-12
weno5l,0.001,11,0.0008704194961596942,1.0658141036401503e-12
weno5l,0.001,12,0.0008704194961596592,1.0658141036401503e-12
weno5l,0.001,13,0.00045364078551786733,1.0658141036401503e-12
weno5l,0.001,14,0.00045364078551781773,1.0658141036401503e-12
weno5l,0.001,15,8.880405630537002e-07,1.0658141036401503e-12
weno5l,0.001,16,8.470767734172759e-07,1.0658141036401503e-12
weno5l,0.001,17,8.470767733985982e-07,1.0658141036401503e-12
weno5l,0.001,18,6.991229862719892e-07,1.0658141036401503e-12
weno5l,0.001,19,6.991229862429824e-07,1.0658141036401503e-12
weno5l,0.001,20,4.074097898842389e-07,1.0658141036401503e-12
weno5l,0.001,21,4.0740978987026716e-07,1.0658141036401503e-12
weno5l,0.001,22,4.4722477316161694e-10,1.0658141036401503e-12
weno5l,0.001,23,4.0625420668965597e-10,1.0658141036401503e-12
weno5l,0.001,24,4.062541849464151e-10,1.0658141036401503e-12
weno5l,0.001,25,2.9608284393769835e-10,1.0658141036401503e-12
weno5l,0.001,26,2.9608282575190454e-10,1.0658141036401503e-12
weno5l,0.001,27,1.5043458150944174e-10,1.0658141036401503e-12
weno5l,0.001,28,1.5043455930015902e-10,1.0658141036401503e-12
weno5l,0.001,29,1.116927836453817e-13,1.0658141036401503e-12
weno5l,0.001,30,1.0347107079431629e-13,1.0658141036401503e-12
weno5l,0.001,31,1.0345461201085245e-13,1.0658141036401503e-12
weno5l,0.001,32,8.100547593722157e-14,1.0658141036401503e-12
weno5l,0.001,33,8.10015260764922e-14,1.0658141036401503e-12
weno5l,0.001,34,4.608289330004832e-14,1.0658141036401503e-12
weno5l,0.001,35,4.606989718297941e-14,1.0658141036401503e-12
weno5l,0.001,36,1.0210534182879278e-16,1.0658141036401503e-12
weno5l,0.001,37,7.744635366796343e-17,1.0658141036401503e-12
weno5l,0.001,38,7.413912426308251e-17,1.0658141036401503e-12
weno5l,0.001,39,6.53976305002882e-17,1.0658141036401503e-12
weno5l,0.001,40,5.711486452299906e-17,1.0658141036401503e-12
weno5l,0.001,41,4.967543597406672e-17,1.0658141036401503e-12
weno5l,0.001,42,4.037887667789535e-17,1.0658141036401503e-12
weno5l,0.001,43,3.661216908357721e-17,1.0658141036401503e-12
weno5l,0.001,44,3.403934308552583e-17,1.0658141036401503e-12
weno5l,0.001,45,2.3915366410468635e-17,1.0658141036401503e-12
weno5l,0.001,46,1.259772222860555e-17,1.0658141036401503e-12
weno5l,0.001,47,8.461246406782677e-18,1.0658141036401503e-12
